nohup: ignoring input
Not using distributed mode
Namespace(auto_resume=True, batch_size=256, clip_grad=None, color_jitter=0.0, data_path='/private/workspace/cyt/bone_age_assessment/data/RSNA/all', device='cuda', dist_on_itp=False, dist_url='env://', distributed=False, drop_path=0.0, epochs=400, imagenet_default_mean_and_std=True, input_size=224, local_rank=-1, log_dir=None, lr=0.00015, mask_ratio=0.75, min_lr=1e-05, model='pretrain_mae_base_patch16_224', momentum=0.9, normlize_target=True, num_workers=10, opt='adamw', opt_betas=[0.9, 0.95], opt_eps=1e-08, output_dir='output/pretrain_mae_base_patch16_224', pin_mem=True, resume='', save_ckpt_freq=1, seed=0, start_epoch=0, train_interpolation='bicubic', warmup_epochs=10, warmup_lr=1e-06, warmup_steps=-1, weight_decay=0.05, weight_decay_end=None, world_size=1)
Creating model: pretrain_mae_base_patch16_224
Patch size = (16, 16)
Data Aug = (DataAugmentationForBEiT,
  transform = Compose(
    RandomResizedCrop(size=(224, 224), scale=(0.08, 1.0), ratio=(0.75, 1.3333), interpolation=bilinear, antialias=True)
    ToTensor()
    Normalize(mean=tensor([0.4850, 0.4560, 0.4060]), std=tensor([0.2290, 0.2240, 0.2250]))
),
  Masked position generator = Maks: total patches 196, mask patches 147,
)
Sampler_train = <torch.utils.data.distributed.DistributedSampler object at 0x7fc7d1c73490>
Model = PretrainVisionTransformer(
  (encoder): PretrainVisionTransformerEncoder(
    (patch_embed): PatchEmbed(
      (proj): Conv2d(3, 768, kernel_size=(16, 16), stride=(16, 16))
    )
    (blocks): ModuleList(
      (0-11): 12 x Block(
        (norm1): LayerNorm((768,), eps=1e-06, elementwise_affine=True)
        (attn): Attention(
          (qkv): Linear(in_features=768, out_features=2304, bias=False)
          (attn_drop): Dropout(p=0.0, inplace=False)
          (proj): Linear(in_features=768, out_features=768, bias=True)
          (proj_drop): Dropout(p=0.0, inplace=False)
        )
        (drop_path): Identity()
        (norm2): LayerNorm((768,), eps=1e-06, elementwise_affine=True)
        (mlp): Mlp(
          (fc1): Linear(in_features=768, out_features=3072, bias=True)
          (act): GELU(approximate='none')
          (fc2): Linear(in_features=3072, out_features=768, bias=True)
          (drop): Dropout(p=0.0, inplace=False)
        )
      )
    )
    (norm): LayerNorm((768,), eps=1e-06, elementwise_affine=True)
    (head): Identity()
  )
  (decoder): PretrainVisionTransformerDecoder(
    (blocks): ModuleList(
      (0-3): 4 x Block(
        (norm1): LayerNorm((384,), eps=1e-06, elementwise_affine=True)
        (attn): Attention(
          (qkv): Linear(in_features=384, out_features=1152, bias=False)
          (attn_drop): Dropout(p=0.0, inplace=False)
          (proj): Linear(in_features=384, out_features=384, bias=True)
          (proj_drop): Dropout(p=0.0, inplace=False)
        )
        (drop_path): Identity()
        (norm2): LayerNorm((384,), eps=1e-06, elementwise_affine=True)
        (mlp): Mlp(
          (fc1): Linear(in_features=384, out_features=1536, bias=True)
          (act): GELU(approximate='none')
          (fc2): Linear(in_features=1536, out_features=384, bias=True)
          (drop): Dropout(p=0.0, inplace=False)
        )
      )
    )
    (norm): LayerNorm((384,), eps=1e-06, elementwise_affine=True)
    (head): Linear(in_features=384, out_features=768, bias=True)
  )
  (encoder_to_decoder): Linear(in_features=768, out_features=384, bias=False)
)
number of params: 93.32544 M
LR = 0.00015000
Batch size = 256
Number of training steps = 55
Number of training examples per epoch = 14080
Param groups = {
  "no_decay": {
    "weight_decay": 0.0,
    "params": [
      "mask_token",
      "encoder.patch_embed.proj.bias",
      "encoder.blocks.0.norm1.weight",
      "encoder.blocks.0.norm1.bias",
      "encoder.blocks.0.attn.q_bias",
      "encoder.blocks.0.attn.v_bias",
      "encoder.blocks.0.attn.proj.bias",
      "encoder.blocks.0.norm2.weight",
      "encoder.blocks.0.norm2.bias",
      "encoder.blocks.0.mlp.fc1.bias",
      "encoder.blocks.0.mlp.fc2.bias",
      "encoder.blocks.1.norm1.weight",
      "encoder.blocks.1.norm1.bias",
      "encoder.blocks.1.attn.q_bias",
      "encoder.blocks.1.attn.v_bias",
      "encoder.blocks.1.attn.proj.bias",
      "encoder.blocks.1.norm2.weight",
      "encoder.blocks.1.norm2.bias",
      "encoder.blocks.1.mlp.fc1.bias",
      "encoder.blocks.1.mlp.fc2.bias",
      "encoder.blocks.2.norm1.weight",
      "encoder.blocks.2.norm1.bias",
      "encoder.blocks.2.attn.q_bias",
      "encoder.blocks.2.attn.v_bias",
      "encoder.blocks.2.attn.proj.bias",
      "encoder.blocks.2.norm2.weight",
      "encoder.blocks.2.norm2.bias",
      "encoder.blocks.2.mlp.fc1.bias",
      "encoder.blocks.2.mlp.fc2.bias",
      "encoder.blocks.3.norm1.weight",
      "encoder.blocks.3.norm1.bias",
      "encoder.blocks.3.attn.q_bias",
      "encoder.blocks.3.attn.v_bias",
      "encoder.blocks.3.attn.proj.bias",
      "encoder.blocks.3.norm2.weight",
      "encoder.blocks.3.norm2.bias",
      "encoder.blocks.3.mlp.fc1.bias",
      "encoder.blocks.3.mlp.fc2.bias",
      "encoder.blocks.4.norm1.weight",
      "encoder.blocks.4.norm1.bias",
      "encoder.blocks.4.attn.q_bias",
      "encoder.blocks.4.attn.v_bias",
      "encoder.blocks.4.attn.proj.bias",
      "encoder.blocks.4.norm2.weight",
      "encoder.blocks.4.norm2.bias",
      "encoder.blocks.4.mlp.fc1.bias",
      "encoder.blocks.4.mlp.fc2.bias",
      "encoder.blocks.5.norm1.weight",
      "encoder.blocks.5.norm1.bias",
      "encoder.blocks.5.attn.q_bias",
      "encoder.blocks.5.attn.v_bias",
      "encoder.blocks.5.attn.proj.bias",
      "encoder.blocks.5.norm2.weight",
      "encoder.blocks.5.norm2.bias",
      "encoder.blocks.5.mlp.fc1.bias",
      "encoder.blocks.5.mlp.fc2.bias",
      "encoder.blocks.6.norm1.weight",
      "encoder.blocks.6.norm1.bias",
      "encoder.blocks.6.attn.q_bias",
      "encoder.blocks.6.attn.v_bias",
      "encoder.blocks.6.attn.proj.bias",
      "encoder.blocks.6.norm2.weight",
      "encoder.blocks.6.norm2.bias",
      "encoder.blocks.6.mlp.fc1.bias",
      "encoder.blocks.6.mlp.fc2.bias",
      "encoder.blocks.7.norm1.weight",
      "encoder.blocks.7.norm1.bias",
      "encoder.blocks.7.attn.q_bias",
      "encoder.blocks.7.attn.v_bias",
      "encoder.blocks.7.attn.proj.bias",
      "encoder.blocks.7.norm2.weight",
      "encoder.blocks.7.norm2.bias",
      "encoder.blocks.7.mlp.fc1.bias",
      "encoder.blocks.7.mlp.fc2.bias",
      "encoder.blocks.8.norm1.weight",
      "encoder.blocks.8.norm1.bias",
      "encoder.blocks.8.attn.q_bias",
      "encoder.blocks.8.attn.v_bias",
      "encoder.blocks.8.attn.proj.bias",
      "encoder.blocks.8.norm2.weight",
      "encoder.blocks.8.norm2.bias",
      "encoder.blocks.8.mlp.fc1.bias",
      "encoder.blocks.8.mlp.fc2.bias",
      "encoder.blocks.9.norm1.weight",
      "encoder.blocks.9.norm1.bias",
      "encoder.blocks.9.attn.q_bias",
      "encoder.blocks.9.attn.v_bias",
      "encoder.blocks.9.attn.proj.bias",
      "encoder.blocks.9.norm2.weight",
      "encoder.blocks.9.norm2.bias",
      "encoder.blocks.9.mlp.fc1.bias",
      "encoder.blocks.9.mlp.fc2.bias",
      "encoder.blocks.10.norm1.weight",
      "encoder.blocks.10.norm1.bias",
      "encoder.blocks.10.attn.q_bias",
      "encoder.blocks.10.attn.v_bias",
      "encoder.blocks.10.attn.proj.bias",
      "encoder.blocks.10.norm2.weight",
      "encoder.blocks.10.norm2.bias",
      "encoder.blocks.10.mlp.fc1.bias",
      "encoder.blocks.10.mlp.fc2.bias",
      "encoder.blocks.11.norm1.weight",
      "encoder.blocks.11.norm1.bias",
      "encoder.blocks.11.attn.q_bias",
      "encoder.blocks.11.attn.v_bias",
      "encoder.blocks.11.attn.proj.bias",
      "encoder.blocks.11.norm2.weight",
      "encoder.blocks.11.norm2.bias",
      "encoder.blocks.11.mlp.fc1.bias",
      "encoder.blocks.11.mlp.fc2.bias",
      "encoder.norm.weight",
      "encoder.norm.bias",
      "decoder.blocks.0.norm1.weight",
      "decoder.blocks.0.norm1.bias",
      "decoder.blocks.0.attn.q_bias",
      "decoder.blocks.0.attn.v_bias",
      "decoder.blocks.0.attn.proj.bias",
      "decoder.blocks.0.norm2.weight",
      "decoder.blocks.0.norm2.bias",
      "decoder.blocks.0.mlp.fc1.bias",
      "decoder.blocks.0.mlp.fc2.bias",
      "decoder.blocks.1.norm1.weight",
      "decoder.blocks.1.norm1.bias",
      "decoder.blocks.1.attn.q_bias",
      "decoder.blocks.1.attn.v_bias",
      "decoder.blocks.1.attn.proj.bias",
      "decoder.blocks.1.norm2.weight",
      "decoder.blocks.1.norm2.bias",
      "decoder.blocks.1.mlp.fc1.bias",
      "decoder.blocks.1.mlp.fc2.bias",
      "decoder.blocks.2.norm1.weight",
      "decoder.blocks.2.norm1.bias",
      "decoder.blocks.2.attn.q_bias",
      "decoder.blocks.2.attn.v_bias",
      "decoder.blocks.2.attn.proj.bias",
      "decoder.blocks.2.norm2.weight",
      "decoder.blocks.2.norm2.bias",
      "decoder.blocks.2.mlp.fc1.bias",
      "decoder.blocks.2.mlp.fc2.bias",
      "decoder.blocks.3.norm1.weight",
      "decoder.blocks.3.norm1.bias",
      "decoder.blocks.3.attn.q_bias",
      "decoder.blocks.3.attn.v_bias",
      "decoder.blocks.3.attn.proj.bias",
      "decoder.blocks.3.norm2.weight",
      "decoder.blocks.3.norm2.bias",
      "decoder.blocks.3.mlp.fc1.bias",
      "decoder.blocks.3.mlp.fc2.bias",
      "decoder.norm.weight",
      "decoder.norm.bias",
      "decoder.head.bias"
    ],
    "lr_scale": 1.0
  },
  "decay": {
    "weight_decay": 0.05,
    "params": [
      "encoder.patch_embed.proj.weight",
      "encoder.blocks.0.attn.qkv.weight",
      "encoder.blocks.0.attn.proj.weight",
      "encoder.blocks.0.mlp.fc1.weight",
      "encoder.blocks.0.mlp.fc2.weight",
      "encoder.blocks.1.attn.qkv.weight",
      "encoder.blocks.1.attn.proj.weight",
      "encoder.blocks.1.mlp.fc1.weight",
      "encoder.blocks.1.mlp.fc2.weight",
      "encoder.blocks.2.attn.qkv.weight",
      "encoder.blocks.2.attn.proj.weight",
      "encoder.blocks.2.mlp.fc1.weight",
      "encoder.blocks.2.mlp.fc2.weight",
      "encoder.blocks.3.attn.qkv.weight",
      "encoder.blocks.3.attn.proj.weight",
      "encoder.blocks.3.mlp.fc1.weight",
      "encoder.blocks.3.mlp.fc2.weight",
      "encoder.blocks.4.attn.qkv.weight",
      "encoder.blocks.4.attn.proj.weight",
      "encoder.blocks.4.mlp.fc1.weight",
      "encoder.blocks.4.mlp.fc2.weight",
      "encoder.blocks.5.attn.qkv.weight",
      "encoder.blocks.5.attn.proj.weight",
      "encoder.blocks.5.mlp.fc1.weight",
      "encoder.blocks.5.mlp.fc2.weight",
      "encoder.blocks.6.attn.qkv.weight",
      "encoder.blocks.6.attn.proj.weight",
      "encoder.blocks.6.mlp.fc1.weight",
      "encoder.blocks.6.mlp.fc2.weight",
      "encoder.blocks.7.attn.qkv.weight",
      "encoder.blocks.7.attn.proj.weight",
      "encoder.blocks.7.mlp.fc1.weight",
      "encoder.blocks.7.mlp.fc2.weight",
      "encoder.blocks.8.attn.qkv.weight",
      "encoder.blocks.8.attn.proj.weight",
      "encoder.blocks.8.mlp.fc1.weight",
      "encoder.blocks.8.mlp.fc2.weight",
      "encoder.blocks.9.attn.qkv.weight",
      "encoder.blocks.9.attn.proj.weight",
      "encoder.blocks.9.mlp.fc1.weight",
      "encoder.blocks.9.mlp.fc2.weight",
      "encoder.blocks.10.attn.qkv.weight",
      "encoder.blocks.10.attn.proj.weight",
      "encoder.blocks.10.mlp.fc1.weight",
      "encoder.blocks.10.mlp.fc2.weight",
      "encoder.blocks.11.attn.qkv.weight",
      "encoder.blocks.11.attn.proj.weight",
      "encoder.blocks.11.mlp.fc1.weight",
      "encoder.blocks.11.mlp.fc2.weight",
      "decoder.blocks.0.attn.qkv.weight",
      "decoder.blocks.0.attn.proj.weight",
      "decoder.blocks.0.mlp.fc1.weight",
      "decoder.blocks.0.mlp.fc2.weight",
      "decoder.blocks.1.attn.qkv.weight",
      "decoder.blocks.1.attn.proj.weight",
      "decoder.blocks.1.mlp.fc1.weight",
      "decoder.blocks.1.mlp.fc2.weight",
      "decoder.blocks.2.attn.qkv.weight",
      "decoder.blocks.2.attn.proj.weight",
      "decoder.blocks.2.mlp.fc1.weight",
      "decoder.blocks.2.mlp.fc2.weight",
      "decoder.blocks.3.attn.qkv.weight",
      "decoder.blocks.3.attn.proj.weight",
      "decoder.blocks.3.mlp.fc1.weight",
      "decoder.blocks.3.mlp.fc2.weight",
      "decoder.head.weight",
      "encoder_to_decoder.weight"
    ],
    "lr_scale": 1.0
  }
}
optimizer settings: {'lr': 0.00015, 'weight_decay': 0.0, 'eps': 1e-08, 'betas': [0.9, 0.95]}
Use step level LR & WD scheduler!
Set warmup steps = 550
Set warmup steps = 0
Max WD = 0.0500000, Min WD = 0.0500000
Auto resume checkpoint: output/pretrain_mae_base_patch16_224/checkpoint-3.pth
Resume checkpoint output/pretrain_mae_base_patch16_224/checkpoint-3.pth
With optim & sched!
Start training for 400 epochs
/private/workspace/cyt/bone_age_assessment/MAE-pytorch/utils.py:345: FutureWarning: `torch.cuda.amp.GradScaler(args...)` is deprecated. Please use `torch.amp.GradScaler('cuda', args...)` instead.
  self._scaler = torch.cuda.amp.GradScaler()
/private/workspace/cyt/bone_age_assessment/MAE-pytorch/utils.py:451: FutureWarning: You are using `torch.load` with `weights_only=False` (the current default value), which uses the default pickle module implicitly. It is possible to construct malicious pickle data which will execute arbitrary code during unpickling (See https://github.com/pytorch/pytorch/blob/main/SECURITY.md#untrusted-models for more details). In a future release, the default value for `weights_only` will be flipped to `True`. This limits the functions that could be executed during unpickling. Arbitrary objects will no longer be allowed to be loaded via this mode unless they are explicitly allowlisted by the user via `torch.serialization.add_safe_globals`. We recommend you start setting `weights_only=True` for any use case where you don't have full control of the loaded file. Please open an issue on GitHub for any issues related to this experimental feature.
  checkpoint = torch.load(args.resume, map_location='cpu')
Epoch: [4]  [ 0/55]  eta: 0:09:42  lr: 0.000060  min_lr: 0.000060  loss: 0.9602 (0.9602)  loss_scale: 65536.0000 (65536.0000)  weight_decay: 0.0500 (0.0500)  grad_norm: 0.0758 (0.0758)  time: 10.5865  data: 8.3438  max mem: 11156
Epoch: [4]  [10/55]  eta: 0:01:08  lr: 0.000063  min_lr: 0.000063  loss: 0.9622 (0.9628)  loss_scale: 65536.0000 (65536.0000)  weight_decay: 0.0500 (0.0500)  grad_norm: 0.0746 (0.0756)  time: 1.5167  data: 0.9379  max mem: 11582
Epoch: [4]  [20/55]  eta: 0:00:40  lr: 0.000066  min_lr: 0.000066  loss: 0.9622 (0.9621)  loss_scale: 65536.0000 (65536.0000)  weight_decay: 0.0500 (0.0500)  grad_norm: 0.0729 (0.0768)  time: 0.6977  data: 0.3076  max mem: 11582
Epoch: [4]  [30/55]  eta: 0:00:26  lr: 0.000068  min_lr: 0.000068  loss: 0.9586 (0.9610)  loss_scale: 65536.0000 (65536.0000)  weight_decay: 0.0500 (0.0500)  grad_norm: 0.0751 (0.0820)  time: 0.7900  data: 0.4247  max mem: 11582
Epoch: [4]  [40/55]  eta: 0:00:14  lr: 0.000071  min_lr: 0.000071  loss: 0.9563 (0.9597)  loss_scale: 65536.0000 (65536.0000)  weight_decay: 0.0500 (0.0500)  grad_norm: 0.0791 (0.0873)  time: 0.8222  data: 0.4526  max mem: 11582
Epoch: [4]  [50/55]  eta: 0:00:04  lr: 0.000074  min_lr: 0.000074  loss: 0.9551 (0.9580)  loss_scale: 65536.0000 (65536.0000)  weight_decay: 0.0500 (0.0500)  grad_norm: 0.1222 (0.1022)  time: 0.8072  data: 0.4475  max mem: 11582
Epoch: [4]  [54/55]  eta: 0:00:00  lr: 0.000075  min_lr: 0.000075  loss: 0.9513 (0.9574)  loss_scale: 65536.0000 (65536.0000)  weight_decay: 0.0500 (0.0500)  grad_norm: 0.1254 (0.1038)  time: 0.7557  data: 0.4079  max mem: 11582
Epoch: [4] Total time: 0:00:50 (0.9240 s / it)
Averaged stats: lr: 0.000075  min_lr: 0.000075  loss: 0.9513 (0.9574)  loss_scale: 65536.0000 (65536.0000)  weight_decay: 0.0500 (0.0500)  grad_norm: 0.1254 (0.1038)
/private/workspace/cyt/bone_age_assessment/MAE-pytorch/engine_for_pretraining.py:65: FutureWarning: `torch.cuda.amp.autocast(args...)` is deprecated. Please use `torch.amp.autocast('cuda', args...)` instead.
  with torch.cuda.amp.autocast():
Epoch: [5]  [ 0/55]  eta: 0:07:23  lr: 0.000075  min_lr: 0.000075  loss: 0.9475 (0.9475)  loss_scale: 65536.0000 (65536.0000)  weight_decay: 0.0500 (0.0500)  grad_norm: 0.1240 (0.1240)  time: 8.0714  data: 7.7028  max mem: 11582
Epoch: [5]  [10/55]  eta: 0:01:04  lr: 0.000078  min_lr: 0.000078  loss: 0.9458 (0.9469)  loss_scale: 65536.0000 (65536.0000)  weight_decay: 0.0500 (0.0500)  grad_norm: 0.1953 (0.1972)  time: 1.4351  data: 1.0740  max mem: 11582
Epoch: [5]  [20/55]  eta: 0:00:40  lr: 0.000081  min_lr: 0.000081  loss: 0.9450 (0.9447)  loss_scale: 65536.0000 (65536.0000)  weight_decay: 0.0500 (0.0500)  grad_norm: 0.1783 (0.1966)  time: 0.8078  data: 0.4224  max mem: 11582
Epoch: [5]  [30/55]  eta: 0:00:25  lr: 0.000083  min_lr: 0.000083  loss: 0.9380 (0.9413)  loss_scale: 65536.0000 (65536.0000)  weight_decay: 0.0500 (0.0500)  grad_norm: 0.1819 (0.2013)  time: 0.8150  data: 0.4311  max mem: 11582
Epoch: [5]  [40/55]  eta: 0:00:14  lr: 0.000086  min_lr: 0.000086  loss: 0.9316 (0.9385)  loss_scale: 65536.0000 (65536.0000)  weight_decay: 0.0500 (0.0500)  grad_norm: 0.2479 (0.2218)  time: 0.8077  data: 0.4463  max mem: 11582
Epoch: [5]  [50/55]  eta: 0:00:04  lr: 0.000089  min_lr: 0.000089  loss: 0.9302 (0.9365)  loss_scale: 65536.0000 (65536.0000)  weight_decay: 0.0500 (0.0500)  grad_norm: 0.2757 (0.2421)  time: 0.7998  data: 0.4395  max mem: 11582
Epoch: [5]  [54/55]  eta: 0:00:00  lr: 0.000090  min_lr: 0.000090  loss: 0.9287 (0.9358)  loss_scale: 65536.0000 (65536.0000)  weight_decay: 0.0500 (0.0500)  grad_norm: 0.2734 (0.2479)  time: 0.8017  data: 0.4451  max mem: 11582
Epoch: [5] Total time: 0:00:50 (0.9253 s / it)
Averaged stats: lr: 0.000090  min_lr: 0.000090  loss: 0.9287 (0.9358)  loss_scale: 65536.0000 (65536.0000)  weight_decay: 0.0500 (0.0500)  grad_norm: 0.2734 (0.2479)
Epoch: [6]  [ 0/55]  eta: 0:07:42  lr: 0.000090  min_lr: 0.000090  loss: 0.9194 (0.9194)  loss_scale: 65536.0000 (65536.0000)  weight_decay: 0.0500 (0.0500)  grad_norm: 0.3344 (0.3344)  time: 8.4091  data: 7.9922  max mem: 11582
Epoch: [6]  [10/55]  eta: 0:01:06  lr: 0.000093  min_lr: 0.000093  loss: 0.9194 (0.9209)  loss_scale: 65536.0000 (65536.0000)  weight_decay: 0.0500 (0.0500)  grad_norm: 0.3287 (0.3276)  time: 1.4777  data: 1.1076  max mem: 11582
Epoch: [6]  [20/55]  eta: 0:00:40  lr: 0.000096  min_lr: 0.000096  loss: 0.9186 (0.9198)  loss_scale: 65536.0000 (65536.0000)  weight_decay: 0.0500 (0.0500)  grad_norm: 0.3090 (0.3112)  time: 0.7949  data: 0.4293  max mem: 11582
Epoch: [6]  [30/55]  eta: 0:00:26  lr: 0.000098  min_lr: 0.000098  loss: 0.9164 (0.9177)  loss_scale: 65536.0000 (65536.0000)  weight_decay: 0.0500 (0.0500)  grad_norm: 0.2991 (0.3082)  time: 0.8049  data: 0.4412  max mem: 11582
Epoch: [6]  [40/55]  eta: 0:00:14  lr: 0.000101  min_lr: 0.000101  loss: 0.9147 (0.9166)  loss_scale: 65536.0000 (65536.0000)  weight_decay: 0.0500 (0.0500)  grad_norm: 0.2991 (0.3202)  time: 0.8247  data: 0.4577  max mem: 11582
Epoch: [6]  [50/55]  eta: 0:00:04  lr: 0.000104  min_lr: 0.000104  loss: 0.9100 (0.9152)  loss_scale: 65536.0000 (65536.0000)  weight_decay: 0.0500 (0.0500)  grad_norm: 0.2776 (0.3108)  time: 0.8127  data: 0.4558  max mem: 11582
Epoch: [6]  [54/55]  eta: 0:00:00  lr: 0.000105  min_lr: 0.000105  loss: 0.9091 (0.9149)  loss_scale: 65536.0000 (65536.0000)  weight_decay: 0.0500 (0.0500)  grad_norm: 0.2776 (0.3119)  time: 0.7868  data: 0.4318  max mem: 11583
Epoch: [6] Total time: 0:00:50 (0.9139 s / it)
Averaged stats: lr: 0.000105  min_lr: 0.000105  loss: 0.9091 (0.9149)  loss_scale: 65536.0000 (65536.0000)  weight_decay: 0.0500 (0.0500)  grad_norm: 0.2776 (0.3119)
Epoch: [7]  [ 0/55]  eta: 0:07:56  lr: 0.000105  min_lr: 0.000105  loss: 0.9010 (0.9010)  loss_scale: 65536.0000 (65536.0000)  weight_decay: 0.0500 (0.0500)  grad_norm: 0.4190 (0.4190)  time: 8.6666  data: 8.2698  max mem: 11583
Epoch: [7]  [10/55]  eta: 0:01:05  lr: 0.000108  min_lr: 0.000108  loss: 0.9050 (0.9059)  loss_scale: 65536.0000 (65536.0000)  weight_decay: 0.0500 (0.0500)  grad_norm: 0.3497 (0.3551)  time: 1.4594  data: 1.1005  max mem: 11583
Epoch: [7]  [20/55]  eta: 0:00:39  lr: 0.000111  min_lr: 0.000111  loss: 0.9051 (0.9050)  loss_scale: 65536.0000 (65536.0000)  weight_decay: 0.0500 (0.0500)  grad_norm: 0.3457 (0.3515)  time: 0.7522  data: 0.3975  max mem: 11583
Epoch: [7]  [30/55]  eta: 0:00:26  lr: 0.000113  min_lr: 0.000113  loss: 0.9030 (0.9040)  loss_scale: 65536.0000 (65536.0000)  weight_decay: 0.0500 (0.0500)  grad_norm: 0.3701 (0.3684)  time: 0.8230  data: 0.4558  max mem: 11583
Epoch: [7]  [40/55]  eta: 0:00:14  lr: 0.000116  min_lr: 0.000116  loss: 0.9017 (0.9036)  loss_scale: 65536.0000 (65536.0000)  weight_decay: 0.0500 (0.0500)  grad_norm: 0.3278 (0.3811)  time: 0.8450  data: 0.4708  max mem: 11583
Epoch: [7]  [50/55]  eta: 0:00:04  lr: 0.000119  min_lr: 0.000119  loss: 0.9004 (0.9027)  loss_scale: 65536.0000 (65536.0000)  weight_decay: 0.0500 (0.0500)  grad_norm: 0.3113 (0.3692)  time: 0.8076  data: 0.4468  max mem: 11583
Epoch: [7]  [54/55]  eta: 0:00:00  lr: 0.000120  min_lr: 0.000120  loss: 0.8986 (0.9023)  loss_scale: 65536.0000 (65536.0000)  weight_decay: 0.0500 (0.0500)  grad_norm: 0.3113 (0.3687)  time: 0.7862  data: 0.4329  max mem: 11583
Epoch: [7] Total time: 0:00:50 (0.9131 s / it)
Averaged stats: lr: 0.000120  min_lr: 0.000120  loss: 0.8986 (0.9023)  loss_scale: 65536.0000 (65536.0000)  weight_decay: 0.0500 (0.0500)  grad_norm: 0.3113 (0.3687)
Epoch: [8]  [ 0/55]  eta: 0:07:23  lr: 0.000120  min_lr: 0.000120  loss: 0.8896 (0.8896)  loss_scale: 65536.0000 (65536.0000)  weight_decay: 0.0500 (0.0500)  grad_norm: 0.4034 (0.4034)  time: 8.0719  data: 7.6765  max mem: 11583
Epoch: [8]  [10/55]  eta: 0:01:07  lr: 0.000123  min_lr: 0.000123  loss: 0.8957 (0.8960)  loss_scale: 65536.0000 (65536.0000)  weight_decay: 0.0500 (0.0500)  grad_norm: 0.3753 (0.3706)  time: 1.5019  data: 1.1121  max mem: 11583
Epoch: [8]  [20/55]  eta: 0:00:40  lr: 0.000126  min_lr: 0.000126  loss: 0.8944 (0.8949)  loss_scale: 65536.0000 (65536.0000)  weight_decay: 0.0500 (0.0500)  grad_norm: 0.3547 (0.3639)  time: 0.8029  data: 0.4334  max mem: 11583
Epoch: [8]  [30/55]  eta: 0:00:26  lr: 0.000128  min_lr: 0.000128  loss: 0.8931 (0.8942)  loss_scale: 65536.0000 (65536.0000)  weight_decay: 0.0500 (0.0500)  grad_norm: 0.3283 (0.3751)  time: 0.7905  data: 0.4390  max mem: 11583
Epoch: [8]  [40/55]  eta: 0:00:14  lr: 0.000131  min_lr: 0.000131  loss: 0.8899 (0.8932)  loss_scale: 65536.0000 (65536.0000)  weight_decay: 0.0500 (0.0500)  grad_norm: 0.3892 (0.3800)  time: 0.8149  data: 0.4583  max mem: 11583
Epoch: [8]  [50/55]  eta: 0:00:04  lr: 0.000134  min_lr: 0.000134  loss: 0.8884 (0.8927)  loss_scale: 65536.0000 (65536.0000)  weight_decay: 0.0500 (0.0500)  grad_norm: 0.3954 (0.3880)  time: 0.7847  data: 0.4300  max mem: 11583
Epoch: [8]  [54/55]  eta: 0:00:00  lr: 0.000135  min_lr: 0.000135  loss: 0.8895 (0.8927)  loss_scale: 65536.0000 (65536.0000)  weight_decay: 0.0500 (0.0500)  grad_norm: 0.3954 (0.3959)  time: 0.7821  data: 0.4300  max mem: 11583
Epoch: [8] Total time: 0:00:49 (0.9057 s / it)
Averaged stats: lr: 0.000135  min_lr: 0.000135  loss: 0.8895 (0.8927)  loss_scale: 65536.0000 (65536.0000)  weight_decay: 0.0500 (0.0500)  grad_norm: 0.3954 (0.3959)
Epoch: [9]  [ 0/55]  eta: 0:07:08  lr: 0.000135  min_lr: 0.000135  loss: 0.8842 (0.8842)  loss_scale: 65536.0000 (65536.0000)  weight_decay: 0.0500 (0.0500)  grad_norm: 0.2890 (0.2890)  time: 7.7931  data: 7.3806  max mem: 11583
Epoch: [9]  [10/55]  eta: 0:01:04  lr: 0.000138  min_lr: 0.000138  loss: 0.8863 (0.8885)  loss_scale: 65536.0000 (65536.0000)  weight_decay: 0.0500 (0.0500)  grad_norm: 0.4123 (0.4367)  time: 1.4354  data: 1.0700  max mem: 11583
Epoch: [9]  [20/55]  eta: 0:00:39  lr: 0.000141  min_lr: 0.000141  loss: 0.8872 (0.8872)  loss_scale: 65536.0000 (65536.0000)  weight_decay: 0.0500 (0.0500)  grad_norm: 0.3788 (0.3930)  time: 0.7857  data: 0.4263  max mem: 11583
Epoch: [9]  [30/55]  eta: 0:00:25  lr: 0.000143  min_lr: 0.000143  loss: 0.8865 (0.8864)  loss_scale: 65536.0000 (65536.0000)  weight_decay: 0.0500 (0.0500)  grad_norm: 0.3380 (0.3743)  time: 0.7919  data: 0.4305  max mem: 11583
Epoch: [9]  [40/55]  eta: 0:00:14  lr: 0.000146  min_lr: 0.000146  loss: 0.8850 (0.8859)  loss_scale: 65536.0000 (65536.0000)  weight_decay: 0.0500 (0.0500)  grad_norm: 0.3869 (0.3968)  time: 0.8360  data: 0.4669  max mem: 11583
Epoch: [9]  [50/55]  eta: 0:00:04  lr: 0.000149  min_lr: 0.000149  loss: 0.8829 (0.8847)  loss_scale: 65536.0000 (65536.0000)  weight_decay: 0.0500 (0.0500)  grad_norm: 0.4046 (0.3872)  time: 0.8145  data: 0.4533  max mem: 11583
Epoch: [9]  [54/55]  eta: 0:00:00  lr: 0.000150  min_lr: 0.000150  loss: 0.8814 (0.8847)  loss_scale: 65536.0000 (65536.0000)  weight_decay: 0.0500 (0.0500)  grad_norm: 0.4227 (0.3916)  time: 0.8079  data: 0.4480  max mem: 11583
Epoch: [9] Total time: 0:00:49 (0.9048 s / it)
Averaged stats: lr: 0.000150  min_lr: 0.000150  loss: 0.8814 (0.8847)  loss_scale: 65536.0000 (65536.0000)  weight_decay: 0.0500 (0.0500)  grad_norm: 0.4227 (0.3916)
Epoch: [10]  [ 0/55]  eta: 0:07:37  lr: 0.000150  min_lr: 0.000150  loss: 0.8736 (0.8736)  loss_scale: 65536.0000 (65536.0000)  weight_decay: 0.0500 (0.0500)  grad_norm: 0.5761 (0.5761)  time: 8.3115  data: 7.9086  max mem: 11583
Epoch: [10]  [10/55]  eta: 0:01:05  lr: 0.000150  min_lr: 0.000150  loss: 0.8786 (0.8811)  loss_scale: 65536.0000 (65536.0000)  weight_decay: 0.0500 (0.0500)  grad_norm: 0.4065 (0.4188)  time: 1.4645  data: 1.1008  max mem: 11583
Epoch: [10]  [20/55]  eta: 0:00:40  lr: 0.000150  min_lr: 0.000150  loss: 0.8785 (0.8795)  loss_scale: 65536.0000 (65536.0000)  weight_decay: 0.0500 (0.0500)  grad_norm: 0.3545 (0.3939)  time: 0.7929  data: 0.4383  max mem: 11583
Epoch: [10]  [30/55]  eta: 0:00:25  lr: 0.000150  min_lr: 0.000150  loss: 0.8777 (0.8787)  loss_scale: 65536.0000 (65536.0000)  weight_decay: 0.0500 (0.0500)  grad_norm: 0.3638 (0.3955)  time: 0.8055  data: 0.4488  max mem: 11583
Epoch: [10]  [40/55]  eta: 0:00:14  lr: 0.000150  min_lr: 0.000150  loss: 0.8771 (0.8779)  loss_scale: 65536.0000 (65536.0000)  weight_decay: 0.0500 (0.0500)  grad_norm: 0.4014 (0.4080)  time: 0.8142  data: 0.4518  max mem: 11583
Epoch: [10]  [50/55]  eta: 0:00:04  lr: 0.000150  min_lr: 0.000150  loss: 0.8736 (0.8771)  loss_scale: 65536.0000 (65536.0000)  weight_decay: 0.0500 (0.0500)  grad_norm: 0.3614 (0.3958)  time: 0.7972  data: 0.4424  max mem: 11583
Epoch: [10]  [54/55]  eta: 0:00:00  lr: 0.000150  min_lr: 0.000150  loss: 0.8726 (0.8764)  loss_scale: 65536.0000 (65536.0000)  weight_decay: 0.0500 (0.0500)  grad_norm: 0.3460 (0.3891)  time: 0.7979  data: 0.4438  max mem: 11583
Epoch: [10] Total time: 0:00:49 (0.9028 s / it)
Averaged stats: lr: 0.000150  min_lr: 0.000150  loss: 0.8726 (0.8764)  loss_scale: 65536.0000 (65536.0000)  weight_decay: 0.0500 (0.0500)  grad_norm: 0.3460 (0.3891)
Epoch: [11]  [ 0/55]  eta: 0:07:41  lr: 0.000150  min_lr: 0.000150  loss: 0.8623 (0.8623)  loss_scale: 65536.0000 (65536.0000)  weight_decay: 0.0500 (0.0500)  grad_norm: 0.2815 (0.2815)  time: 8.3826  data: 7.9991  max mem: 11583
Epoch: [11]  [10/55]  eta: 0:01:03  lr: 0.000150  min_lr: 0.000150  loss: 0.8691 (0.8694)  loss_scale: 65536.0000 (65536.0000)  weight_decay: 0.0500 (0.0500)  grad_norm: 0.3193 (0.3390)  time: 1.4212  data: 1.0650  max mem: 11583
Epoch: [11]  [20/55]  eta: 0:00:38  lr: 0.000150  min_lr: 0.000150  loss: 0.8691 (0.8692)  loss_scale: 65536.0000 (65536.0000)  weight_decay: 0.0500 (0.0500)  grad_norm: 0.3435 (0.3729)  time: 0.7405  data: 0.3881  max mem: 11583
Epoch: [11]  [30/55]  eta: 0:00:25  lr: 0.000150  min_lr: 0.000150  loss: 0.8671 (0.8682)  loss_scale: 65536.0000 (65536.0000)  weight_decay: 0.0500 (0.0500)  grad_norm: 0.3868 (0.3821)  time: 0.7938  data: 0.4327  max mem: 11583
Epoch: [11]  [40/55]  eta: 0:00:14  lr: 0.000150  min_lr: 0.000150  loss: 0.8662 (0.8675)  loss_scale: 65536.0000 (65536.0000)  weight_decay: 0.0500 (0.0500)  grad_norm: 0.3764 (0.4005)  time: 0.8046  data: 0.4431  max mem: 11583
Epoch: [11]  [50/55]  eta: 0:00:04  lr: 0.000150  min_lr: 0.000150  loss: 0.8655 (0.8670)  loss_scale: 65536.0000 (65536.0000)  weight_decay: 0.0500 (0.0500)  grad_norm: 0.3485 (0.3888)  time: 0.7987  data: 0.4463  max mem: 11583
Epoch: [11]  [54/55]  eta: 0:00:00  lr: 0.000150  min_lr: 0.000150  loss: 0.8665 (0.8671)  loss_scale: 65536.0000 (65536.0000)  weight_decay: 0.0500 (0.0500)  grad_norm: 0.3630 (0.3916)  time: 0.7963  data: 0.4462  max mem: 11583
Epoch: [11] Total time: 0:00:49 (0.9070 s / it)
Averaged stats: lr: 0.000150  min_lr: 0.000150  loss: 0.8665 (0.8671)  loss_scale: 65536.0000 (65536.0000)  weight_decay: 0.0500 (0.0500)  grad_norm: 0.3630 (0.3916)
Epoch: [12]  [ 0/55]  eta: 0:07:08  lr: 0.000150  min_lr: 0.000150  loss: 0.8577 (0.8577)  loss_scale: 65536.0000 (65536.0000)  weight_decay: 0.0500 (0.0500)  grad_norm: 0.6273 (0.6273)  time: 7.7986  data: 7.4269  max mem: 11583
Epoch: [12]  [10/55]  eta: 0:01:06  lr: 0.000150  min_lr: 0.000150  loss: 0.8592 (0.8614)  loss_scale: 65536.0000 (65536.0000)  weight_decay: 0.0500 (0.0500)  grad_norm: 0.3788 (0.3993)  time: 1.4719  data: 1.0918  max mem: 11583
Epoch: [12]  [20/55]  eta: 0:00:39  lr: 0.000150  min_lr: 0.000150  loss: 0.8614 (0.8620)  loss_scale: 65536.0000 (65536.0000)  weight_decay: 0.0500 (0.0500)  grad_norm: 0.3993 (0.4345)  time: 0.8037  data: 0.4329  max mem: 11583
Epoch: [12]  [30/55]  eta: 0:00:26  lr: 0.000150  min_lr: 0.000150  loss: 0.8626 (0.8619)  loss_scale: 65536.0000 (65536.0000)  weight_decay: 0.0500 (0.0500)  grad_norm: 0.4451 (0.4592)  time: 0.8029  data: 0.4464  max mem: 11583
Epoch: [12]  [40/55]  eta: 0:00:14  lr: 0.000150  min_lr: 0.000150  loss: 0.8565 (0.8604)  loss_scale: 65536.0000 (65536.0000)  weight_decay: 0.0500 (0.0500)  grad_norm: 0.4451 (0.4468)  time: 0.8304  data: 0.4664  max mem: 11583
Epoch: [12]  [50/55]  eta: 0:00:04  lr: 0.000150  min_lr: 0.000150  loss: 0.8546 (0.8595)  loss_scale: 65536.0000 (65536.0000)  weight_decay: 0.0500 (0.0500)  grad_norm: 0.3823 (0.4340)  time: 0.8176  data: 0.4583  max mem: 11583
Epoch: [12]  [54/55]  eta: 0:00:00  lr: 0.000150  min_lr: 0.000150  loss: 0.8546 (0.8593)  loss_scale: 65536.0000 (65536.0000)  weight_decay: 0.0500 (0.0500)  grad_norm: 0.4216 (0.4390)  time: 0.7891  data: 0.4365  max mem: 11583
Epoch: [12] Total time: 0:00:50 (0.9165 s / it)
Averaged stats: lr: 0.000150  min_lr: 0.000150  loss: 0.8546 (0.8593)  loss_scale: 65536.0000 (65536.0000)  weight_decay: 0.0500 (0.0500)  grad_norm: 0.4216 (0.4390)
Epoch: [13]  [ 0/55]  eta: 0:07:09  lr: 0.000150  min_lr: 0.000150  loss: 0.8425 (0.8425)  loss_scale: 65536.0000 (65536.0000)  weight_decay: 0.0500 (0.0500)  grad_norm: 0.5600 (0.5600)  time: 7.8076  data: 7.4128  max mem: 11583
Epoch: [13]  [10/55]  eta: 0:01:04  lr: 0.000150  min_lr: 0.000150  loss: 0.8511 (0.8531)  loss_scale: 65536.0000 (65536.0000)  weight_decay: 0.0500 (0.0500)  grad_norm: 0.4076 (0.4447)  time: 1.4396  data: 1.0785  max mem: 11583
Epoch: [13]  [20/55]  eta: 0:00:39  lr: 0.000150  min_lr: 0.000150  loss: 0.8507 (0.8516)  loss_scale: 65536.0000 (65536.0000)  weight_decay: 0.0500 (0.0500)  grad_norm: 0.4250 (0.4559)  time: 0.7863  data: 0.4283  max mem: 11583
Epoch: [13]  [30/55]  eta: 0:00:25  lr: 0.000150  min_lr: 0.000150  loss: 0.8482 (0.8505)  loss_scale: 65536.0000 (65536.0000)  weight_decay: 0.0500 (0.0500)  grad_norm: 0.4289 (0.4542)  time: 0.7758  data: 0.4285  max mem: 11583
Epoch: [13]  [40/55]  eta: 0:00:14  lr: 0.000150  min_lr: 0.000150  loss: 0.8474 (0.8502)  loss_scale: 65536.0000 (65536.0000)  weight_decay: 0.0500 (0.0500)  grad_norm: 0.4485 (0.4558)  time: 0.8149  data: 0.4664  max mem: 11583
Epoch: [13]  [50/55]  eta: 0:00:04  lr: 0.000150  min_lr: 0.000150  loss: 0.8470 (0.8498)  loss_scale: 65536.0000 (65536.0000)  weight_decay: 0.0500 (0.0500)  grad_norm: 0.4485 (0.4511)  time: 0.8119  data: 0.4549  max mem: 11583
Epoch: [13]  [54/55]  eta: 0:00:00  lr: 0.000150  min_lr: 0.000150  loss: 0.8485 (0.8499)  loss_scale: 65536.0000 (65536.0000)  weight_decay: 0.0500 (0.0500)  grad_norm: 0.4347 (0.4517)  time: 0.7746  data: 0.4225  max mem: 11583
Epoch: [13] Total time: 0:00:50 (0.9100 s / it)
Averaged stats: lr: 0.000150  min_lr: 0.000150  loss: 0.8485 (0.8499)  loss_scale: 65536.0000 (65536.0000)  weight_decay: 0.0500 (0.0500)  grad_norm: 0.4347 (0.4517)
Epoch: [14]  [ 0/55]  eta: 0:07:17  lr: 0.000150  min_lr: 0.000150  loss: 0.8434 (0.8434)  loss_scale: 65536.0000 (65536.0000)  weight_decay: 0.0500 (0.0500)  grad_norm: 0.4335 (0.4335)  time: 7.9516  data: 7.5650  max mem: 11583
Epoch: [14]  [10/55]  eta: 0:01:04  lr: 0.000150  min_lr: 0.000150  loss: 0.8434 (0.8436)  loss_scale: 65536.0000 (65536.0000)  weight_decay: 0.0500 (0.0500)  grad_norm: 0.4796 (0.4784)  time: 1.4314  data: 1.0684  max mem: 11583
Epoch: [14]  [20/55]  eta: 0:00:40  lr: 0.000150  min_lr: 0.000150  loss: 0.8433 (0.8432)  loss_scale: 65536.0000 (65536.0000)  weight_decay: 0.0500 (0.0500)  grad_norm: 0.4809 (0.4770)  time: 0.8151  data: 0.4524  max mem: 11583
Epoch: [14]  [30/55]  eta: 0:00:26  lr: 0.000150  min_lr: 0.000150  loss: 0.8410 (0.8418)  loss_scale: 65536.0000 (65536.0000)  weight_decay: 0.0500 (0.0500)  grad_norm: 0.4829 (0.4986)  time: 0.8479  data: 0.4789  max mem: 11583
Epoch: [14]  [40/55]  eta: 0:00:15  lr: 0.000150  min_lr: 0.000150  loss: 0.8399 (0.8413)  loss_scale: 65536.0000 (65536.0000)  weight_decay: 0.0500 (0.0500)  grad_norm: 0.4829 (0.4978)  time: 0.8526  data: 0.4827  max mem: 11583
Epoch: [14]  [50/55]  eta: 0:00:04  lr: 0.000150  min_lr: 0.000150  loss: 0.8384 (0.8406)  loss_scale: 65536.0000 (65536.0000)  weight_decay: 0.0500 (0.0500)  grad_norm: 0.4226 (0.4797)  time: 0.8164  data: 0.4586  max mem: 11583
Epoch: [14]  [54/55]  eta: 0:00:00  lr: 0.000150  min_lr: 0.000150  loss: 0.8374 (0.8406)  loss_scale: 65536.0000 (65536.0000)  weight_decay: 0.0500 (0.0500)  grad_norm: 0.4226 (0.4865)  time: 0.8044  data: 0.4486  max mem: 11583
Epoch: [14] Total time: 0:00:50 (0.9183 s / it)
Averaged stats: lr: 0.000150  min_lr: 0.000150  loss: 0.8374 (0.8406)  loss_scale: 65536.0000 (65536.0000)  weight_decay: 0.0500 (0.0500)  grad_norm: 0.4226 (0.4865)
Epoch: [15]  [ 0/55]  eta: 0:07:45  lr: 0.000150  min_lr: 0.000150  loss: 0.8331 (0.8331)  loss_scale: 65536.0000 (65536.0000)  weight_decay: 0.0500 (0.0500)  grad_norm: 0.5964 (0.5964)  time: 8.4606  data: 8.0469  max mem: 11583
Epoch: [15]  [10/55]  eta: 0:01:06  lr: 0.000150  min_lr: 0.000150  loss: 0.8353 (0.8364)  loss_scale: 65536.0000 (65536.0000)  weight_decay: 0.0500 (0.0500)  grad_norm: 0.4256 (0.4739)  time: 1.4701  data: 1.1054  max mem: 11583
Epoch: [15]  [20/55]  eta: 0:00:40  lr: 0.000150  min_lr: 0.000150  loss: 0.8351 (0.8346)  loss_scale: 65536.0000 (65536.0000)  weight_decay: 0.0500 (0.0500)  grad_norm: 0.5008 (0.5188)  time: 0.7908  data: 0.4321  max mem: 11583
Epoch: [15]  [30/55]  eta: 0:00:25  lr: 0.000150  min_lr: 0.000150  loss: 0.8321 (0.8328)  loss_scale: 65536.0000 (65536.0000)  weight_decay: 0.0500 (0.0500)  grad_norm: 0.5544 (0.5178)  time: 0.7996  data: 0.4471  max mem: 11583
Epoch: [15]  [40/55]  eta: 0:00:14  lr: 0.000150  min_lr: 0.000150  loss: 0.8284 (0.8318)  loss_scale: 65536.0000 (65536.0000)  weight_decay: 0.0500 (0.0500)  grad_norm: 0.5500 (0.5303)  time: 0.7962  data: 0.4411  max mem: 11583
Epoch: [15]  [50/55]  eta: 0:00:04  lr: 0.000150  min_lr: 0.000150  loss: 0.8284 (0.8315)  loss_scale: 65536.0000 (65536.0000)  weight_decay: 0.0500 (0.0500)  grad_norm: 0.5549 (0.5465)  time: 0.8089  data: 0.4573  max mem: 11583
Epoch: [15]  [54/55]  eta: 0:00:00  lr: 0.000150  min_lr: 0.000150  loss: 0.8287 (0.8314)  loss_scale: 65536.0000 (65536.0000)  weight_decay: 0.0500 (0.0500)  grad_norm: 0.5549 (0.5500)  time: 0.7977  data: 0.4505  max mem: 11583
Epoch: [15] Total time: 0:00:49 (0.9060 s / it)
Averaged stats: lr: 0.000150  min_lr: 0.000150  loss: 0.8287 (0.8314)  loss_scale: 65536.0000 (65536.0000)  weight_decay: 0.0500 (0.0500)  grad_norm: 0.5549 (0.5500)
Epoch: [16]  [ 0/55]  eta: 0:07:49  lr: 0.000150  min_lr: 0.000150  loss: 0.8171 (0.8171)  loss_scale: 65536.0000 (65536.0000)  weight_decay: 0.0500 (0.0500)  grad_norm: 0.4565 (0.4565)  time: 8.5436  data: 8.1389  max mem: 11583
Epoch: [16]  [10/55]  eta: 0:01:05  lr: 0.000150  min_lr: 0.000150  loss: 0.8304 (0.8289)  loss_scale: 65536.0000 (65536.0000)  weight_decay: 0.0500 (0.0500)  grad_norm: 0.4965 (0.5188)  time: 1.4471  data: 1.0971  max mem: 11583
Epoch: [16]  [20/55]  eta: 0:00:39  lr: 0.000150  min_lr: 0.000150  loss: 0.8262 (0.8260)  loss_scale: 65536.0000 (65536.0000)  weight_decay: 0.0500 (0.0500)  grad_norm: 0.5341 (0.5601)  time: 0.7598  data: 0.4087  max mem: 11583
Epoch: [16]  [30/55]  eta: 0:00:26  lr: 0.000150  min_lr: 0.000150  loss: 0.8200 (0.8242)  loss_scale: 65536.0000 (65536.0000)  weight_decay: 0.0500 (0.0500)  grad_norm: 0.5341 (0.5498)  time: 0.8382  data: 0.4723  max mem: 11583
Epoch: [16]  [40/55]  eta: 0:00:14  lr: 0.000150  min_lr: 0.000150  loss: 0.8204 (0.8236)  loss_scale: 65536.0000 (65536.0000)  weight_decay: 0.0500 (0.0500)  grad_norm: 0.5721 (0.5732)  time: 0.8470  data: 0.4829  max mem: 11583
Epoch: [16]  [50/55]  eta: 0:00:04  lr: 0.000150  min_lr: 0.000150  loss: 0.8197 (0.8227)  loss_scale: 65536.0000 (65536.0000)  weight_decay: 0.0500 (0.0500)  grad_norm: 0.5962 (0.5693)  time: 0.8074  data: 0.4569  max mem: 11583
Epoch: [16]  [54/55]  eta: 0:00:00  lr: 0.000150  min_lr: 0.000150  loss: 0.8194 (0.8223)  loss_scale: 65536.0000 (65536.0000)  weight_decay: 0.0500 (0.0500)  grad_norm: 0.6120 (0.5687)  time: 0.7943  data: 0.4460  max mem: 11583
Epoch: [16] Total time: 0:00:50 (0.9148 s / it)
Averaged stats: lr: 0.000150  min_lr: 0.000150  loss: 0.8194 (0.8223)  loss_scale: 65536.0000 (65536.0000)  weight_decay: 0.0500 (0.0500)  grad_norm: 0.6120 (0.5687)
Epoch: [17]  [ 0/55]  eta: 0:07:23  lr: 0.000150  min_lr: 0.000150  loss: 0.7964 (0.7964)  loss_scale: 65536.0000 (65536.0000)  weight_decay: 0.0500 (0.0500)  grad_norm: 0.4512 (0.4512)  time: 8.0637  data: 7.6762  max mem: 11583
Epoch: [17]  [10/55]  eta: 0:01:06  lr: 0.000150  min_lr: 0.000150  loss: 0.8164 (0.8143)  loss_scale: 65536.0000 (65536.0000)  weight_decay: 0.0500 (0.0500)  grad_norm: 0.6685 (0.6331)  time: 1.4687  data: 1.1158  max mem: 11583
Epoch: [17]  [20/55]  eta: 0:00:39  lr: 0.000150  min_lr: 0.000150  loss: 0.8155 (0.8142)  loss_scale: 65536.0000 (65536.0000)  weight_decay: 0.0500 (0.0500)  grad_norm: 0.6685 (0.6778)  time: 0.7945  data: 0.4417  max mem: 11583
Epoch: [17]  [30/55]  eta: 0:00:26  lr: 0.000150  min_lr: 0.000150  loss: 0.8119 (0.8132)  loss_scale: 65536.0000 (65536.0000)  weight_decay: 0.0500 (0.0500)  grad_norm: 0.6517 (0.6701)  time: 0.8149  data: 0.4587  max mem: 11583
Epoch: [17]  [40/55]  eta: 0:00:14  lr: 0.000150  min_lr: 0.000150  loss: 0.8115 (0.8126)  loss_scale: 65536.0000 (65536.0000)  weight_decay: 0.0500 (0.0500)  grad_norm: 0.6478 (0.6719)  time: 0.8228  data: 0.4667  max mem: 11583
Epoch: [17]  [50/55]  eta: 0:00:04  lr: 0.000150  min_lr: 0.000150  loss: 0.8089 (0.8115)  loss_scale: 65536.0000 (65536.0000)  weight_decay: 0.0500 (0.0500)  grad_norm: 0.6343 (0.6701)  time: 0.7926  data: 0.4390  max mem: 11583
Epoch: [17]  [54/55]  eta: 0:00:00  lr: 0.000150  min_lr: 0.000150  loss: 0.8084 (0.8109)  loss_scale: 65536.0000 (65536.0000)  weight_decay: 0.0500 (0.0500)  grad_norm: 0.6205 (0.6664)  time: 0.7897  data: 0.4390  max mem: 11583
Epoch: [17] Total time: 0:00:49 (0.9053 s / it)
Averaged stats: lr: 0.000150  min_lr: 0.000150  loss: 0.8084 (0.8109)  loss_scale: 65536.0000 (65536.0000)  weight_decay: 0.0500 (0.0500)  grad_norm: 0.6205 (0.6664)
Epoch: [18]  [ 0/55]  eta: 0:07:25  lr: 0.000150  min_lr: 0.000150  loss: 0.8008 (0.8008)  loss_scale: 65536.0000 (65536.0000)  weight_decay: 0.0500 (0.0500)  grad_norm: 0.5484 (0.5484)  time: 8.1090  data: 7.6819  max mem: 11583
Epoch: [18]  [10/55]  eta: 0:01:06  lr: 0.000150  min_lr: 0.000150  loss: 0.8008 (0.8024)  loss_scale: 65536.0000 (65536.0000)  weight_decay: 0.0500 (0.0500)  grad_norm: 0.6119 (0.6258)  time: 1.4876  data: 1.1186  max mem: 11583
Epoch: [18]  [20/55]  eta: 0:00:40  lr: 0.000150  min_lr: 0.000150  loss: 0.8017 (0.8047)  loss_scale: 65536.0000 (65536.0000)  weight_decay: 0.0500 (0.0500)  grad_norm: 0.6195 (0.6715)  time: 0.8025  data: 0.4364  max mem: 11583
Epoch: [18]  [30/55]  eta: 0:00:25  lr: 0.000150  min_lr: 0.000150  loss: 0.8039 (0.8046)  loss_scale: 65536.0000 (65536.0000)  weight_decay: 0.0500 (0.0500)  grad_norm: 0.7038 (0.6764)  time: 0.7878  data: 0.4259  max mem: 11583
Epoch: [18]  [40/55]  eta: 0:00:14  lr: 0.000150  min_lr: 0.000150  loss: 0.8002 (0.8032)  loss_scale: 65536.0000 (65536.0000)  weight_decay: 0.0500 (0.0500)  grad_norm: 0.7038 (0.6891)  time: 0.8301  data: 0.4720  max mem: 11583
Epoch: [18]  [50/55]  eta: 0:00:04  lr: 0.000150  min_lr: 0.000150  loss: 0.7986 (0.8025)  loss_scale: 65536.0000 (65536.0000)  weight_decay: 0.0500 (0.0500)  grad_norm: 0.7271 (0.7119)  time: 0.8223  data: 0.4713  max mem: 11583
Epoch: [18]  [54/55]  eta: 0:00:00  lr: 0.000150  min_lr: 0.000150  loss: 0.7986 (0.8024)  loss_scale: 65536.0000 (65536.0000)  weight_decay: 0.0500 (0.0500)  grad_norm: 0.7721 (0.7154)  time: 0.8050  data: 0.4572  max mem: 11583
Epoch: [18] Total time: 0:00:50 (0.9097 s / it)
Averaged stats: lr: 0.000150  min_lr: 0.000150  loss: 0.7986 (0.8024)  loss_scale: 65536.0000 (65536.0000)  weight_decay: 0.0500 (0.0500)  grad_norm: 0.7721 (0.7154)
Epoch: [19]  [ 0/55]  eta: 0:07:34  lr: 0.000150  min_lr: 0.000150  loss: 0.7861 (0.7861)  loss_scale: 65536.0000 (65536.0000)  weight_decay: 0.0500 (0.0500)  grad_norm: 0.5966 (0.5966)  time: 8.2564  data: 7.8818  max mem: 11583
Epoch: [19]  [10/55]  eta: 0:01:05  lr: 0.000150  min_lr: 0.000150  loss: 0.7939 (0.7924)  loss_scale: 65536.0000 (65536.0000)  weight_decay: 0.0500 (0.0500)  grad_norm: 0.5966 (0.6728)  time: 1.4586  data: 1.0937  max mem: 11583
Epoch: [19]  [20/55]  eta: 0:00:40  lr: 0.000150  min_lr: 0.000150  loss: 0.7939 (0.7908)  loss_scale: 65536.0000 (65536.0000)  weight_decay: 0.0500 (0.0500)  grad_norm: 0.6868 (0.6967)  time: 0.7977  data: 0.4340  max mem: 11583
Epoch: [19]  [30/55]  eta: 0:00:25  lr: 0.000150  min_lr: 0.000150  loss: 0.7872 (0.7892)  loss_scale: 65536.0000 (65536.0000)  weight_decay: 0.0500 (0.0500)  grad_norm: 0.7267 (0.7532)  time: 0.8087  data: 0.4459  max mem: 11583
Epoch: [19]  [40/55]  eta: 0:00:14  lr: 0.000150  min_lr: 0.000150  loss: 0.7836 (0.7883)  loss_scale: 65536.0000 (65536.0000)  weight_decay: 0.0500 (0.0500)  grad_norm: 0.9329 (0.7909)  time: 0.8225  data: 0.4577  max mem: 11583
Epoch: [19]  [50/55]  eta: 0:00:04  lr: 0.000150  min_lr: 0.000150  loss: 0.7864 (0.7878)  loss_scale: 65536.0000 (65536.0000)  weight_decay: 0.0500 (0.0500)  grad_norm: 0.8848 (0.8017)  time: 0.8147  data: 0.4593  max mem: 11583
Epoch: [19]  [54/55]  eta: 0:00:00  lr: 0.000150  min_lr: 0.000150  loss: 0.7864 (0.7878)  loss_scale: 65536.0000 (65536.0000)  weight_decay: 0.0500 (0.0500)  grad_norm: 0.8848 (0.8270)  time: 0.7883  data: 0.4406  max mem: 11583
Epoch: [19] Total time: 0:00:50 (0.9105 s / it)
Averaged stats: lr: 0.000150  min_lr: 0.000150  loss: 0.7864 (0.7878)  loss_scale: 65536.0000 (65536.0000)  weight_decay: 0.0500 (0.0500)  grad_norm: 0.8848 (0.8270)
Epoch: [20]  [ 0/55]  eta: 0:07:45  lr: 0.000150  min_lr: 0.000150  loss: 0.7797 (0.7797)  loss_scale: 65536.0000 (65536.0000)  weight_decay: 0.0500 (0.0500)  grad_norm: 1.1181 (1.1181)  time: 8.4715  data: 8.0646  max mem: 11583
Epoch: [20]  [10/55]  eta: 0:01:06  lr: 0.000150  min_lr: 0.000150  loss: 0.7886 (0.7866)  loss_scale: 65536.0000 (65536.0000)  weight_decay: 0.0500 (0.0500)  grad_norm: 0.8966 (0.9182)  time: 1.4748  data: 1.1089  max mem: 11583
Epoch: [20]  [20/55]  eta: 0:00:39  lr: 0.000150  min_lr: 0.000150  loss: 0.7841 (0.7853)  loss_scale: 65536.0000 (65536.0000)  weight_decay: 0.0500 (0.0500)  grad_norm: 0.8966 (0.9022)  time: 0.7724  data: 0.4112  max mem: 11583
Epoch: [20]  [30/55]  eta: 0:00:26  lr: 0.000150  min_lr: 0.000150  loss: 0.7803 (0.7832)  loss_scale: 65536.0000 (65536.0000)  weight_decay: 0.0500 (0.0500)  grad_norm: 0.9073 (0.8827)  time: 0.8441  data: 0.4606  max mem: 11583
Epoch: [20]  [40/55]  eta: 0:00:15  lr: 0.000150  min_lr: 0.000150  loss: 0.7775 (0.7814)  loss_scale: 65536.0000 (65536.0000)  weight_decay: 0.0500 (0.0500)  grad_norm: 0.8293 (0.8855)  time: 0.8592  data: 0.4731  max mem: 11583
Epoch: [20]  [50/55]  eta: 0:00:04  lr: 0.000150  min_lr: 0.000150  loss: 0.7775 (0.7818)  loss_scale: 65536.0000 (65536.0000)  weight_decay: 0.0500 (0.0500)  grad_norm: 0.8860 (0.9304)  time: 0.8015  data: 0.4438  max mem: 11583
Epoch: [20]  [54/55]  eta: 0:00:00  lr: 0.000150  min_lr: 0.000150  loss: 0.7823 (0.7815)  loss_scale: 65536.0000 (65536.0000)  weight_decay: 0.0500 (0.0500)  grad_norm: 1.0222 (0.9387)  time: 0.7947  data: 0.4430  max mem: 11583
Epoch: [20] Total time: 0:00:50 (0.9271 s / it)
Averaged stats: lr: 0.000150  min_lr: 0.000150  loss: 0.7823 (0.7815)  loss_scale: 65536.0000 (65536.0000)  weight_decay: 0.0500 (0.0500)  grad_norm: 1.0222 (0.9387)
Epoch: [21]  [ 0/55]  eta: 0:07:12  lr: 0.000150  min_lr: 0.000150  loss: 0.7753 (0.7753)  loss_scale: 65536.0000 (65536.0000)  weight_decay: 0.0500 (0.0500)  grad_norm: 1.0189 (1.0189)  time: 7.8702  data: 7.4765  max mem: 11583
Epoch: [21]  [10/55]  eta: 0:01:07  lr: 0.000150  min_lr: 0.000150  loss: 0.7703 (0.7708)  loss_scale: 65536.0000 (65536.0000)  weight_decay: 0.0500 (0.0500)  grad_norm: 0.8305 (0.8847)  time: 1.4987  data: 1.1126  max mem: 11583
Epoch: [21]  [20/55]  eta: 0:00:40  lr: 0.000150  min_lr: 0.000150  loss: 0.7721 (0.7733)  loss_scale: 65536.0000 (65536.0000)  weight_decay: 0.0500 (0.0500)  grad_norm: 0.9807 (0.9454)  time: 0.8141  data: 0.4428  max mem: 11583
Epoch: [21]  [30/55]  eta: 0:00:26  lr: 0.000150  min_lr: 0.000150  loss: 0.7721 (0.7719)  loss_scale: 65536.0000 (65536.0000)  weight_decay: 0.0500 (0.0500)  grad_norm: 0.9807 (0.9713)  time: 0.8085  data: 0.4517  max mem: 11583
Epoch: [21]  [40/55]  eta: 0:00:15  lr: 0.000150  min_lr: 0.000150  loss: 0.7671 (0.7704)  loss_scale: 65536.0000 (65536.0000)  weight_decay: 0.0500 (0.0500)  grad_norm: 0.9367 (0.9970)  time: 0.8435  data: 0.4804  max mem: 11583
Epoch: [21]  [50/55]  eta: 0:00:04  lr: 0.000150  min_lr: 0.000150  loss: 0.7656 (0.7700)  loss_scale: 65536.0000 (65536.0000)  weight_decay: 0.0500 (0.0500)  grad_norm: 0.9367 (0.9884)  time: 0.8048  data: 0.4462  max mem: 11583
Epoch: [21]  [54/55]  eta: 0:00:00  lr: 0.000150  min_lr: 0.000150  loss: 0.7656 (0.7699)  loss_scale: 65536.0000 (65536.0000)  weight_decay: 0.0500 (0.0500)  grad_norm: 0.9433 (1.0001)  time: 0.7988  data: 0.4434  max mem: 11583
Epoch: [21] Total time: 0:00:50 (0.9138 s / it)
Averaged stats: lr: 0.000150  min_lr: 0.000150  loss: 0.7656 (0.7699)  loss_scale: 65536.0000 (65536.0000)  weight_decay: 0.0500 (0.0500)  grad_norm: 0.9433 (1.0001)
Epoch: [22]  [ 0/55]  eta: 0:07:22  lr: 0.000150  min_lr: 0.000150  loss: 0.7458 (0.7458)  loss_scale: 65536.0000 (65536.0000)  weight_decay: 0.0500 (0.0500)  grad_norm: 1.3874 (1.3874)  time: 8.0483  data: 7.6268  max mem: 11583
Epoch: [22]  [10/55]  eta: 0:01:06  lr: 0.000150  min_lr: 0.000150  loss: 0.7576 (0.7592)  loss_scale: 65536.0000 (65536.0000)  weight_decay: 0.0500 (0.0500)  grad_norm: 0.8915 (0.9660)  time: 1.4836  data: 1.1131  max mem: 11583
Epoch: [22]  [20/55]  eta: 0:00:39  lr: 0.000150  min_lr: 0.000150  loss: 0.7603 (0.7601)  loss_scale: 65536.0000 (65536.0000)  weight_decay: 0.0500 (0.0500)  grad_norm: 0.9033 (0.9699)  time: 0.7967  data: 0.4310  max mem: 11583
Epoch: [22]  [30/55]  eta: 0:00:25  lr: 0.000150  min_lr: 0.000150  loss: 0.7613 (0.7611)  loss_scale: 65536.0000 (65536.0000)  weight_decay: 0.0500 (0.0500)  grad_norm: 0.9750 (1.0033)  time: 0.7761  data: 0.4137  max mem: 11583
Epoch: [22]  [40/55]  eta: 0:00:14  lr: 0.000150  min_lr: 0.000150  loss: 0.7602 (0.7605)  loss_scale: 65536.0000 (65536.0000)  weight_decay: 0.0500 (0.0500)  grad_norm: 1.0770 (1.0483)  time: 0.8027  data: 0.4434  max mem: 11583
Epoch: [22]  [50/55]  eta: 0:00:04  lr: 0.000150  min_lr: 0.000150  loss: 0.7554 (0.7598)  loss_scale: 65536.0000 (65536.0000)  weight_decay: 0.0500 (0.0500)  grad_norm: 0.9751 (1.0278)  time: 0.7926  data: 0.4363  max mem: 11583
Epoch: [22]  [54/55]  eta: 0:00:00  lr: 0.000150  min_lr: 0.000150  loss: 0.7553 (0.7597)  loss_scale: 65536.0000 (65536.0000)  weight_decay: 0.0500 (0.0500)  grad_norm: 0.9015 (1.0247)  time: 0.7878  data: 0.4344  max mem: 11583
Epoch: [22] Total time: 0:00:49 (0.8961 s / it)
Averaged stats: lr: 0.000150  min_lr: 0.000150  loss: 0.7553 (0.7597)  loss_scale: 65536.0000 (65536.0000)  weight_decay: 0.0500 (0.0500)  grad_norm: 0.9015 (1.0247)
Epoch: [23]  [ 0/55]  eta: 0:07:40  lr: 0.000150  min_lr: 0.000150  loss: 0.7508 (0.7508)  loss_scale: 65536.0000 (65536.0000)  weight_decay: 0.0500 (0.0500)  grad_norm: 1.1045 (1.1045)  time: 8.3768  data: 7.9832  max mem: 11583
Epoch: [23]  [10/55]  eta: 0:01:05  lr: 0.000150  min_lr: 0.000150  loss: 0.7485 (0.7493)  loss_scale: 65536.0000 (65536.0000)  weight_decay: 0.0500 (0.0500)  grad_norm: 0.8232 (0.9059)  time: 1.4482  data: 1.0881  max mem: 11583
Epoch: [23]  [20/55]  eta: 0:00:40  lr: 0.000150  min_lr: 0.000150  loss: 0.7486 (0.7499)  loss_scale: 65536.0000 (65536.0000)  weight_decay: 0.0500 (0.0500)  grad_norm: 0.8851 (0.9707)  time: 0.7937  data: 0.4292  max mem: 11583
Epoch: [23]  [30/55]  eta: 0:00:26  lr: 0.000150  min_lr: 0.000150  loss: 0.7529 (0.7509)  loss_scale: 65536.0000 (65536.0000)  weight_decay: 0.0500 (0.0500)  grad_norm: 0.9255 (0.9773)  time: 0.8161  data: 0.4495  max mem: 11583
Epoch: [23]  [40/55]  eta: 0:00:14  lr: 0.000150  min_lr: 0.000150  loss: 0.7524 (0.7509)  loss_scale: 65536.0000 (65536.0000)  weight_decay: 0.0500 (0.0500)  grad_norm: 1.0037 (0.9904)  time: 0.8258  data: 0.4635  max mem: 11583
Epoch: [23]  [50/55]  eta: 0:00:04  lr: 0.000150  min_lr: 0.000150  loss: 0.7459 (0.7496)  loss_scale: 65536.0000 (65536.0000)  weight_decay: 0.0500 (0.0500)  grad_norm: 1.0419 (1.0096)  time: 0.8148  data: 0.4601  max mem: 11583
Epoch: [23]  [54/55]  eta: 0:00:00  lr: 0.000150  min_lr: 0.000150  loss: 0.7462 (0.7497)  loss_scale: 65536.0000 (65536.0000)  weight_decay: 0.0500 (0.0500)  grad_norm: 1.0517 (1.0330)  time: 0.7963  data: 0.4471  max mem: 11583
Epoch: [23] Total time: 0:00:50 (0.9187 s / it)
Averaged stats: lr: 0.000150  min_lr: 0.000150  loss: 0.7462 (0.7497)  loss_scale: 65536.0000 (65536.0000)  weight_decay: 0.0500 (0.0500)  grad_norm: 1.0517 (1.0330)
Epoch: [24]  [ 0/55]  eta: 0:07:59  lr: 0.000150  min_lr: 0.000150  loss: 0.7410 (0.7410)  loss_scale: 65536.0000 (65536.0000)  weight_decay: 0.0500 (0.0500)  grad_norm: 1.2103 (1.2103)  time: 8.7269  data: 8.3172  max mem: 11583
Epoch: [24]  [10/55]  eta: 0:01:06  lr: 0.000150  min_lr: 0.000150  loss: 0.7434 (0.7452)  loss_scale: 65536.0000 (65536.0000)  weight_decay: 0.0500 (0.0500)  grad_norm: 1.1597 (1.0605)  time: 1.4693  data: 1.1087  max mem: 11583
Epoch: [24]  [20/55]  eta: 0:00:40  lr: 0.000150  min_lr: 0.000150  loss: 0.7432 (0.7450)  loss_scale: 65536.0000 (65536.0000)  weight_decay: 0.0500 (0.0500)  grad_norm: 1.1137 (1.0828)  time: 0.7794  data: 0.4271  max mem: 11583
Epoch: [24]  [30/55]  eta: 0:00:26  lr: 0.000150  min_lr: 0.000150  loss: 0.7432 (0.7450)  loss_scale: 65536.0000 (65536.0000)  weight_decay: 0.0500 (0.0500)  grad_norm: 0.9895 (1.0045)  time: 0.8131  data: 0.4596  max mem: 11583
Epoch: [24]  [40/55]  eta: 0:00:14  lr: 0.000150  min_lr: 0.000150  loss: 0.7415 (0.7439)  loss_scale: 65536.0000 (65536.0000)  weight_decay: 0.0500 (0.0500)  grad_norm: 0.8449 (1.0077)  time: 0.8122  data: 0.4558  max mem: 11583
Epoch: [24]  [50/55]  eta: 0:00:04  lr: 0.000149  min_lr: 0.000149  loss: 0.7403 (0.7438)  loss_scale: 65536.0000 (65536.0000)  weight_decay: 0.0500 (0.0500)  grad_norm: 1.0312 (1.0214)  time: 0.8146  data: 0.4675  max mem: 11583
Epoch: [24]  [54/55]  eta: 0:00:00  lr: 0.000149  min_lr: 0.000149  loss: 0.7388 (0.7433)  loss_scale: 65536.0000 (65536.0000)  weight_decay: 0.0500 (0.0500)  grad_norm: 1.0243 (1.0021)  time: 0.8149  data: 0.4674  max mem: 11583
Epoch: [24] Total time: 0:00:50 (0.9126 s / it)
Averaged stats: lr: 0.000149  min_lr: 0.000149  loss: 0.7388 (0.7433)  loss_scale: 65536.0000 (65536.0000)  weight_decay: 0.0500 (0.0500)  grad_norm: 1.0243 (1.0021)
Epoch: [25]  [ 0/55]  eta: 0:07:53  lr: 0.000149  min_lr: 0.000149  loss: 0.7241 (0.7241)  loss_scale: 65536.0000 (65536.0000)  weight_decay: 0.0500 (0.0500)  grad_norm: 0.6863 (0.6863)  time: 8.6069  data: 8.0460  max mem: 11583
Epoch: [25]  [10/55]  eta: 0:01:06  lr: 0.000149  min_lr: 0.000149  loss: 0.7350 (0.7359)  loss_scale: 65536.0000 (65536.0000)  weight_decay: 0.0500 (0.0500)  grad_norm: 1.0321 (1.0902)  time: 1.4744  data: 1.1076  max mem: 11583
Epoch: [25]  [20/55]  eta: 0:00:39  lr: 0.000149  min_lr: 0.000149  loss: 0.7379 (0.7378)  loss_scale: 65536.0000 (65536.0000)  weight_decay: 0.0500 (0.0500)  grad_norm: 1.1313 (1.1541)  time: 0.7645  data: 0.4154  max mem: 11583
Epoch: [25]  [30/55]  eta: 0:00:25  lr: 0.000149  min_lr: 0.000149  loss: 0.7334 (0.7363)  loss_scale: 65536.0000 (65536.0000)  weight_decay: 0.0500 (0.0500)  grad_norm: 1.0011 (1.0641)  time: 0.7918  data: 0.4403  max mem: 11583
Epoch: [25]  [40/55]  eta: 0:00:14  lr: 0.000149  min_lr: 0.000149  loss: 0.7302 (0.7350)  loss_scale: 65536.0000 (65536.0000)  weight_decay: 0.0500 (0.0500)  grad_norm: 0.9281 (1.0556)  time: 0.8049  data: 0.4533  max mem: 11583
Epoch: [25]  [50/55]  eta: 0:00:04  lr: 0.000149  min_lr: 0.000149  loss: 0.7327 (0.7363)  loss_scale: 65536.0000 (65536.0000)  weight_decay: 0.0500 (0.0500)  grad_norm: 1.1695 (1.0911)  time: 0.7850  data: 0.4390  max mem: 11583
Epoch: [25]  [54/55]  eta: 0:00:00  lr: 0.000149  min_lr: 0.000149  loss: 0.7357 (0.7366)  loss_scale: 65536.0000 (65536.0000)  weight_decay: 0.0500 (0.0500)  grad_norm: 1.2023 (1.0999)  time: 0.7777  data: 0.4322  max mem: 11583
Epoch: [25] Total time: 0:00:50 (0.9115 s / it)
Averaged stats: lr: 0.000149  min_lr: 0.000149  loss: 0.7357 (0.7366)  loss_scale: 65536.0000 (65536.0000)  weight_decay: 0.0500 (0.0500)  grad_norm: 1.2023 (1.0999)
Epoch: [26]  [ 0/55]  eta: 0:07:24  lr: 0.000149  min_lr: 0.000149  loss: 0.7312 (0.7312)  loss_scale: 65536.0000 (65536.0000)  weight_decay: 0.0500 (0.0500)  grad_norm: 1.1366 (1.1366)  time: 8.0730  data: 7.6470  max mem: 11583
Epoch: [26]  [10/55]  eta: 0:01:05  lr: 0.000149  min_lr: 0.000149  loss: 0.7336 (0.7325)  loss_scale: 65536.0000 (65536.0000)  weight_decay: 0.0500 (0.0500)  grad_norm: 1.0258 (1.0282)  time: 1.4514  data: 1.0944  max mem: 11583
Epoch: [26]  [20/55]  eta: 0:00:39  lr: 0.000149  min_lr: 0.000149  loss: 0.7296 (0.7305)  loss_scale: 65536.0000 (65536.0000)  weight_decay: 0.0500 (0.0500)  grad_norm: 1.0380 (1.0618)  time: 0.7746  data: 0.4240  max mem: 11583
Epoch: [26]  [30/55]  eta: 0:00:25  lr: 0.000149  min_lr: 0.000149  loss: 0.7215 (0.7269)  loss_scale: 65536.0000 (65536.0000)  weight_decay: 0.0500 (0.0500)  grad_norm: 0.8805 (0.9814)  time: 0.8077  data: 0.4552  max mem: 11583
Epoch: [26]  [40/55]  eta: 0:00:14  lr: 0.000149  min_lr: 0.000149  loss: 0.7207 (0.7268)  loss_scale: 65536.0000 (65536.0000)  weight_decay: 0.0500 (0.0500)  grad_norm: 0.8223 (0.9665)  time: 0.8226  data: 0.4689  max mem: 11583
Epoch: [26]  [50/55]  eta: 0:00:04  lr: 0.000149  min_lr: 0.000149  loss: 0.7297 (0.7277)  loss_scale: 65536.0000 (65536.0000)  weight_decay: 0.0500 (0.0500)  grad_norm: 0.9501 (0.9910)  time: 0.7803  data: 0.4298  max mem: 11583
Epoch: [26]  [54/55]  eta: 0:00:00  lr: 0.000149  min_lr: 0.000149  loss: 0.7306 (0.7281)  loss_scale: 65536.0000 (65536.0000)  weight_decay: 0.0500 (0.0500)  grad_norm: 1.0815 (0.9946)  time: 0.7691  data: 0.4240  max mem: 11583
Epoch: [26] Total time: 0:00:49 (0.8932 s / it)
Averaged stats: lr: 0.000149  min_lr: 0.000149  loss: 0.7306 (0.7281)  loss_scale: 65536.0000 (65536.0000)  weight_decay: 0.0500 (0.0500)  grad_norm: 1.0815 (0.9946)
Epoch: [27]  [ 0/55]  eta: 0:07:14  lr: 0.000149  min_lr: 0.000149  loss: 0.7211 (0.7211)  loss_scale: 65536.0000 (65536.0000)  weight_decay: 0.0500 (0.0500)  grad_norm: 1.1852 (1.1852)  time: 7.8915  data: 7.4925  max mem: 11583
Epoch: [27]  [10/55]  eta: 0:01:03  lr: 0.000149  min_lr: 0.000149  loss: 0.7267 (0.7262)  loss_scale: 65536.0000 (65536.0000)  weight_decay: 0.0500 (0.0500)  grad_norm: 1.2472 (1.2538)  time: 1.4134  data: 1.0581  max mem: 11583
Epoch: [27]  [20/55]  eta: 0:00:40  lr: 0.000149  min_lr: 0.000149  loss: 0.7277 (0.7273)  loss_scale: 65536.0000 (65536.0000)  weight_decay: 0.0500 (0.0500)  grad_norm: 1.1976 (1.1520)  time: 0.8263  data: 0.4625  max mem: 11583
Epoch: [27]  [30/55]  eta: 0:00:26  lr: 0.000149  min_lr: 0.000149  loss: 0.7267 (0.7279)  loss_scale: 65536.0000 (65536.0000)  weight_decay: 0.0500 (0.0500)  grad_norm: 1.1976 (1.1909)  time: 0.8443  data: 0.4739  max mem: 11583
Epoch: [27]  [40/55]  eta: 0:00:14  lr: 0.000149  min_lr: 0.000149  loss: 0.7242 (0.7258)  loss_scale: 65536.0000 (65536.0000)  weight_decay: 0.0500 (0.0500)  grad_norm: 1.1375 (1.1672)  time: 0.8182  data: 0.4552  max mem: 11583
Epoch: [27]  [50/55]  eta: 0:00:04  lr: 0.000149  min_lr: 0.000149  loss: 0.7201 (0.7246)  loss_scale: 65536.0000 (65536.0000)  weight_decay: 0.0500 (0.0500)  grad_norm: 1.0301 (1.1265)  time: 0.8010  data: 0.4478  max mem: 11583
Epoch: [27]  [54/55]  eta: 0:00:00  lr: 0.000149  min_lr: 0.000149  loss: 0.7201 (0.7244)  loss_scale: 65536.0000 (65536.0000)  weight_decay: 0.0500 (0.0500)  grad_norm: 0.9831 (1.1252)  time: 0.7896  data: 0.4419  max mem: 11583
Epoch: [27] Total time: 0:00:50 (0.9149 s / it)
Averaged stats: lr: 0.000149  min_lr: 0.000149  loss: 0.7201 (0.7244)  loss_scale: 65536.0000 (65536.0000)  weight_decay: 0.0500 (0.0500)  grad_norm: 0.9831 (1.1252)
Epoch: [28]  [ 0/55]  eta: 0:07:34  lr: 0.000149  min_lr: 0.000149  loss: 0.7047 (0.7047)  loss_scale: 65536.0000 (65536.0000)  weight_decay: 0.0500 (0.0500)  grad_norm: 0.7062 (0.7062)  time: 8.2720  data: 7.8817  max mem: 11583
Epoch: [28]  [10/55]  eta: 0:01:04  lr: 0.000149  min_lr: 0.000149  loss: 0.7167 (0.7148)  loss_scale: 65536.0000 (65536.0000)  weight_decay: 0.0500 (0.0500)  grad_norm: 0.8006 (0.8475)  time: 1.4317  data: 1.0758  max mem: 11583
Epoch: [28]  [20/55]  eta: 0:00:39  lr: 0.000149  min_lr: 0.000149  loss: 0.7169 (0.7169)  loss_scale: 65536.0000 (65536.0000)  weight_decay: 0.0500 (0.0500)  grad_norm: 0.8872 (0.9838)  time: 0.7797  data: 0.4244  max mem: 11583
Epoch: [28]  [30/55]  eta: 0:00:25  lr: 0.000149  min_lr: 0.000149  loss: 0.7197 (0.7191)  loss_scale: 65536.0000 (65536.0000)  weight_decay: 0.0500 (0.0500)  grad_norm: 1.1256 (1.0582)  time: 0.8049  data: 0.4429  max mem: 11583
Epoch: [28]  [40/55]  eta: 0:00:14  lr: 0.000149  min_lr: 0.000149  loss: 0.7171 (0.7176)  loss_scale: 65536.0000 (65536.0000)  weight_decay: 0.0500 (0.0500)  grad_norm: 1.2498 (1.0956)  time: 0.7947  data: 0.4306  max mem: 11583
Epoch: [28]  [50/55]  eta: 0:00:04  lr: 0.000149  min_lr: 0.000149  loss: 0.7120 (0.7166)  loss_scale: 65536.0000 (65536.0000)  weight_decay: 0.0500 (0.0500)  grad_norm: 1.1723 (1.0907)  time: 0.8057  data: 0.4462  max mem: 11583
Epoch: [28]  [54/55]  eta: 0:00:00  lr: 0.000149  min_lr: 0.000149  loss: 0.7109 (0.7165)  loss_scale: 65536.0000 (65536.0000)  weight_decay: 0.0500 (0.0500)  grad_norm: 1.0379 (1.0687)  time: 0.7913  data: 0.4362  max mem: 11583
Epoch: [28] Total time: 0:00:50 (0.9104 s / it)
Averaged stats: lr: 0.000149  min_lr: 0.000149  loss: 0.7109 (0.7165)  loss_scale: 65536.0000 (65536.0000)  weight_decay: 0.0500 (0.0500)  grad_norm: 1.0379 (1.0687)
Epoch: [29]  [ 0/55]  eta: 0:07:43  lr: 0.000149  min_lr: 0.000149  loss: 0.7084 (0.7084)  loss_scale: 65536.0000 (65536.0000)  weight_decay: 0.0500 (0.0500)  grad_norm: 0.9927 (0.9927)  time: 8.4185  data: 7.9653  max mem: 11583
Epoch: [29]  [10/55]  eta: 0:01:08  lr: 0.000149  min_lr: 0.000149  loss: 0.7124 (0.7146)  loss_scale: 65536.0000 (65536.0000)  weight_decay: 0.0500 (0.0500)  grad_norm: 1.0007 (1.1121)  time: 1.5229  data: 1.1453  max mem: 11583
Epoch: [29]  [20/55]  eta: 0:00:41  lr: 0.000149  min_lr: 0.000149  loss: 0.7110 (0.7138)  loss_scale: 65536.0000 (65536.0000)  weight_decay: 0.0500 (0.0500)  grad_norm: 0.9143 (0.9952)  time: 0.8121  data: 0.4456  max mem: 11583
Epoch: [29]  [30/55]  eta: 0:00:27  lr: 0.000149  min_lr: 0.000149  loss: 0.7101 (0.7133)  loss_scale: 65536.0000 (65536.0000)  weight_decay: 0.0500 (0.0500)  grad_norm: 0.8735 (1.0200)  time: 0.8550  data: 0.4660  max mem: 11583
Epoch: [29]  [40/55]  eta: 0:00:15  lr: 0.000149  min_lr: 0.000149  loss: 0.7086 (0.7115)  loss_scale: 65536.0000 (65536.0000)  weight_decay: 0.0500 (0.0500)  grad_norm: 0.9123 (0.9858)  time: 0.8740  data: 0.4846  max mem: 11583
Epoch: [29]  [50/55]  eta: 0:00:04  lr: 0.000149  min_lr: 0.000149  loss: 0.7076 (0.7111)  loss_scale: 65536.0000 (65536.0000)  weight_decay: 0.0500 (0.0500)  grad_norm: 0.9153 (0.9868)  time: 0.7983  data: 0.4432  max mem: 11583
Epoch: [29]  [54/55]  eta: 0:00:00  lr: 0.000149  min_lr: 0.000149  loss: 0.7080 (0.7112)  loss_scale: 65536.0000 (65536.0000)  weight_decay: 0.0500 (0.0500)  grad_norm: 0.9238 (0.9895)  time: 0.7848  data: 0.4332  max mem: 11583
Epoch: [29] Total time: 0:00:51 (0.9364 s / it)
Averaged stats: lr: 0.000149  min_lr: 0.000149  loss: 0.7080 (0.7112)  loss_scale: 65536.0000 (65536.0000)  weight_decay: 0.0500 (0.0500)  grad_norm: 0.9238 (0.9895)
Epoch: [30]  [ 0/55]  eta: 0:07:19  lr: 0.000149  min_lr: 0.000149  loss: 0.7047 (0.7047)  loss_scale: 65536.0000 (65536.0000)  weight_decay: 0.0500 (0.0500)  grad_norm: 1.2268 (1.2268)  time: 7.9838  data: 7.5504  max mem: 11583
Epoch: [30]  [10/55]  eta: 0:01:08  lr: 0.000149  min_lr: 0.000149  loss: 0.7079 (0.7054)  loss_scale: 65536.0000 (65536.0000)  weight_decay: 0.0500 (0.0500)  grad_norm: 1.0572 (1.0683)  time: 1.5223  data: 1.1030  max mem: 11583
Epoch: [30]  [20/55]  eta: 0:00:40  lr: 0.000149  min_lr: 0.000149  loss: 0.6994 (0.7025)  loss_scale: 65536.0000 (65536.0000)  weight_decay: 0.0500 (0.0500)  grad_norm: 1.0425 (1.0383)  time: 0.8277  data: 0.4389  max mem: 11583
Epoch: [30]  [30/55]  eta: 0:00:26  lr: 0.000149  min_lr: 0.000149  loss: 0.7065 (0.7046)  loss_scale: 65536.0000 (65536.0000)  weight_decay: 0.0500 (0.0500)  grad_norm: 0.9809 (1.0319)  time: 0.8173  data: 0.4616  max mem: 11583
Epoch: [30]  [40/55]  eta: 0:00:15  lr: 0.000149  min_lr: 0.000149  loss: 0.7098 (0.7051)  loss_scale: 65536.0000 (65536.0000)  weight_decay: 0.0500 (0.0500)  grad_norm: 1.0418 (1.0694)  time: 0.8395  data: 0.4857  max mem: 11583
Epoch: [30]  [50/55]  eta: 0:00:04  lr: 0.000149  min_lr: 0.000149  loss: 0.7069 (0.7052)  loss_scale: 65536.0000 (65536.0000)  weight_decay: 0.0500 (0.0500)  grad_norm: 1.0661 (1.0856)  time: 0.7917  data: 0.4410  max mem: 11583
Epoch: [30]  [54/55]  eta: 0:00:00  lr: 0.000149  min_lr: 0.000149  loss: 0.7069 (0.7053)  loss_scale: 65536.0000 (65536.0000)  weight_decay: 0.0500 (0.0500)  grad_norm: 1.0418 (1.0748)  time: 0.7832  data: 0.4320  max mem: 11583
Epoch: [30] Total time: 0:00:50 (0.9193 s / it)
Averaged stats: lr: 0.000149  min_lr: 0.000149  loss: 0.7069 (0.7053)  loss_scale: 65536.0000 (65536.0000)  weight_decay: 0.0500 (0.0500)  grad_norm: 1.0418 (1.0748)
Epoch: [31]  [ 0/55]  eta: 0:07:21  lr: 0.000149  min_lr: 0.000149  loss: 0.6820 (0.6820)  loss_scale: 65536.0000 (65536.0000)  weight_decay: 0.0500 (0.0500)  grad_norm: 0.7186 (0.7186)  time: 8.0245  data: 7.5655  max mem: 11583
Epoch: [31]  [10/55]  eta: 0:01:06  lr: 0.000149  min_lr: 0.000149  loss: 0.6994 (0.7008)  loss_scale: 65536.0000 (65536.0000)  weight_decay: 0.0500 (0.0500)  grad_norm: 1.1212 (1.1619)  time: 1.4751  data: 1.1005  max mem: 11583
Epoch: [31]  [20/55]  eta: 0:00:39  lr: 0.000149  min_lr: 0.000149  loss: 0.6994 (0.7013)  loss_scale: 65536.0000 (65536.0000)  weight_decay: 0.0500 (0.0500)  grad_norm: 1.1472 (1.1387)  time: 0.7979  data: 0.4359  max mem: 11583
Epoch: [31]  [30/55]  eta: 0:00:25  lr: 0.000149  min_lr: 0.000149  loss: 0.7008 (0.7031)  loss_scale: 65536.0000 (65536.0000)  weight_decay: 0.0500 (0.0500)  grad_norm: 1.1263 (1.1854)  time: 0.7947  data: 0.4409  max mem: 11583
Epoch: [31]  [40/55]  eta: 0:00:14  lr: 0.000149  min_lr: 0.000149  loss: 0.6997 (0.7014)  loss_scale: 65536.0000 (65536.0000)  weight_decay: 0.0500 (0.0500)  grad_norm: 1.0904 (1.1634)  time: 0.8499  data: 0.4953  max mem: 11583
Epoch: [31]  [50/55]  eta: 0:00:04  lr: 0.000149  min_lr: 0.000149  loss: 0.6934 (0.7007)  loss_scale: 65536.0000 (65536.0000)  weight_decay: 0.0500 (0.0500)  grad_norm: 0.9159 (1.1052)  time: 0.8277  data: 0.4752  max mem: 11583
Epoch: [31]  [54/55]  eta: 0:00:00  lr: 0.000149  min_lr: 0.000149  loss: 0.6934 (0.7000)  loss_scale: 65536.0000 (65536.0000)  weight_decay: 0.0500 (0.0500)  grad_norm: 0.9424 (1.1014)  time: 0.8240  data: 0.4751  max mem: 11583
Epoch: [31] Total time: 0:00:50 (0.9105 s / it)
Averaged stats: lr: 0.000149  min_lr: 0.000149  loss: 0.6934 (0.7000)  loss_scale: 65536.0000 (65536.0000)  weight_decay: 0.0500 (0.0500)  grad_norm: 0.9424 (1.1014)
Epoch: [32]  [ 0/55]  eta: 0:07:43  lr: 0.000149  min_lr: 0.000149  loss: 0.6828 (0.6828)  loss_scale: 65536.0000 (65536.0000)  weight_decay: 0.0500 (0.0500)  grad_norm: 0.7071 (0.7071)  time: 8.4240  data: 7.9767  max mem: 11583
Epoch: [32]  [10/55]  eta: 0:01:06  lr: 0.000149  min_lr: 0.000149  loss: 0.7043 (0.6989)  loss_scale: 65536.0000 (65536.0000)  weight_decay: 0.0500 (0.0500)  grad_norm: 0.9994 (1.0578)  time: 1.4705  data: 1.1041  max mem: 11583
Epoch: [32]  [20/55]  eta: 0:00:40  lr: 0.000149  min_lr: 0.000149  loss: 0.6964 (0.6964)  loss_scale: 65536.0000 (65536.0000)  weight_decay: 0.0500 (0.0500)  grad_norm: 1.0005 (1.0477)  time: 0.7976  data: 0.4415  max mem: 11583
Epoch: [32]  [30/55]  eta: 0:00:26  lr: 0.000149  min_lr: 0.000149  loss: 0.6915 (0.6949)  loss_scale: 65536.0000 (65536.0000)  weight_decay: 0.0500 (0.0500)  grad_norm: 1.0157 (1.0949)  time: 0.8050  data: 0.4482  max mem: 11583
Epoch: [32]  [40/55]  eta: 0:00:14  lr: 0.000149  min_lr: 0.000149  loss: 0.6906 (0.6935)  loss_scale: 65536.0000 (65536.0000)  weight_decay: 0.0500 (0.0500)  grad_norm: 1.0623 (1.0963)  time: 0.8025  data: 0.4453  max mem: 11583
Epoch: [32]  [50/55]  eta: 0:00:04  lr: 0.000149  min_lr: 0.000149  loss: 0.6906 (0.6944)  loss_scale: 65536.0000 (65536.0000)  weight_decay: 0.0500 (0.0500)  grad_norm: 1.0873 (1.1420)  time: 0.7877  data: 0.4409  max mem: 11583
Epoch: [32]  [54/55]  eta: 0:00:00  lr: 0.000149  min_lr: 0.000149  loss: 0.6931 (0.6946)  loss_scale: 65536.0000 (65536.0000)  weight_decay: 0.0500 (0.0500)  grad_norm: 1.2086 (1.1433)  time: 0.7793  data: 0.4344  max mem: 11583
Epoch: [32] Total time: 0:00:49 (0.8999 s / it)
Averaged stats: lr: 0.000149  min_lr: 0.000149  loss: 0.6931 (0.6946)  loss_scale: 65536.0000 (65536.0000)  weight_decay: 0.0500 (0.0500)  grad_norm: 1.2086 (1.1433)
Epoch: [33]  [ 0/55]  eta: 0:07:44  lr: 0.000149  min_lr: 0.000149  loss: 0.6673 (0.6673)  loss_scale: 65536.0000 (65536.0000)  weight_decay: 0.0500 (0.0500)  grad_norm: 0.9122 (0.9122)  time: 8.4390  data: 8.0544  max mem: 11583
Epoch: [33]  [10/55]  eta: 0:01:06  lr: 0.000149  min_lr: 0.000149  loss: 0.6869 (0.6886)  loss_scale: 65536.0000 (65536.0000)  weight_decay: 0.0500 (0.0500)  grad_norm: 0.9884 (1.1151)  time: 1.4732  data: 1.1083  max mem: 11583
Epoch: [33]  [20/55]  eta: 0:00:40  lr: 0.000149  min_lr: 0.000149  loss: 0.6869 (0.6883)  loss_scale: 65536.0000 (65536.0000)  weight_decay: 0.0500 (0.0500)  grad_norm: 0.9818 (1.0320)  time: 0.7801  data: 0.4140  max mem: 11583
Epoch: [33]  [30/55]  eta: 0:00:26  lr: 0.000149  min_lr: 0.000149  loss: 0.6842 (0.6871)  loss_scale: 65536.0000 (65536.0000)  weight_decay: 0.0500 (0.0500)  grad_norm: 1.0119 (1.0635)  time: 0.8487  data: 0.4648  max mem: 11583
Epoch: [33]  [40/55]  eta: 0:00:15  lr: 0.000149  min_lr: 0.000149  loss: 0.6835 (0.6864)  loss_scale: 65536.0000 (65536.0000)  weight_decay: 0.0500 (0.0500)  grad_norm: 1.0876 (1.0962)  time: 0.8599  data: 0.4781  max mem: 11583
Epoch: [33]  [50/55]  eta: 0:00:04  lr: 0.000149  min_lr: 0.000149  loss: 0.6849 (0.6866)  loss_scale: 65536.0000 (65536.0000)  weight_decay: 0.0500 (0.0500)  grad_norm: 1.0564 (1.1024)  time: 0.8069  data: 0.4527  max mem: 11583
Epoch: [33]  [54/55]  eta: 0:00:00  lr: 0.000149  min_lr: 0.000149  loss: 0.6852 (0.6868)  loss_scale: 65536.0000 (65536.0000)  weight_decay: 0.0500 (0.0500)  grad_norm: 1.0200 (1.0895)  time: 0.8005  data: 0.4527  max mem: 11583
Epoch: [33] Total time: 0:00:50 (0.9234 s / it)
Averaged stats: lr: 0.000149  min_lr: 0.000149  loss: 0.6852 (0.6868)  loss_scale: 65536.0000 (65536.0000)  weight_decay: 0.0500 (0.0500)  grad_norm: 1.0200 (1.0895)
Epoch: [34]  [ 0/55]  eta: 0:07:24  lr: 0.000149  min_lr: 0.000149  loss: 0.6807 (0.6807)  loss_scale: 65536.0000 (65536.0000)  weight_decay: 0.0500 (0.0500)  grad_norm: 0.9543 (0.9543)  time: 8.0750  data: 7.6361  max mem: 11583
Epoch: [34]  [10/55]  eta: 0:01:07  lr: 0.000149  min_lr: 0.000149  loss: 0.6823 (0.6831)  loss_scale: 65536.0000 (65536.0000)  weight_decay: 0.0500 (0.0500)  grad_norm: 0.7636 (0.7812)  time: 1.4985  data: 1.1038  max mem: 11583
Epoch: [34]  [20/55]  eta: 0:00:40  lr: 0.000149  min_lr: 0.000149  loss: 0.6822 (0.6819)  loss_scale: 65536.0000 (65536.0000)  weight_decay: 0.0500 (0.0500)  grad_norm: 0.8267 (0.9319)  time: 0.8052  data: 0.4307  max mem: 11583
Epoch: [34]  [30/55]  eta: 0:00:26  lr: 0.000149  min_lr: 0.000149  loss: 0.6796 (0.6827)  loss_scale: 65536.0000 (65536.0000)  weight_decay: 0.0500 (0.0500)  grad_norm: 0.9922 (0.9991)  time: 0.8142  data: 0.4558  max mem: 11583
Epoch: [34]  [40/55]  eta: 0:00:15  lr: 0.000149  min_lr: 0.000149  loss: 0.6802 (0.6825)  loss_scale: 65536.0000 (65536.0000)  weight_decay: 0.0500 (0.0500)  grad_norm: 1.0181 (1.0318)  time: 0.8428  data: 0.4819  max mem: 11583
Epoch: [34]  [50/55]  eta: 0:00:04  lr: 0.000149  min_lr: 0.000149  loss: 0.6809 (0.6826)  loss_scale: 65536.0000 (65536.0000)  weight_decay: 0.0500 (0.0500)  grad_norm: 0.9451 (1.0148)  time: 0.8102  data: 0.4461  max mem: 11583
Epoch: [34]  [54/55]  eta: 0:00:00  lr: 0.000149  min_lr: 0.000149  loss: 0.6826 (0.6829)  loss_scale: 65536.0000 (65536.0000)  weight_decay: 0.0500 (0.0500)  grad_norm: 0.9616 (1.0298)  time: 0.7891  data: 0.4306  max mem: 11583
Epoch: [34] Total time: 0:00:50 (0.9170 s / it)
Averaged stats: lr: 0.000149  min_lr: 0.000149  loss: 0.6826 (0.6829)  loss_scale: 65536.0000 (65536.0000)  weight_decay: 0.0500 (0.0500)  grad_norm: 0.9616 (1.0298)
Epoch: [35]  [ 0/55]  eta: 0:07:21  lr: 0.000149  min_lr: 0.000149  loss: 0.6809 (0.6809)  loss_scale: 65536.0000 (65536.0000)  weight_decay: 0.0500 (0.0500)  grad_norm: 1.2013 (1.2013)  time: 8.0241  data: 7.5870  max mem: 11583
Epoch: [35]  [10/55]  eta: 0:01:06  lr: 0.000149  min_lr: 0.000149  loss: 0.6809 (0.6807)  loss_scale: 65536.0000 (65536.0000)  weight_decay: 0.0500 (0.0500)  grad_norm: 1.1344 (1.1742)  time: 1.4674  data: 1.1070  max mem: 11583
Epoch: [35]  [20/55]  eta: 0:00:39  lr: 0.000149  min_lr: 0.000149  loss: 0.6800 (0.6802)  loss_scale: 65536.0000 (65536.0000)  weight_decay: 0.0500 (0.0500)  grad_norm: 1.0020 (1.0613)  time: 0.7905  data: 0.4367  max mem: 11583
Epoch: [35]  [30/55]  eta: 0:00:25  lr: 0.000149  min_lr: 0.000149  loss: 0.6766 (0.6796)  loss_scale: 65536.0000 (65536.0000)  weight_decay: 0.0500 (0.0500)  grad_norm: 0.9317 (1.0307)  time: 0.7915  data: 0.4354  max mem: 11583
Epoch: [35]  [40/55]  eta: 0:00:14  lr: 0.000149  min_lr: 0.000149  loss: 0.6750 (0.6786)  loss_scale: 65536.0000 (65536.0000)  weight_decay: 0.0500 (0.0500)  grad_norm: 0.9178 (1.0181)  time: 0.8355  data: 0.4682  max mem: 11583
Epoch: [35]  [50/55]  eta: 0:00:04  lr: 0.000148  min_lr: 0.000148  loss: 0.6771 (0.6798)  loss_scale: 65536.0000 (65536.0000)  weight_decay: 0.0500 (0.0500)  grad_norm: 1.0497 (1.0506)  time: 0.8123  data: 0.4551  max mem: 11583
Epoch: [35]  [54/55]  eta: 0:00:00  lr: 0.000148  min_lr: 0.000148  loss: 0.6803 (0.6798)  loss_scale: 65536.0000 (65536.0000)  weight_decay: 0.0500 (0.0500)  grad_norm: 1.1020 (1.0551)  time: 0.8165  data: 0.4551  max mem: 11583
Epoch: [35] Total time: 0:00:49 (0.9037 s / it)
Averaged stats: lr: 0.000148  min_lr: 0.000148  loss: 0.6803 (0.6798)  loss_scale: 65536.0000 (65536.0000)  weight_decay: 0.0500 (0.0500)  grad_norm: 1.1020 (1.0551)
Epoch: [36]  [ 0/55]  eta: 0:07:43  lr: 0.000148  min_lr: 0.000148  loss: 0.6599 (0.6599)  loss_scale: 65536.0000 (65536.0000)  weight_decay: 0.0500 (0.0500)  grad_norm: 0.8661 (0.8661)  time: 8.4303  data: 8.0696  max mem: 11583
Epoch: [36]  [10/55]  eta: 0:01:04  lr: 0.000148  min_lr: 0.000148  loss: 0.6776 (0.6779)  loss_scale: 65536.0000 (65536.0000)  weight_decay: 0.0500 (0.0500)  grad_norm: 1.0503 (1.1476)  time: 1.4320  data: 1.0783  max mem: 11583
Epoch: [36]  [20/55]  eta: 0:00:39  lr: 0.000148  min_lr: 0.000148  loss: 0.6776 (0.6769)  loss_scale: 65536.0000 (71777.5238)  weight_decay: 0.0500 (0.0500)  grad_norm: 1.1101 (1.1386)  time: 0.7669  data: 0.4104  max mem: 11583
Epoch: [36]  [30/55]  eta: 0:00:25  lr: 0.000148  min_lr: 0.000148  loss: 0.6741 (0.6752)  loss_scale: 131072.0000 (90904.7742)  weight_decay: 0.0500 (0.0500)  grad_norm: 1.0179 (1.0698)  time: 0.7997  data: 0.4359  max mem: 11583
Epoch: [36]  [40/55]  eta: 0:00:14  lr: 0.000148  min_lr: 0.000148  loss: 0.6678 (0.6736)  loss_scale: 131072.0000 (100701.6585)  weight_decay: 0.0500 (0.0500)  grad_norm: 0.8344 (1.0141)  time: 0.8005  data: 0.4428  max mem: 11583
Epoch: [36]  [50/55]  eta: 0:00:04  lr: 0.000148  min_lr: 0.000148  loss: 0.6680 (0.6739)  loss_scale: 131072.0000 (106656.6275)  weight_decay: 0.0500 (0.0500)  grad_norm: 0.8870 (1.0126)  time: 0.7908  data: 0.4456  max mem: 11583
Epoch: [36]  [54/55]  eta: 0:00:00  lr: 0.000148  min_lr: 0.000148  loss: 0.6693 (0.6740)  loss_scale: 131072.0000 (108432.2909)  weight_decay: 0.0500 (0.0500)  grad_norm: 0.8870 (1.0231)  time: 0.7950  data: 0.4531  max mem: 11583
Epoch: [36] Total time: 0:00:49 (0.9060 s / it)
Averaged stats: lr: 0.000148  min_lr: 0.000148  loss: 0.6693 (0.6740)  loss_scale: 131072.0000 (108432.2909)  weight_decay: 0.0500 (0.0500)  grad_norm: 0.8870 (1.0231)
Epoch: [37]  [ 0/55]  eta: 0:07:07  lr: 0.000148  min_lr: 0.000148  loss: 0.6653 (0.6653)  loss_scale: 131072.0000 (131072.0000)  weight_decay: 0.0500 (0.0500)  grad_norm: 1.0916 (1.0916)  time: 7.7814  data: 7.4510  max mem: 11583
Epoch: [37]  [10/55]  eta: 0:01:06  lr: 0.000148  min_lr: 0.000148  loss: 0.6712 (0.6694)  loss_scale: 131072.0000 (131072.0000)  weight_decay: 0.0500 (0.0500)  grad_norm: 1.0613 (0.9845)  time: 1.4703  data: 1.1141  max mem: 11583
Epoch: [37]  [20/55]  eta: 0:00:39  lr: 0.000148  min_lr: 0.000148  loss: 0.6735 (0.6719)  loss_scale: 131072.0000 (131072.0000)  weight_decay: 0.0500 (0.0500)  grad_norm: 1.0666 (1.1533)  time: 0.8099  data: 0.4511  max mem: 11583
Epoch: [37]  [30/55]  eta: 0:00:26  lr: 0.000148  min_lr: 0.000148  loss: 0.6723 (0.6706)  loss_scale: 131072.0000 (131072.0000)  weight_decay: 0.0500 (0.0500)  grad_norm: 1.0843 (1.1167)  time: 0.8201  data: 0.4566  max mem: 11583
Epoch: [37]  [40/55]  eta: 0:00:14  lr: 0.000148  min_lr: 0.000148  loss: 0.6620 (0.6682)  loss_scale: 131072.0000 (131072.0000)  weight_decay: 0.0500 (0.0500)  grad_norm: 1.0072 (1.0960)  time: 0.8396  data: 0.4785  max mem: 11583
Epoch: [37]  [50/55]  eta: 0:00:04  lr: 0.000148  min_lr: 0.000148  loss: 0.6640 (0.6690)  loss_scale: 131072.0000 (131072.0000)  weight_decay: 0.0500 (0.0500)  grad_norm: 1.0580 (1.1098)  time: 0.7918  data: 0.4430  max mem: 11583
Epoch: [37]  [54/55]  eta: 0:00:00  lr: 0.000148  min_lr: 0.000148  loss: 0.6686 (0.6692)  loss_scale: 131072.0000 (131072.0000)  weight_decay: 0.0500 (0.0500)  grad_norm: 1.0802 (1.1083)  time: 0.7699  data: 0.4258  max mem: 11583
Epoch: [37] Total time: 0:00:49 (0.9063 s / it)
Averaged stats: lr: 0.000148  min_lr: 0.000148  loss: 0.6686 (0.6692)  loss_scale: 131072.0000 (131072.0000)  weight_decay: 0.0500 (0.0500)  grad_norm: 1.0802 (1.1083)
Epoch: [38]  [ 0/55]  eta: 0:07:27  lr: 0.000148  min_lr: 0.000148  loss: 0.6625 (0.6625)  loss_scale: 131072.0000 (131072.0000)  weight_decay: 0.0500 (0.0500)  grad_norm: 0.9698 (0.9698)  time: 8.1326  data: 7.7530  max mem: 11583
Epoch: [38]  [10/55]  eta: 0:01:04  lr: 0.000148  min_lr: 0.000148  loss: 0.6645 (0.6681)  loss_scale: 131072.0000 (131072.0000)  weight_decay: 0.0500 (0.0500)  grad_norm: 1.1066 (1.1579)  time: 1.4299  data: 1.0736  max mem: 11583
Epoch: [38]  [20/55]  eta: 0:00:40  lr: 0.000148  min_lr: 0.000148  loss: 0.6645 (0.6674)  loss_scale: 131072.0000 (131072.0000)  weight_decay: 0.0500 (0.0500)  grad_norm: 1.1066 (1.1194)  time: 0.8166  data: 0.4387  max mem: 11583
Epoch: [38]  [30/55]  eta: 0:00:26  lr: 0.000148  min_lr: 0.000148  loss: 0.6642 (0.6664)  loss_scale: 131072.0000 (131072.0000)  weight_decay: 0.0500 (0.0500)  grad_norm: 1.0808 (1.0997)  time: 0.8321  data: 0.4531  max mem: 11583
Epoch: [38]  [40/55]  eta: 0:00:14  lr: 0.000148  min_lr: 0.000148  loss: 0.6628 (0.6653)  loss_scale: 131072.0000 (131072.0000)  weight_decay: 0.0500 (0.0500)  grad_norm: 0.9356 (1.0736)  time: 0.8202  data: 0.4594  max mem: 11583
Epoch: [38]  [50/55]  eta: 0:00:04  lr: 0.000148  min_lr: 0.000148  loss: 0.6626 (0.6651)  loss_scale: 131072.0000 (131072.0000)  weight_decay: 0.0500 (0.0500)  grad_norm: 0.9700 (1.0738)  time: 0.8090  data: 0.4544  max mem: 11583
Epoch: [38]  [54/55]  eta: 0:00:00  lr: 0.000148  min_lr: 0.000148  loss: 0.6642 (0.6654)  loss_scale: 131072.0000 (131072.0000)  weight_decay: 0.0500 (0.0500)  grad_norm: 0.8779 (1.0603)  time: 0.7965  data: 0.4483  max mem: 11583
Epoch: [38] Total time: 0:00:50 (0.9098 s / it)
Averaged stats: lr: 0.000148  min_lr: 0.000148  loss: 0.6642 (0.6654)  loss_scale: 131072.0000 (131072.0000)  weight_decay: 0.0500 (0.0500)  grad_norm: 0.8779 (1.0603)
Epoch: [39]  [ 0/55]  eta: 0:07:41  lr: 0.000148  min_lr: 0.000148  loss: 0.6418 (0.6418)  loss_scale: 131072.0000 (131072.0000)  weight_decay: 0.0500 (0.0500)  grad_norm: 1.0402 (1.0402)  time: 8.3948  data: 7.9628  max mem: 11583
Epoch: [39]  [10/55]  eta: 0:01:06  lr: 0.000148  min_lr: 0.000148  loss: 0.6569 (0.6596)  loss_scale: 131072.0000 (131072.0000)  weight_decay: 0.0500 (0.0500)  grad_norm: 1.1350 (1.1919)  time: 1.4681  data: 1.0985  max mem: 11583
Epoch: [39]  [20/55]  eta: 0:00:40  lr: 0.000148  min_lr: 0.000148  loss: 0.6587 (0.6600)  loss_scale: 131072.0000 (131072.0000)  weight_decay: 0.0500 (0.0500)  grad_norm: 1.1249 (1.0890)  time: 0.7848  data: 0.4252  max mem: 11583
Epoch: [39]  [30/55]  eta: 0:00:25  lr: 0.000148  min_lr: 0.000148  loss: 0.6659 (0.6613)  loss_scale: 131072.0000 (131072.0000)  weight_decay: 0.0500 (0.0500)  grad_norm: 0.9632 (1.0766)  time: 0.7967  data: 0.4372  max mem: 11583
Epoch: [39]  [40/55]  eta: 0:00:14  lr: 0.000148  min_lr: 0.000148  loss: 0.6585 (0.6592)  loss_scale: 131072.0000 (131072.0000)  weight_decay: 0.0500 (0.0500)  grad_norm: 1.0855 (1.0755)  time: 0.8039  data: 0.4356  max mem: 11583
Epoch: [39]  [50/55]  eta: 0:00:04  lr: 0.000148  min_lr: 0.000148  loss: 0.6570 (0.6588)  loss_scale: 131072.0000 (131072.0000)  weight_decay: 0.0500 (0.0500)  grad_norm: 0.9033 (1.0547)  time: 0.8235  data: 0.4482  max mem: 11583
Epoch: [39]  [54/55]  eta: 0:00:00  lr: 0.000148  min_lr: 0.000148  loss: 0.6581 (0.6592)  loss_scale: 131072.0000 (131072.0000)  weight_decay: 0.0500 (0.0500)  grad_norm: 0.9375 (1.0537)  time: 0.8055  data: 0.4360  max mem: 11583
Epoch: [39] Total time: 0:00:50 (0.9140 s / it)
Averaged stats: lr: 0.000148  min_lr: 0.000148  loss: 0.6581 (0.6592)  loss_scale: 131072.0000 (131072.0000)  weight_decay: 0.0500 (0.0500)  grad_norm: 0.9375 (1.0537)
Epoch: [40]  [ 0/55]  eta: 0:07:36  lr: 0.000148  min_lr: 0.000148  loss: 0.6526 (0.6526)  loss_scale: 131072.0000 (131072.0000)  weight_decay: 0.0500 (0.0500)  grad_norm: 0.6749 (0.6749)  time: 8.3012  data: 7.8995  max mem: 11583
Epoch: [40]  [10/55]  eta: 0:01:06  lr: 0.000148  min_lr: 0.000148  loss: 0.6574 (0.6567)  loss_scale: 131072.0000 (131072.0000)  weight_decay: 0.0500 (0.0500)  grad_norm: 1.0991 (0.9995)  time: 1.4762  data: 1.1101  max mem: 11583
Epoch: [40]  [20/55]  eta: 0:00:40  lr: 0.000148  min_lr: 0.000148  loss: 0.6574 (0.6566)  loss_scale: 131072.0000 (131072.0000)  weight_decay: 0.0500 (0.0500)  grad_norm: 1.1110 (1.1515)  time: 0.7892  data: 0.4242  max mem: 11583
Epoch: [40]  [30/55]  eta: 0:00:26  lr: 0.000148  min_lr: 0.000148  loss: 0.6538 (0.6574)  loss_scale: 131072.0000 (131072.0000)  weight_decay: 0.0500 (0.0500)  grad_norm: 1.1612 (1.1550)  time: 0.8027  data: 0.4392  max mem: 11583
Epoch: [40]  [40/55]  eta: 0:00:14  lr: 0.000148  min_lr: 0.000148  loss: 0.6510 (0.6561)  loss_scale: 131072.0000 (131072.0000)  weight_decay: 0.0500 (0.0500)  grad_norm: 1.0738 (1.1288)  time: 0.8082  data: 0.4494  max mem: 11583
Epoch: [40]  [50/55]  eta: 0:00:04  lr: 0.000148  min_lr: 0.000148  loss: 0.6503 (0.6560)  loss_scale: 131072.0000 (131072.0000)  weight_decay: 0.0500 (0.0500)  grad_norm: 0.9543 (1.1004)  time: 0.7970  data: 0.4461  max mem: 11583
Epoch: [40]  [54/55]  eta: 0:00:00  lr: 0.000148  min_lr: 0.000148  loss: 0.6529 (0.6566)  loss_scale: 131072.0000 (131072.0000)  weight_decay: 0.0500 (0.0500)  grad_norm: 0.9543 (1.1090)  time: 0.7875  data: 0.4388  max mem: 11583
Epoch: [40] Total time: 0:00:50 (0.9092 s / it)
Averaged stats: lr: 0.000148  min_lr: 0.000148  loss: 0.6529 (0.6566)  loss_scale: 131072.0000 (131072.0000)  weight_decay: 0.0500 (0.0500)  grad_norm: 0.9543 (1.1090)
Epoch: [41]  [ 0/55]  eta: 0:07:21  lr: 0.000148  min_lr: 0.000148  loss: 0.6429 (0.6429)  loss_scale: 131072.0000 (131072.0000)  weight_decay: 0.0500 (0.0500)  grad_norm: 1.1421 (1.1421)  time: 8.0232  data: 7.6418  max mem: 11583
Epoch: [41]  [10/55]  eta: 0:01:05  lr: 0.000148  min_lr: 0.000148  loss: 0.6572 (0.6558)  loss_scale: 131072.0000 (131072.0000)  weight_decay: 0.0500 (0.0500)  grad_norm: 0.9853 (0.9728)  time: 1.4520  data: 1.0939  max mem: 11583
Epoch: [41]  [20/55]  eta: 0:00:39  lr: 0.000148  min_lr: 0.000148  loss: 0.6572 (0.6561)  loss_scale: 131072.0000 (131072.0000)  weight_decay: 0.0500 (0.0500)  grad_norm: 1.0003 (1.1263)  time: 0.7921  data: 0.4301  max mem: 11583
Epoch: [41]  [30/55]  eta: 0:00:25  lr: 0.000148  min_lr: 0.000148  loss: 0.6532 (0.6561)  loss_scale: 131072.0000 (131072.0000)  weight_decay: 0.0500 (0.0500)  grad_norm: 1.3078 (1.1916)  time: 0.7927  data: 0.4264  max mem: 11583
Epoch: [41]  [40/55]  eta: 0:00:14  lr: 0.000148  min_lr: 0.000148  loss: 0.6526 (0.6549)  loss_scale: 131072.0000 (131072.0000)  weight_decay: 0.0500 (0.0500)  grad_norm: 1.1660 (1.1844)  time: 0.8451  data: 0.4707  max mem: 11583
Epoch: [41]  [50/55]  eta: 0:00:04  lr: 0.000148  min_lr: 0.000148  loss: 0.6543 (0.6548)  loss_scale: 131072.0000 (131072.0000)  weight_decay: 0.0500 (0.0500)  grad_norm: 0.8651 (1.1259)  time: 0.8293  data: 0.4638  max mem: 11583
Epoch: [41]  [54/55]  eta: 0:00:00  lr: 0.000148  min_lr: 0.000148  loss: 0.6521 (0.6552)  loss_scale: 131072.0000 (131072.0000)  weight_decay: 0.0500 (0.0500)  grad_norm: 0.8848 (1.1272)  time: 0.8017  data: 0.4519  max mem: 11583
Epoch: [41] Total time: 0:00:49 (0.9058 s / it)
Averaged stats: lr: 0.000148  min_lr: 0.000148  loss: 0.6521 (0.6552)  loss_scale: 131072.0000 (131072.0000)  weight_decay: 0.0500 (0.0500)  grad_norm: 0.8848 (1.1272)
Epoch: [42]  [ 0/55]  eta: 0:07:49  lr: 0.000148  min_lr: 0.000148  loss: 0.6429 (0.6429)  loss_scale: 131072.0000 (131072.0000)  weight_decay: 0.0500 (0.0500)  grad_norm: 0.6749 (0.6749)  time: 8.5403  data: 8.1441  max mem: 11583
Epoch: [42]  [10/55]  eta: 0:01:07  lr: 0.000148  min_lr: 0.000148  loss: 0.6503 (0.6482)  loss_scale: 131072.0000 (131072.0000)  weight_decay: 0.0500 (0.0500)  grad_norm: 0.7527 (0.7461)  time: 1.4977  data: 1.1315  max mem: 11583
Epoch: [42]  [20/55]  eta: 0:00:42  lr: 0.000148  min_lr: 0.000148  loss: 0.6506 (0.6496)  loss_scale: 131072.0000 (131072.0000)  weight_decay: 0.0500 (0.0500)  grad_norm: 0.8486 (0.9147)  time: 0.8536  data: 0.4683  max mem: 11583
Epoch: [42]  [30/55]  eta: 0:00:27  lr: 0.000148  min_lr: 0.000148  loss: 0.6502 (0.6484)  loss_scale: 131072.0000 (131072.0000)  weight_decay: 0.0500 (0.0500)  grad_norm: 1.1271 (1.0033)  time: 0.8566  data: 0.4724  max mem: 11583
Epoch: [42]  [40/55]  eta: 0:00:15  lr: 0.000148  min_lr: 0.000148  loss: 0.6415 (0.6470)  loss_scale: 131072.0000 (131072.0000)  weight_decay: 0.0500 (0.0500)  grad_norm: 0.9634 (1.0036)  time: 0.8300  data: 0.4655  max mem: 11583
Epoch: [42]  [50/55]  eta: 0:00:04  lr: 0.000148  min_lr: 0.000148  loss: 0.6462 (0.6478)  loss_scale: 131072.0000 (131072.0000)  weight_decay: 0.0500 (0.0500)  grad_norm: 0.8942 (0.9856)  time: 0.8060  data: 0.4507  max mem: 11583
Epoch: [42]  [54/55]  eta: 0:00:00  lr: 0.000148  min_lr: 0.000148  loss: 0.6480 (0.6479)  loss_scale: 131072.0000 (131072.0000)  weight_decay: 0.0500 (0.0500)  grad_norm: 0.9170 (1.0069)  time: 0.7977  data: 0.4491  max mem: 11583
Epoch: [42] Total time: 0:00:51 (0.9347 s / it)
Averaged stats: lr: 0.000148  min_lr: 0.000148  loss: 0.6480 (0.6479)  loss_scale: 131072.0000 (131072.0000)  weight_decay: 0.0500 (0.0500)  grad_norm: 0.9170 (1.0069)
Epoch: [43]  [ 0/55]  eta: 0:07:20  lr: 0.000148  min_lr: 0.000148  loss: 0.6501 (0.6501)  loss_scale: 131072.0000 (131072.0000)  weight_decay: 0.0500 (0.0500)  grad_norm: 1.3101 (1.3101)  time: 8.0062  data: 7.6105  max mem: 11583
Epoch: [43]  [10/55]  eta: 0:01:04  lr: 0.000148  min_lr: 0.000148  loss: 0.6545 (0.6536)  loss_scale: 131072.0000 (131072.0000)  weight_decay: 0.0500 (0.0500)  grad_norm: 1.0966 (1.1303)  time: 1.4275  data: 1.0732  max mem: 11583
Epoch: [43]  [20/55]  eta: 0:00:39  lr: 0.000147  min_lr: 0.000147  loss: 0.6526 (0.6518)  loss_scale: 131072.0000 (131072.0000)  weight_decay: 0.0500 (0.0500)  grad_norm: 1.0629 (1.1226)  time: 0.7947  data: 0.4405  max mem: 11583
Epoch: [43]  [30/55]  eta: 0:00:25  lr: 0.000147  min_lr: 0.000147  loss: 0.6482 (0.6507)  loss_scale: 131072.0000 (131072.0000)  weight_decay: 0.0500 (0.0500)  grad_norm: 1.0130 (1.0687)  time: 0.8150  data: 0.4588  max mem: 11583
Epoch: [43]  [40/55]  eta: 0:00:14  lr: 0.000147  min_lr: 0.000147  loss: 0.6452 (0.6488)  loss_scale: 131072.0000 (131072.0000)  weight_decay: 0.0500 (0.0500)  grad_norm: 0.9347 (1.0364)  time: 0.8117  data: 0.4533  max mem: 11583
Epoch: [43]  [50/55]  eta: 0:00:04  lr: 0.000147  min_lr: 0.000147  loss: 0.6454 (0.6495)  loss_scale: 131072.0000 (131072.0000)  weight_decay: 0.0500 (0.0500)  grad_norm: 1.0412 (1.0943)  time: 0.8392  data: 0.4732  max mem: 11583
Epoch: [43]  [54/55]  eta: 0:00:00  lr: 0.000147  min_lr: 0.000147  loss: 0.6453 (0.6491)  loss_scale: 131072.0000 (131072.0000)  weight_decay: 0.0500 (0.0500)  grad_norm: 1.1061 (1.1021)  time: 0.8177  data: 0.4561  max mem: 11583
Epoch: [43] Total time: 0:00:50 (0.9149 s / it)
Averaged stats: lr: 0.000147  min_lr: 0.000147  loss: 0.6453 (0.6491)  loss_scale: 131072.0000 (131072.0000)  weight_decay: 0.0500 (0.0500)  grad_norm: 1.1061 (1.1021)
Epoch: [44]  [ 0/55]  eta: 0:07:42  lr: 0.000147  min_lr: 0.000147  loss: 0.6450 (0.6450)  loss_scale: 131072.0000 (131072.0000)  weight_decay: 0.0500 (0.0500)  grad_norm: 0.9590 (0.9590)  time: 8.4157  data: 8.0157  max mem: 11583
Epoch: [44]  [10/55]  eta: 0:01:06  lr: 0.000147  min_lr: 0.000147  loss: 0.6435 (0.6443)  loss_scale: 131072.0000 (131072.0000)  weight_decay: 0.0500 (0.0500)  grad_norm: 0.8946 (0.8746)  time: 1.4883  data: 1.1223  max mem: 11583
Epoch: [44]  [20/55]  eta: 0:00:40  lr: 0.000147  min_lr: 0.000147  loss: 0.6435 (0.6461)  loss_scale: 131072.0000 (131072.0000)  weight_decay: 0.0500 (0.0500)  grad_norm: 0.9056 (1.0219)  time: 0.7797  data: 0.4189  max mem: 11583
Epoch: [44]  [30/55]  eta: 0:00:26  lr: 0.000147  min_lr: 0.000147  loss: 0.6467 (0.6463)  loss_scale: 131072.0000 (131072.0000)  weight_decay: 0.0500 (0.0500)  grad_norm: 1.1281 (1.0489)  time: 0.8195  data: 0.4500  max mem: 11583
Epoch: [44]  [40/55]  eta: 0:00:14  lr: 0.000147  min_lr: 0.000147  loss: 0.6417 (0.6447)  loss_scale: 131072.0000 (131072.0000)  weight_decay: 0.0500 (0.0500)  grad_norm: 1.0343 (1.0339)  time: 0.8399  data: 0.4710  max mem: 11583
Epoch: [44]  [50/55]  eta: 0:00:04  lr: 0.000147  min_lr: 0.000147  loss: 0.6417 (0.6457)  loss_scale: 131072.0000 (131072.0000)  weight_decay: 0.0500 (0.0500)  grad_norm: 1.0522 (1.0705)  time: 0.8001  data: 0.4479  max mem: 11583
Epoch: [44]  [54/55]  eta: 0:00:00  lr: 0.000147  min_lr: 0.000147  loss: 0.6472 (0.6459)  loss_scale: 131072.0000 (131072.0000)  weight_decay: 0.0500 (0.0500)  grad_norm: 1.0985 (1.0830)  time: 0.7999  data: 0.4479  max mem: 11583
Epoch: [44] Total time: 0:00:50 (0.9136 s / it)
Averaged stats: lr: 0.000147  min_lr: 0.000147  loss: 0.6472 (0.6459)  loss_scale: 131072.0000 (131072.0000)  weight_decay: 0.0500 (0.0500)  grad_norm: 1.0985 (1.0830)
Epoch: [45]  [ 0/55]  eta: 0:07:22  lr: 0.000147  min_lr: 0.000147  loss: 0.6409 (0.6409)  loss_scale: 131072.0000 (131072.0000)  weight_decay: 0.0500 (0.0500)  grad_norm: 1.3211 (1.3211)  time: 8.0389  data: 7.6292  max mem: 11583
Epoch: [45]  [10/55]  eta: 0:01:06  lr: 0.000147  min_lr: 0.000147  loss: 0.6409 (0.6420)  loss_scale: 131072.0000 (131072.0000)  weight_decay: 0.0500 (0.0500)  grad_norm: 0.8591 (0.9358)  time: 1.4844  data: 1.1227  max mem: 11583
Epoch: [45]  [20/55]  eta: 0:00:40  lr: 0.000147  min_lr: 0.000147  loss: 0.6422 (0.6426)  loss_scale: 131072.0000 (131072.0000)  weight_decay: 0.0500 (0.0500)  grad_norm: 1.0229 (1.0850)  time: 0.7994  data: 0.4383  max mem: 11583
Epoch: [45]  [30/55]  eta: 0:00:26  lr: 0.000147  min_lr: 0.000147  loss: 0.6424 (0.6438)  loss_scale: 131072.0000 (131072.0000)  weight_decay: 0.0500 (0.0500)  grad_norm: 1.1829 (1.0823)  time: 0.8138  data: 0.4497  max mem: 11583
Epoch: [45]  [40/55]  eta: 0:00:14  lr: 0.000147  min_lr: 0.000147  loss: 0.6442 (0.6435)  loss_scale: 131072.0000 (131072.0000)  weight_decay: 0.0500 (0.0500)  grad_norm: 1.1291 (1.0852)  time: 0.8416  data: 0.4783  max mem: 11583
Epoch: [45]  [50/55]  eta: 0:00:04  lr: 0.000147  min_lr: 0.000147  loss: 0.6430 (0.6430)  loss_scale: 131072.0000 (131072.0000)  weight_decay: 0.0500 (0.0500)  grad_norm: 1.0981 (1.0769)  time: 0.7949  data: 0.4442  max mem: 11583
Epoch: [45]  [54/55]  eta: 0:00:00  lr: 0.000147  min_lr: 0.000147  loss: 0.6413 (0.6431)  loss_scale: 131072.0000 (131072.0000)  weight_decay: 0.0500 (0.0500)  grad_norm: 0.9831 (1.0773)  time: 0.7992  data: 0.4505  max mem: 11583
Epoch: [45] Total time: 0:00:50 (0.9204 s / it)
Averaged stats: lr: 0.000147  min_lr: 0.000147  loss: 0.6413 (0.6431)  loss_scale: 131072.0000 (131072.0000)  weight_decay: 0.0500 (0.0500)  grad_norm: 0.9831 (1.0773)
Epoch: [46]  [ 0/55]  eta: 0:07:23  lr: 0.000147  min_lr: 0.000147  loss: 0.6261 (0.6261)  loss_scale: 131072.0000 (131072.0000)  weight_decay: 0.0500 (0.0500)  grad_norm: 0.8157 (0.8157)  time: 8.0683  data: 7.6135  max mem: 11583
Epoch: [46]  [10/55]  eta: 0:01:06  lr: 0.000147  min_lr: 0.000147  loss: 0.6338 (0.6354)  loss_scale: 131072.0000 (131072.0000)  weight_decay: 0.0500 (0.0500)  grad_norm: 0.8293 (0.8553)  time: 1.4693  data: 1.1042  max mem: 11583
Epoch: [46]  [20/55]  eta: 0:00:39  lr: 0.000147  min_lr: 0.000147  loss: 0.6369 (0.6401)  loss_scale: 131072.0000 (131072.0000)  weight_decay: 0.0500 (0.0500)  grad_norm: 0.9727 (1.1257)  time: 0.7965  data: 0.4354  max mem: 11583
Epoch: [46]  [30/55]  eta: 0:00:25  lr: 0.000147  min_lr: 0.000147  loss: 0.6371 (0.6389)  loss_scale: 131072.0000 (131072.0000)  weight_decay: 0.0500 (0.0500)  grad_norm: 1.0475 (1.0489)  time: 0.8016  data: 0.4334  max mem: 11583
Epoch: [46]  [40/55]  eta: 0:00:15  lr: 0.000147  min_lr: 0.000147  loss: 0.6326 (0.6366)  loss_scale: 131072.0000 (131072.0000)  weight_decay: 0.0500 (0.0500)  grad_norm: 0.9039 (1.0199)  time: 0.8513  data: 0.4812  max mem: 11583
Epoch: [46]  [50/55]  eta: 0:00:04  lr: 0.000147  min_lr: 0.000147  loss: 0.6303 (0.6361)  loss_scale: 131072.0000 (131072.0000)  weight_decay: 0.0500 (0.0500)  grad_norm: 0.8753 (0.9840)  time: 0.8326  data: 0.4736  max mem: 11583
Epoch: [46]  [54/55]  eta: 0:00:00  lr: 0.000147  min_lr: 0.000147  loss: 0.6323 (0.6368)  loss_scale: 131072.0000 (131072.0000)  weight_decay: 0.0500 (0.0500)  grad_norm: 0.8756 (0.9926)  time: 0.7914  data: 0.4392  max mem: 11583
Epoch: [46] Total time: 0:00:50 (0.9150 s / it)
Averaged stats: lr: 0.000147  min_lr: 0.000147  loss: 0.6323 (0.6368)  loss_scale: 131072.0000 (131072.0000)  weight_decay: 0.0500 (0.0500)  grad_norm: 0.8756 (0.9926)
Epoch: [47]  [ 0/55]  eta: 0:07:15  lr: 0.000147  min_lr: 0.000147  loss: 0.6393 (0.6393)  loss_scale: 131072.0000 (131072.0000)  weight_decay: 0.0500 (0.0500)  grad_norm: 0.8961 (0.8961)  time: 7.9205  data: 7.5235  max mem: 11583
Epoch: [47]  [10/55]  eta: 0:01:07  lr: 0.000147  min_lr: 0.000147  loss: 0.6395 (0.6371)  loss_scale: 131072.0000 (131072.0000)  weight_decay: 0.0500 (0.0500)  grad_norm: 1.1673 (1.1934)  time: 1.5062  data: 1.1152  max mem: 11583
Epoch: [47]  [20/55]  eta: 0:00:40  lr: 0.000147  min_lr: 0.000147  loss: 0.6406 (0.6408)  loss_scale: 131072.0000 (131072.0000)  weight_decay: 0.0500 (0.0500)  grad_norm: 1.2505 (1.3078)  time: 0.8262  data: 0.4468  max mem: 11583
Epoch: [47]  [30/55]  eta: 0:00:26  lr: 0.000147  min_lr: 0.000147  loss: 0.6373 (0.6376)  loss_scale: 131072.0000 (131072.0000)  weight_decay: 0.0500 (0.0500)  grad_norm: 1.1491 (1.2137)  time: 0.7896  data: 0.4257  max mem: 11583
Epoch: [47]  [40/55]  eta: 0:00:15  lr: 0.000147  min_lr: 0.000147  loss: 0.6322 (0.6368)  loss_scale: 131072.0000 (131072.0000)  weight_decay: 0.0500 (0.0500)  grad_norm: 0.9055 (1.1397)  time: 0.8308  data: 0.4701  max mem: 11583
Epoch: [47]  [50/55]  eta: 0:00:04  lr: 0.000147  min_lr: 0.000147  loss: 0.6306 (0.6359)  loss_scale: 131072.0000 (131072.0000)  weight_decay: 0.0500 (0.0500)  grad_norm: 0.8472 (1.0812)  time: 0.8158  data: 0.4624  max mem: 11583
Epoch: [47]  [54/55]  eta: 0:00:00  lr: 0.000147  min_lr: 0.000147  loss: 0.6330 (0.6361)  loss_scale: 131072.0000 (131072.0000)  weight_decay: 0.0500 (0.0500)  grad_norm: 0.8449 (1.0880)  time: 0.7914  data: 0.4431  max mem: 11583
Epoch: [47] Total time: 0:00:50 (0.9119 s / it)
Averaged stats: lr: 0.000147  min_lr: 0.000147  loss: 0.6330 (0.6361)  loss_scale: 131072.0000 (131072.0000)  weight_decay: 0.0500 (0.0500)  grad_norm: 0.8449 (1.0880)
Epoch: [48]  [ 0/55]  eta: 0:07:46  lr: 0.000147  min_lr: 0.000147  loss: 0.6264 (0.6264)  loss_scale: 131072.0000 (131072.0000)  weight_decay: 0.0500 (0.0500)  grad_norm: 0.8388 (0.8388)  time: 8.4737  data: 8.0773  max mem: 11583
Epoch: [48]  [10/55]  eta: 0:01:05  lr: 0.000147  min_lr: 0.000147  loss: 0.6310 (0.6330)  loss_scale: 131072.0000 (131072.0000)  weight_decay: 0.0500 (0.0500)  grad_norm: 1.1529 (1.2015)  time: 1.4612  data: 1.1018  max mem: 11583
Epoch: [48]  [20/55]  eta: 0:00:40  lr: 0.000147  min_lr: 0.000147  loss: 0.6313 (0.6319)  loss_scale: 131072.0000 (131072.0000)  weight_decay: 0.0500 (0.0500)  grad_norm: 1.0534 (1.1118)  time: 0.7993  data: 0.4390  max mem: 11583
Epoch: [48]  [30/55]  eta: 0:00:26  lr: 0.000147  min_lr: 0.000147  loss: 0.6281 (0.6306)  loss_scale: 131072.0000 (131072.0000)  weight_decay: 0.0500 (0.0500)  grad_norm: 0.9704 (1.0578)  time: 0.8340  data: 0.4673  max mem: 11583
Epoch: [48]  [40/55]  eta: 0:00:14  lr: 0.000147  min_lr: 0.000147  loss: 0.6277 (0.6297)  loss_scale: 131072.0000 (131072.0000)  weight_decay: 0.0500 (0.0500)  grad_norm: 0.8873 (1.0431)  time: 0.8087  data: 0.4548  max mem: 11583
Epoch: [48]  [50/55]  eta: 0:00:04  lr: 0.000147  min_lr: 0.000147  loss: 0.6298 (0.6298)  loss_scale: 131072.0000 (131072.0000)  weight_decay: 0.0500 (0.0500)  grad_norm: 0.9859 (1.0288)  time: 0.8284  data: 0.4749  max mem: 11583
Epoch: [48]  [54/55]  eta: 0:00:00  lr: 0.000147  min_lr: 0.000147  loss: 0.6297 (0.6301)  loss_scale: 131072.0000 (131072.0000)  weight_decay: 0.0500 (0.0500)  grad_norm: 0.9859 (1.0171)  time: 0.8149  data: 0.4639  max mem: 11583
Epoch: [48] Total time: 0:00:50 (0.9235 s / it)
Averaged stats: lr: 0.000147  min_lr: 0.000147  loss: 0.6297 (0.6301)  loss_scale: 131072.0000 (131072.0000)  weight_decay: 0.0500 (0.0500)  grad_norm: 0.9859 (1.0171)
Epoch: [49]  [ 0/55]  eta: 0:07:36  lr: 0.000147  min_lr: 0.000147  loss: 0.6436 (0.6436)  loss_scale: 131072.0000 (131072.0000)  weight_decay: 0.0500 (0.0500)  grad_norm: 0.7307 (0.7307)  time: 8.2946  data: 7.9015  max mem: 11583
Epoch: [49]  [10/55]  eta: 0:01:06  lr: 0.000147  min_lr: 0.000147  loss: 0.6327 (0.6319)  loss_scale: 131072.0000 (131072.0000)  weight_decay: 0.0500 (0.0500)  grad_norm: 0.8761 (0.8470)  time: 1.4717  data: 1.1066  max mem: 11583
Epoch: [49]  [20/55]  eta: 0:00:39  lr: 0.000147  min_lr: 0.000147  loss: 0.6319 (0.6306)  loss_scale: 131072.0000 (131072.0000)  weight_decay: 0.0500 (0.0500)  grad_norm: 0.8913 (0.8930)  time: 0.7775  data: 0.4217  max mem: 11583
Epoch: [49]  [30/55]  eta: 0:00:26  lr: 0.000146  min_lr: 0.000146  loss: 0.6319 (0.6308)  loss_scale: 131072.0000 (131072.0000)  weight_decay: 0.0500 (0.0500)  grad_norm: 0.9455 (0.9228)  time: 0.8372  data: 0.4582  max mem: 11583
Epoch: [49]  [40/55]  eta: 0:00:14  lr: 0.000146  min_lr: 0.000146  loss: 0.6297 (0.6304)  loss_scale: 131072.0000 (131072.0000)  weight_decay: 0.0500 (0.0500)  grad_norm: 1.0399 (0.9782)  time: 0.8516  data: 0.4672  max mem: 11583
Epoch: [49]  [50/55]  eta: 0:00:04  lr: 0.000146  min_lr: 0.000146  loss: 0.6280 (0.6303)  loss_scale: 131072.0000 (131072.0000)  weight_decay: 0.0500 (0.0500)  grad_norm: 1.0458 (0.9708)  time: 0.8055  data: 0.4521  max mem: 11583
Epoch: [49]  [54/55]  eta: 0:00:00  lr: 0.000146  min_lr: 0.000146  loss: 0.6320 (0.6308)  loss_scale: 131072.0000 (131072.0000)  weight_decay: 0.0500 (0.0500)  grad_norm: 1.0541 (1.0189)  time: 0.8031  data: 0.4508  max mem: 11583
Epoch: [49] Total time: 0:00:50 (0.9184 s / it)
Averaged stats: lr: 0.000146  min_lr: 0.000146  loss: 0.6320 (0.6308)  loss_scale: 131072.0000 (131072.0000)  weight_decay: 0.0500 (0.0500)  grad_norm: 1.0541 (1.0189)
Epoch: [50]  [ 0/55]  eta: 0:07:09  lr: 0.000146  min_lr: 0.000146  loss: 0.6333 (0.6333)  loss_scale: 131072.0000 (131072.0000)  weight_decay: 0.0500 (0.0500)  grad_norm: 0.9329 (0.9329)  time: 7.8127  data: 7.4433  max mem: 11583
Epoch: [50]  [10/55]  eta: 0:01:05  lr: 0.000146  min_lr: 0.000146  loss: 0.6265 (0.6285)  loss_scale: 131072.0000 (131072.0000)  weight_decay: 0.0500 (0.0500)  grad_norm: 1.1201 (1.1311)  time: 1.4595  data: 1.0995  max mem: 11583
Epoch: [50]  [20/55]  eta: 0:00:39  lr: 0.000146  min_lr: 0.000146  loss: 0.6263 (0.6274)  loss_scale: 131072.0000 (131072.0000)  weight_decay: 0.0500 (0.0500)  grad_norm: 0.9354 (0.9916)  time: 0.7976  data: 0.4416  max mem: 11583
Epoch: [50]  [30/55]  eta: 0:00:25  lr: 0.000146  min_lr: 0.000146  loss: 0.6286 (0.6287)  loss_scale: 131072.0000 (131072.0000)  weight_decay: 0.0500 (0.0500)  grad_norm: 0.9046 (1.0366)  time: 0.8051  data: 0.4475  max mem: 11583
Epoch: [50]  [40/55]  eta: 0:00:14  lr: 0.000146  min_lr: 0.000146  loss: 0.6286 (0.6284)  loss_scale: 131072.0000 (131072.0000)  weight_decay: 0.0500 (0.0500)  grad_norm: 1.1389 (1.0613)  time: 0.8170  data: 0.4527  max mem: 11583
Epoch: [50]  [50/55]  eta: 0:00:04  lr: 0.000146  min_lr: 0.000146  loss: 0.6291 (0.6292)  loss_scale: 131072.0000 (131072.0000)  weight_decay: 0.0500 (0.0500)  grad_norm: 1.1238 (1.0741)  time: 0.7813  data: 0.4261  max mem: 11583
Epoch: [50]  [54/55]  eta: 0:00:00  lr: 0.000146  min_lr: 0.000146  loss: 0.6291 (0.6294)  loss_scale: 131072.0000 (131072.0000)  weight_decay: 0.0500 (0.0500)  grad_norm: 1.1238 (1.0825)  time: 0.7641  data: 0.4138  max mem: 11583
Epoch: [50] Total time: 0:00:49 (0.8957 s / it)
Averaged stats: lr: 0.000146  min_lr: 0.000146  loss: 0.6291 (0.6294)  loss_scale: 131072.0000 (131072.0000)  weight_decay: 0.0500 (0.0500)  grad_norm: 1.1238 (1.0825)
Epoch: [51]  [ 0/55]  eta: 0:07:15  lr: 0.000146  min_lr: 0.000146  loss: 0.6145 (0.6145)  loss_scale: 131072.0000 (131072.0000)  weight_decay: 0.0500 (0.0500)  grad_norm: 0.9334 (0.9334)  time: 7.9220  data: 7.5298  max mem: 11583
Epoch: [51]  [10/55]  eta: 0:01:02  lr: 0.000146  min_lr: 0.000146  loss: 0.6268 (0.6263)  loss_scale: 131072.0000 (131072.0000)  weight_decay: 0.0500 (0.0500)  grad_norm: 0.9334 (0.9532)  time: 1.3975  data: 1.0469  max mem: 11583
Epoch: [51]  [20/55]  eta: 0:00:39  lr: 0.000146  min_lr: 0.000146  loss: 0.6266 (0.6259)  loss_scale: 131072.0000 (131072.0000)  weight_decay: 0.0500 (0.0500)  grad_norm: 0.9009 (0.9555)  time: 0.7877  data: 0.4283  max mem: 11583
Epoch: [51]  [30/55]  eta: 0:00:25  lr: 0.000146  min_lr: 0.000146  loss: 0.6263 (0.6266)  loss_scale: 131072.0000 (131072.0000)  weight_decay: 0.0500 (0.0500)  grad_norm: 0.9528 (0.9864)  time: 0.8121  data: 0.4461  max mem: 11583
Epoch: [51]  [40/55]  eta: 0:00:14  lr: 0.000146  min_lr: 0.000146  loss: 0.6251 (0.6256)  loss_scale: 131072.0000 (131072.0000)  weight_decay: 0.0500 (0.0500)  grad_norm: 1.0191 (1.0195)  time: 0.8247  data: 0.4631  max mem: 11583
Epoch: [51]  [50/55]  eta: 0:00:04  lr: 0.000146  min_lr: 0.000146  loss: 0.6188 (0.6243)  loss_scale: 131072.0000 (131072.0000)  weight_decay: 0.0500 (0.0500)  grad_norm: 0.9044 (0.9800)  time: 0.8162  data: 0.4617  max mem: 11583
Epoch: [51]  [54/55]  eta: 0:00:00  lr: 0.000146  min_lr: 0.000146  loss: 0.6184 (0.6242)  loss_scale: 131072.0000 (131072.0000)  weight_decay: 0.0500 (0.0500)  grad_norm: 0.9143 (0.9949)  time: 0.8081  data: 0.4588  max mem: 11583
Epoch: [51] Total time: 0:00:50 (0.9134 s / it)
Averaged stats: lr: 0.000146  min_lr: 0.000146  loss: 0.6184 (0.6242)  loss_scale: 131072.0000 (131072.0000)  weight_decay: 0.0500 (0.0500)  grad_norm: 0.9143 (0.9949)
Epoch: [52]  [ 0/55]  eta: 0:07:40  lr: 0.000146  min_lr: 0.000146  loss: 0.6159 (0.6159)  loss_scale: 131072.0000 (131072.0000)  weight_decay: 0.0500 (0.0500)  grad_norm: 1.1037 (1.1037)  time: 8.3696  data: 7.9497  max mem: 11583
Epoch: [52]  [10/55]  eta: 0:01:04  lr: 0.000146  min_lr: 0.000146  loss: 0.6255 (0.6238)  loss_scale: 131072.0000 (131072.0000)  weight_decay: 0.0500 (0.0500)  grad_norm: 1.1261 (1.0587)  time: 1.4422  data: 1.0792  max mem: 11583
Epoch: [52]  [20/55]  eta: 0:00:39  lr: 0.000146  min_lr: 0.000146  loss: 0.6231 (0.6229)  loss_scale: 131072.0000 (131072.0000)  weight_decay: 0.0500 (0.0500)  grad_norm: 1.0497 (1.0731)  time: 0.7784  data: 0.4225  max mem: 11583
Epoch: [52]  [30/55]  eta: 0:00:25  lr: 0.000146  min_lr: 0.000146  loss: 0.6203 (0.6221)  loss_scale: 131072.0000 (131072.0000)  weight_decay: 0.0500 (0.0500)  grad_norm: 1.0413 (1.0694)  time: 0.8017  data: 0.4456  max mem: 11583
Epoch: [52]  [40/55]  eta: 0:00:14  lr: 0.000146  min_lr: 0.000146  loss: 0.6232 (0.6229)  loss_scale: 131072.0000 (131072.0000)  weight_decay: 0.0500 (0.0500)  grad_norm: 1.1523 (1.1353)  time: 0.8320  data: 0.4671  max mem: 11583
Epoch: [52]  [50/55]  eta: 0:00:04  lr: 0.000146  min_lr: 0.000146  loss: 0.6231 (0.6224)  loss_scale: 131072.0000 (131072.0000)  weight_decay: 0.0500 (0.0500)  grad_norm: 1.1886 (1.1079)  time: 0.8180  data: 0.4593  max mem: 11583
Epoch: [52]  [54/55]  eta: 0:00:00  lr: 0.000146  min_lr: 0.000146  loss: 0.6226 (0.6226)  loss_scale: 131072.0000 (131072.0000)  weight_decay: 0.0500 (0.0500)  grad_norm: 0.9171 (1.0972)  time: 0.8172  data: 0.4635  max mem: 11583
Epoch: [52] Total time: 0:00:50 (0.9148 s / it)
Averaged stats: lr: 0.000146  min_lr: 0.000146  loss: 0.6226 (0.6226)  loss_scale: 131072.0000 (131072.0000)  weight_decay: 0.0500 (0.0500)  grad_norm: 0.9171 (1.0972)
Epoch: [53]  [ 0/55]  eta: 0:07:46  lr: 0.000146  min_lr: 0.000146  loss: 0.6083 (0.6083)  loss_scale: 131072.0000 (131072.0000)  weight_decay: 0.0500 (0.0500)  grad_norm: 0.8170 (0.8170)  time: 8.4855  data: 8.0453  max mem: 11583
Epoch: [53]  [10/55]  eta: 0:01:05  lr: 0.000146  min_lr: 0.000146  loss: 0.6114 (0.6136)  loss_scale: 131072.0000 (131072.0000)  weight_decay: 0.0500 (0.0500)  grad_norm: 0.8484 (0.8762)  time: 1.4661  data: 1.1003  max mem: 11583
Epoch: [53]  [20/55]  eta: 0:00:39  lr: 0.000146  min_lr: 0.000146  loss: 0.6169 (0.6176)  loss_scale: 131072.0000 (131072.0000)  weight_decay: 0.0500 (0.0500)  grad_norm: 0.9637 (0.9489)  time: 0.7697  data: 0.4110  max mem: 11583
Epoch: [53]  [30/55]  eta: 0:00:26  lr: 0.000146  min_lr: 0.000146  loss: 0.6208 (0.6187)  loss_scale: 131072.0000 (131072.0000)  weight_decay: 0.0500 (0.0500)  grad_norm: 0.9924 (0.9758)  time: 0.8276  data: 0.4654  max mem: 11583
Epoch: [53]  [40/55]  eta: 0:00:14  lr: 0.000146  min_lr: 0.000146  loss: 0.6190 (0.6177)  loss_scale: 131072.0000 (131072.0000)  weight_decay: 0.0500 (0.0500)  grad_norm: 0.9613 (0.9547)  time: 0.8472  data: 0.4831  max mem: 11583
Epoch: [53]  [50/55]  eta: 0:00:04  lr: 0.000146  min_lr: 0.000146  loss: 0.6190 (0.6187)  loss_scale: 131072.0000 (131072.0000)  weight_decay: 0.0500 (0.0500)  grad_norm: 0.9873 (1.0064)  time: 0.8200  data: 0.4656  max mem: 11583
Epoch: [53]  [54/55]  eta: 0:00:00  lr: 0.000146  min_lr: 0.000146  loss: 0.6197 (0.6192)  loss_scale: 131072.0000 (131072.0000)  weight_decay: 0.0500 (0.0500)  grad_norm: 1.1218 (1.0310)  time: 0.8134  data: 0.4655  max mem: 11583
Epoch: [53] Total time: 0:00:50 (0.9182 s / it)
Averaged stats: lr: 0.000146  min_lr: 0.000146  loss: 0.6197 (0.6192)  loss_scale: 131072.0000 (131072.0000)  weight_decay: 0.0500 (0.0500)  grad_norm: 1.1218 (1.0310)
Epoch: [54]  [ 0/55]  eta: 0:07:18  lr: 0.000146  min_lr: 0.000146  loss: 0.6077 (0.6077)  loss_scale: 131072.0000 (131072.0000)  weight_decay: 0.0500 (0.0500)  grad_norm: 1.3613 (1.3613)  time: 7.9684  data: 7.5732  max mem: 11583
Epoch: [54]  [10/55]  eta: 0:01:07  lr: 0.000146  min_lr: 0.000146  loss: 0.6181 (0.6133)  loss_scale: 131072.0000 (131072.0000)  weight_decay: 0.0500 (0.0500)  grad_norm: 0.8969 (1.0092)  time: 1.5105  data: 1.1214  max mem: 11583
Epoch: [54]  [20/55]  eta: 0:00:40  lr: 0.000146  min_lr: 0.000146  loss: 0.6180 (0.6161)  loss_scale: 131072.0000 (131072.0000)  weight_decay: 0.0500 (0.0500)  grad_norm: 0.9430 (1.0927)  time: 0.8204  data: 0.4462  max mem: 11583
Epoch: [54]  [30/55]  eta: 0:00:26  lr: 0.000146  min_lr: 0.000146  loss: 0.6170 (0.6168)  loss_scale: 131072.0000 (131072.0000)  weight_decay: 0.0500 (0.0500)  grad_norm: 0.9430 (1.0403)  time: 0.8055  data: 0.4461  max mem: 11583
Epoch: [54]  [40/55]  eta: 0:00:14  lr: 0.000146  min_lr: 0.000146  loss: 0.6126 (0.6147)  loss_scale: 131072.0000 (131072.0000)  weight_decay: 0.0500 (0.0500)  grad_norm: 0.9206 (1.0046)  time: 0.8224  data: 0.4640  max mem: 11583
Epoch: [54]  [50/55]  eta: 0:00:04  lr: 0.000145  min_lr: 0.000145  loss: 0.6103 (0.6162)  loss_scale: 131072.0000 (131072.0000)  weight_decay: 0.0500 (0.0500)  grad_norm: 0.9931 (1.0269)  time: 0.7927  data: 0.4383  max mem: 11583
Epoch: [54]  [54/55]  eta: 0:00:00  lr: 0.000145  min_lr: 0.000145  loss: 0.6163 (0.6165)  loss_scale: 131072.0000 (131072.0000)  weight_decay: 0.0500 (0.0500)  grad_norm: 0.9931 (1.0378)  time: 0.7828  data: 0.4271  max mem: 11583
Epoch: [54] Total time: 0:00:50 (0.9154 s / it)
Averaged stats: lr: 0.000145  min_lr: 0.000145  loss: 0.6163 (0.6165)  loss_scale: 131072.0000 (131072.0000)  weight_decay: 0.0500 (0.0500)  grad_norm: 0.9931 (1.0378)
Epoch: [55]  [ 0/55]  eta: 0:07:16  lr: 0.000145  min_lr: 0.000145  loss: 0.6001 (0.6001)  loss_scale: 131072.0000 (131072.0000)  weight_decay: 0.0500 (0.0500)  grad_norm: 1.3105 (1.3105)  time: 7.9318  data: 7.5016  max mem: 11583
Epoch: [55]  [10/55]  eta: 0:01:06  lr: 0.000145  min_lr: 0.000145  loss: 0.6177 (0.6181)  loss_scale: 131072.0000 (131072.0000)  weight_decay: 0.0500 (0.0500)  grad_norm: 0.8960 (0.9646)  time: 1.4720  data: 1.0992  max mem: 11583
Epoch: [55]  [20/55]  eta: 0:00:39  lr: 0.000145  min_lr: 0.000145  loss: 0.6163 (0.6174)  loss_scale: 131072.0000 (131072.0000)  weight_decay: 0.0500 (0.0500)  grad_norm: 0.9526 (0.9786)  time: 0.8002  data: 0.4364  max mem: 11583
Epoch: [55]  [30/55]  eta: 0:00:25  lr: 0.000145  min_lr: 0.000145  loss: 0.6149 (0.6174)  loss_scale: 131072.0000 (131072.0000)  weight_decay: 0.0500 (0.0500)  grad_norm: 1.0037 (1.0166)  time: 0.7843  data: 0.4207  max mem: 11583
Epoch: [55]  [40/55]  eta: 0:00:14  lr: 0.000145  min_lr: 0.000145  loss: 0.6126 (0.6152)  loss_scale: 131072.0000 (131072.0000)  weight_decay: 0.0500 (0.0500)  grad_norm: 0.9752 (1.0006)  time: 0.8166  data: 0.4509  max mem: 11583
Epoch: [55]  [50/55]  eta: 0:00:04  lr: 0.000145  min_lr: 0.000145  loss: 0.6095 (0.6143)  loss_scale: 131072.0000 (131072.0000)  weight_decay: 0.0500 (0.0500)  grad_norm: 0.9591 (0.9941)  time: 0.7948  data: 0.4409  max mem: 11583
Epoch: [55]  [54/55]  eta: 0:00:00  lr: 0.000145  min_lr: 0.000145  loss: 0.6113 (0.6147)  loss_scale: 131072.0000 (131072.0000)  weight_decay: 0.0500 (0.0500)  grad_norm: 0.9101 (0.9782)  time: 0.7893  data: 0.4399  max mem: 11583
Epoch: [55] Total time: 0:00:49 (0.9009 s / it)
Averaged stats: lr: 0.000145  min_lr: 0.000145  loss: 0.6113 (0.6147)  loss_scale: 131072.0000 (131072.0000)  weight_decay: 0.0500 (0.0500)  grad_norm: 0.9101 (0.9782)
Epoch: [56]  [ 0/55]  eta: 0:07:47  lr: 0.000145  min_lr: 0.000145  loss: 0.6000 (0.6000)  loss_scale: 131072.0000 (131072.0000)  weight_decay: 0.0500 (0.0500)  grad_norm: 0.9186 (0.9186)  time: 8.5084  data: 8.0696  max mem: 11583
Epoch: [56]  [10/55]  eta: 0:01:06  lr: 0.000145  min_lr: 0.000145  loss: 0.6155 (0.6145)  loss_scale: 131072.0000 (131072.0000)  weight_decay: 0.0500 (0.0500)  grad_norm: 0.9561 (0.9772)  time: 1.4688  data: 1.1052  max mem: 11583
Epoch: [56]  [20/55]  eta: 0:00:40  lr: 0.000145  min_lr: 0.000145  loss: 0.6172 (0.6171)  loss_scale: 131072.0000 (131072.0000)  weight_decay: 0.0500 (0.0500)  grad_norm: 1.0459 (1.0456)  time: 0.7916  data: 0.4327  max mem: 11583
Epoch: [56]  [30/55]  eta: 0:00:25  lr: 0.000145  min_lr: 0.000145  loss: 0.6199 (0.6172)  loss_scale: 131072.0000 (131072.0000)  weight_decay: 0.0500 (0.0500)  grad_norm: 1.0943 (1.0516)  time: 0.8027  data: 0.4436  max mem: 11583
Epoch: [56]  [40/55]  eta: 0:00:14  lr: 0.000145  min_lr: 0.000145  loss: 0.6136 (0.6151)  loss_scale: 131072.0000 (131072.0000)  weight_decay: 0.0500 (0.0500)  grad_norm: 0.8277 (0.9783)  time: 0.7973  data: 0.4423  max mem: 11583
Epoch: [56]  [50/55]  eta: 0:00:04  lr: 0.000145  min_lr: 0.000145  loss: 0.6065 (0.6141)  loss_scale: 131072.0000 (131072.0000)  weight_decay: 0.0500 (0.0500)  grad_norm: 0.7852 (0.9487)  time: 0.8247  data: 0.4744  max mem: 11583
Epoch: [56]  [54/55]  eta: 0:00:00  lr: 0.000145  min_lr: 0.000145  loss: 0.6069 (0.6152)  loss_scale: 131072.0000 (131072.0000)  weight_decay: 0.0500 (0.0500)  grad_norm: 0.7908 (1.0187)  time: 0.8099  data: 0.4603  max mem: 11583
Epoch: [56] Total time: 0:00:50 (0.9125 s / it)
Averaged stats: lr: 0.000145  min_lr: 0.000145  loss: 0.6069 (0.6152)  loss_scale: 131072.0000 (131072.0000)  weight_decay: 0.0500 (0.0500)  grad_norm: 0.7908 (1.0187)
Epoch: [57]  [ 0/55]  eta: 0:07:38  lr: 0.000145  min_lr: 0.000145  loss: 0.6190 (0.6190)  loss_scale: 131072.0000 (131072.0000)  weight_decay: 0.0500 (0.0500)  grad_norm: 1.0899 (1.0899)  time: 8.3350  data: 7.9205  max mem: 11583
Epoch: [57]  [10/55]  eta: 0:01:05  lr: 0.000145  min_lr: 0.000145  loss: 0.6197 (0.6179)  loss_scale: 131072.0000 (131072.0000)  weight_decay: 0.0500 (0.0500)  grad_norm: 1.1408 (1.2330)  time: 1.4617  data: 1.0991  max mem: 11583
Epoch: [57]  [20/55]  eta: 0:00:39  lr: 0.000145  min_lr: 0.000145  loss: 0.6161 (0.6156)  loss_scale: 131072.0000 (131072.0000)  weight_decay: 0.0500 (0.0500)  grad_norm: 0.9649 (1.0650)  time: 0.7674  data: 0.4131  max mem: 11583
Epoch: [57]  [30/55]  eta: 0:00:26  lr: 0.000145  min_lr: 0.000145  loss: 0.6098 (0.6148)  loss_scale: 131072.0000 (131072.0000)  weight_decay: 0.0500 (0.0500)  grad_norm: 0.9312 (1.0478)  time: 0.8259  data: 0.4540  max mem: 11583
Epoch: [57]  [40/55]  eta: 0:00:14  lr: 0.000145  min_lr: 0.000145  loss: 0.6087 (0.6125)  loss_scale: 131072.0000 (131072.0000)  weight_decay: 0.0500 (0.0500)  grad_norm: 0.9851 (1.0371)  time: 0.8568  data: 0.4798  max mem: 11583
Epoch: [57]  [50/55]  eta: 0:00:04  lr: 0.000145  min_lr: 0.000145  loss: 0.6054 (0.6114)  loss_scale: 131072.0000 (131072.0000)  weight_decay: 0.0500 (0.0500)  grad_norm: 0.8860 (1.0257)  time: 0.8048  data: 0.4516  max mem: 11583
Epoch: [57]  [54/55]  eta: 0:00:00  lr: 0.000145  min_lr: 0.000145  loss: 0.6083 (0.6117)  loss_scale: 131072.0000 (131072.0000)  weight_decay: 0.0500 (0.0500)  grad_norm: 0.8499 (1.0032)  time: 0.7896  data: 0.4425  max mem: 11583
Epoch: [57] Total time: 0:00:50 (0.9228 s / it)
Averaged stats: lr: 0.000145  min_lr: 0.000145  loss: 0.6083 (0.6117)  loss_scale: 131072.0000 (131072.0000)  weight_decay: 0.0500 (0.0500)  grad_norm: 0.8499 (1.0032)
Epoch: [58]  [ 0/55]  eta: 0:07:15  lr: 0.000145  min_lr: 0.000145  loss: 0.6133 (0.6133)  loss_scale: 131072.0000 (131072.0000)  weight_decay: 0.0500 (0.0500)  grad_norm: 0.8756 (0.8756)  time: 7.9206  data: 7.5020  max mem: 11583
Epoch: [58]  [10/55]  eta: 0:01:07  lr: 0.000145  min_lr: 0.000145  loss: 0.6126 (0.6122)  loss_scale: 131072.0000 (131072.0000)  weight_decay: 0.0500 (0.0500)  grad_norm: 1.1032 (1.1540)  time: 1.5097  data: 1.1212  max mem: 11583
Epoch: [58]  [20/55]  eta: 0:00:40  lr: 0.000145  min_lr: 0.000145  loss: 0.6104 (0.6113)  loss_scale: 131072.0000 (131072.0000)  weight_decay: 0.0500 (0.0500)  grad_norm: 1.0224 (1.0427)  time: 0.8324  data: 0.4620  max mem: 11583
Epoch: [58]  [30/55]  eta: 0:00:26  lr: 0.000145  min_lr: 0.000145  loss: 0.6113 (0.6116)  loss_scale: 131072.0000 (131072.0000)  weight_decay: 0.0500 (0.0500)  grad_norm: 0.9973 (1.1502)  time: 0.8352  data: 0.4759  max mem: 11583
Epoch: [58]  [40/55]  eta: 0:00:15  lr: 0.000145  min_lr: 0.000145  loss: 0.6084 (0.6104)  loss_scale: 131072.0000 (131072.0000)  weight_decay: 0.0500 (0.0500)  grad_norm: 1.2310 (1.1636)  time: 0.8350  data: 0.4749  max mem: 11583
Epoch: [58]  [50/55]  eta: 0:00:04  lr: 0.000145  min_lr: 0.000145  loss: 0.6057 (0.6100)  loss_scale: 131072.0000 (131072.0000)  weight_decay: 0.0500 (0.0500)  grad_norm: 1.0692 (1.1143)  time: 0.7994  data: 0.4492  max mem: 11583
Epoch: [58]  [54/55]  eta: 0:00:00  lr: 0.000145  min_lr: 0.000145  loss: 0.6029 (0.6095)  loss_scale: 131072.0000 (131072.0000)  weight_decay: 0.0500 (0.0500)  grad_norm: 0.8495 (1.0917)  time: 0.7864  data: 0.4386  max mem: 11583
Epoch: [58] Total time: 0:00:50 (0.9232 s / it)
Averaged stats: lr: 0.000145  min_lr: 0.000145  loss: 0.6029 (0.6095)  loss_scale: 131072.0000 (131072.0000)  weight_decay: 0.0500 (0.0500)  grad_norm: 0.8495 (1.0917)
Epoch: [59]  [ 0/55]  eta: 0:07:19  lr: 0.000145  min_lr: 0.000145  loss: 0.5994 (0.5994)  loss_scale: 131072.0000 (131072.0000)  weight_decay: 0.0500 (0.0500)  grad_norm: 0.6939 (0.6939)  time: 7.9956  data: 7.6217  max mem: 11583
Epoch: [59]  [10/55]  eta: 0:01:06  lr: 0.000145  min_lr: 0.000145  loss: 0.6065 (0.6087)  loss_scale: 131072.0000 (131072.0000)  weight_decay: 0.0500 (0.0500)  grad_norm: 0.8217 (0.8855)  time: 1.4675  data: 1.1092  max mem: 11583
Epoch: [59]  [20/55]  eta: 0:00:39  lr: 0.000145  min_lr: 0.000145  loss: 0.6083 (0.6084)  loss_scale: 131072.0000 (131072.0000)  weight_decay: 0.0500 (0.0500)  grad_norm: 0.9331 (0.9877)  time: 0.7899  data: 0.4324  max mem: 11583
Epoch: [59]  [30/55]  eta: 0:00:25  lr: 0.000144  min_lr: 0.000144  loss: 0.6101 (0.6103)  loss_scale: 131072.0000 (131072.0000)  weight_decay: 0.0500 (0.0500)  grad_norm: 1.1007 (1.0925)  time: 0.7854  data: 0.4255  max mem: 11583
Epoch: [59]  [40/55]  eta: 0:00:14  lr: 0.000144  min_lr: 0.000144  loss: 0.6096 (0.6096)  loss_scale: 131072.0000 (131072.0000)  weight_decay: 0.0500 (0.0500)  grad_norm: 1.0728 (1.0572)  time: 0.8375  data: 0.4692  max mem: 11583
Epoch: [59]  [50/55]  eta: 0:00:04  lr: 0.000144  min_lr: 0.000144  loss: 0.6052 (0.6088)  loss_scale: 131072.0000 (131072.0000)  weight_decay: 0.0500 (0.0500)  grad_norm: 0.8759 (1.0128)  time: 0.8247  data: 0.4606  max mem: 11583
Epoch: [59]  [54/55]  eta: 0:00:00  lr: 0.000144  min_lr: 0.000144  loss: 0.6058 (0.6090)  loss_scale: 131072.0000 (131072.0000)  weight_decay: 0.0500 (0.0500)  grad_norm: 0.9527 (1.0299)  time: 0.8181  data: 0.4661  max mem: 11583
Epoch: [59] Total time: 0:00:50 (0.9158 s / it)
Averaged stats: lr: 0.000144  min_lr: 0.000144  loss: 0.6058 (0.6090)  loss_scale: 131072.0000 (131072.0000)  weight_decay: 0.0500 (0.0500)  grad_norm: 0.9527 (1.0299)
Epoch: [60]  [ 0/55]  eta: 0:07:19  lr: 0.000144  min_lr: 0.000144  loss: 0.5991 (0.5991)  loss_scale: 131072.0000 (131072.0000)  weight_decay: 0.0500 (0.0500)  grad_norm: 0.9674 (0.9674)  time: 7.9990  data: 7.5934  max mem: 11583
Epoch: [60]  [10/55]  eta: 0:01:04  lr: 0.000144  min_lr: 0.000144  loss: 0.6059 (0.6064)  loss_scale: 131072.0000 (131072.0000)  weight_decay: 0.0500 (0.0500)  grad_norm: 0.9749 (0.9961)  time: 1.4366  data: 1.0728  max mem: 11583
Epoch: [60]  [20/55]  eta: 0:00:40  lr: 0.000144  min_lr: 0.000144  loss: 0.6052 (0.6061)  loss_scale: 131072.0000 (131072.0000)  weight_decay: 0.0500 (0.0500)  grad_norm: 0.8965 (0.9164)  time: 0.8199  data: 0.4530  max mem: 11583
Epoch: [60]  [30/55]  eta: 0:00:26  lr: 0.000144  min_lr: 0.000144  loss: 0.6048 (0.6056)  loss_scale: 131072.0000 (131072.0000)  weight_decay: 0.0500 (0.0500)  grad_norm: 0.9001 (0.9522)  time: 0.8447  data: 0.4811  max mem: 11583
Epoch: [60]  [40/55]  eta: 0:00:15  lr: 0.000144  min_lr: 0.000144  loss: 0.6038 (0.6048)  loss_scale: 131072.0000 (131072.0000)  weight_decay: 0.0500 (0.0500)  grad_norm: 1.0518 (1.0022)  time: 0.8449  data: 0.4879  max mem: 11583
Epoch: [60]  [50/55]  eta: 0:00:04  lr: 0.000144  min_lr: 0.000144  loss: 0.6050 (0.6057)  loss_scale: 131072.0000 (131072.0000)  weight_decay: 0.0500 (0.0500)  grad_norm: 1.0612 (1.0091)  time: 0.8154  data: 0.4653  max mem: 11583
Epoch: [60]  [54/55]  eta: 0:00:00  lr: 0.000144  min_lr: 0.000144  loss: 0.6074 (0.6064)  loss_scale: 131072.0000 (131072.0000)  weight_decay: 0.0500 (0.0500)  grad_norm: 1.0190 (1.0097)  time: 0.8030  data: 0.4592  max mem: 11583
Epoch: [60] Total time: 0:00:50 (0.9170 s / it)
Averaged stats: lr: 0.000144  min_lr: 0.000144  loss: 0.6074 (0.6064)  loss_scale: 131072.0000 (131072.0000)  weight_decay: 0.0500 (0.0500)  grad_norm: 1.0190 (1.0097)
Epoch: [61]  [ 0/55]  eta: 0:07:47  lr: 0.000144  min_lr: 0.000144  loss: 0.5926 (0.5926)  loss_scale: 131072.0000 (131072.0000)  weight_decay: 0.0500 (0.0500)  grad_norm: 1.1073 (1.1073)  time: 8.5009  data: 8.0916  max mem: 11583
Epoch: [61]  [10/55]  eta: 0:01:05  lr: 0.000144  min_lr: 0.000144  loss: 0.6020 (0.6031)  loss_scale: 131072.0000 (131072.0000)  weight_decay: 0.0500 (0.0500)  grad_norm: 1.1468 (1.1455)  time: 1.4625  data: 1.1013  max mem: 11583
Epoch: [61]  [20/55]  eta: 0:00:40  lr: 0.000144  min_lr: 0.000144  loss: 0.6067 (0.6057)  loss_scale: 131072.0000 (131072.0000)  weight_decay: 0.0500 (0.0500)  grad_norm: 1.0396 (1.0773)  time: 0.7842  data: 0.4274  max mem: 11583
Epoch: [61]  [30/55]  eta: 0:00:26  lr: 0.000144  min_lr: 0.000144  loss: 0.6059 (0.6048)  loss_scale: 131072.0000 (131072.0000)  weight_decay: 0.0500 (0.0500)  grad_norm: 0.9682 (1.0492)  time: 0.8102  data: 0.4519  max mem: 11583
Epoch: [61]  [40/55]  eta: 0:00:14  lr: 0.000144  min_lr: 0.000144  loss: 0.6040 (0.6040)  loss_scale: 131072.0000 (131072.0000)  weight_decay: 0.0500 (0.0500)  grad_norm: 1.0562 (1.0534)  time: 0.8153  data: 0.4547  max mem: 11583
Epoch: [61]  [50/55]  eta: 0:00:04  lr: 0.000144  min_lr: 0.000144  loss: 0.6010 (0.6038)  loss_scale: 131072.0000 (131072.0000)  weight_decay: 0.0500 (0.0500)  grad_norm: 0.8382 (0.9943)  time: 0.8323  data: 0.4643  max mem: 11583
Epoch: [61]  [54/55]  eta: 0:00:00  lr: 0.000144  min_lr: 0.000144  loss: 0.6040 (0.6037)  loss_scale: 131072.0000 (131072.0000)  weight_decay: 0.0500 (0.0500)  grad_norm: 0.7945 (0.9865)  time: 0.8192  data: 0.4558  max mem: 11583
Epoch: [61] Total time: 0:00:50 (0.9156 s / it)
Averaged stats: lr: 0.000144  min_lr: 0.000144  loss: 0.6040 (0.6037)  loss_scale: 131072.0000 (131072.0000)  weight_decay: 0.0500 (0.0500)  grad_norm: 0.7945 (0.9865)
Epoch: [62]  [ 0/55]  eta: 0:07:27  lr: 0.000144  min_lr: 0.000144  loss: 0.6050 (0.6050)  loss_scale: 131072.0000 (131072.0000)  weight_decay: 0.0500 (0.0500)  grad_norm: 1.4201 (1.4201)  time: 8.1385  data: 7.7224  max mem: 11583
Epoch: [62]  [10/55]  eta: 0:01:05  lr: 0.000144  min_lr: 0.000144  loss: 0.6047 (0.6057)  loss_scale: 131072.0000 (131072.0000)  weight_decay: 0.0500 (0.0500)  grad_norm: 1.1364 (1.2087)  time: 1.4608  data: 1.0944  max mem: 11583
Epoch: [62]  [20/55]  eta: 0:00:39  lr: 0.000144  min_lr: 0.000144  loss: 0.6077 (0.6069)  loss_scale: 131072.0000 (131072.0000)  weight_decay: 0.0500 (0.0500)  grad_norm: 1.0584 (1.1133)  time: 0.7770  data: 0.4191  max mem: 11583
Epoch: [62]  [30/55]  eta: 0:00:26  lr: 0.000144  min_lr: 0.000144  loss: 0.6020 (0.6046)  loss_scale: 131072.0000 (131072.0000)  weight_decay: 0.0500 (0.0500)  grad_norm: 0.9155 (1.0598)  time: 0.8234  data: 0.4579  max mem: 11583
Epoch: [62]  [40/55]  eta: 0:00:14  lr: 0.000144  min_lr: 0.000144  loss: 0.6000 (0.6039)  loss_scale: 131072.0000 (131072.0000)  weight_decay: 0.0500 (0.0500)  grad_norm: 0.9237 (1.0555)  time: 0.8494  data: 0.4784  max mem: 11583
Epoch: [62]  [50/55]  eta: 0:00:04  lr: 0.000144  min_lr: 0.000144  loss: 0.5996 (0.6037)  loss_scale: 131072.0000 (131072.0000)  weight_decay: 0.0500 (0.0500)  grad_norm: 0.9376 (1.0308)  time: 0.7968  data: 0.4446  max mem: 11583
Epoch: [62]  [54/55]  eta: 0:00:00  lr: 0.000144  min_lr: 0.000144  loss: 0.6035 (0.6039)  loss_scale: 131072.0000 (131072.0000)  weight_decay: 0.0500 (0.0500)  grad_norm: 0.9248 (1.0213)  time: 0.7741  data: 0.4287  max mem: 11583
Epoch: [62] Total time: 0:00:49 (0.9080 s / it)
Averaged stats: lr: 0.000144  min_lr: 0.000144  loss: 0.6035 (0.6039)  loss_scale: 131072.0000 (131072.0000)  weight_decay: 0.0500 (0.0500)  grad_norm: 0.9248 (1.0213)
Epoch: [63]  [ 0/55]  eta: 0:07:12  lr: 0.000144  min_lr: 0.000144  loss: 0.5923 (0.5923)  loss_scale: 131072.0000 (131072.0000)  weight_decay: 0.0500 (0.0500)  grad_norm: 1.0579 (1.0579)  time: 7.8568  data: 7.4559  max mem: 11583
Epoch: [63]  [10/55]  eta: 0:01:05  lr: 0.000144  min_lr: 0.000144  loss: 0.6000 (0.6004)  loss_scale: 131072.0000 (131072.0000)  weight_decay: 0.0500 (0.0500)  grad_norm: 1.0077 (0.9805)  time: 1.4463  data: 1.0834  max mem: 11583
Epoch: [63]  [20/55]  eta: 0:00:39  lr: 0.000144  min_lr: 0.000144  loss: 0.6028 (0.6020)  loss_scale: 131072.0000 (131072.0000)  weight_decay: 0.0500 (0.0500)  grad_norm: 1.0077 (1.0458)  time: 0.7867  data: 0.4273  max mem: 11583
Epoch: [63]  [30/55]  eta: 0:00:25  lr: 0.000144  min_lr: 0.000144  loss: 0.6037 (0.6016)  loss_scale: 131072.0000 (131072.0000)  weight_decay: 0.0500 (0.0500)  grad_norm: 1.0190 (1.0451)  time: 0.7909  data: 0.4325  max mem: 11583
Epoch: [63]  [40/55]  eta: 0:00:14  lr: 0.000144  min_lr: 0.000144  loss: 0.6024 (0.6016)  loss_scale: 131072.0000 (131072.0000)  weight_decay: 0.0500 (0.0500)  grad_norm: 1.0409 (1.0637)  time: 0.7998  data: 0.4419  max mem: 11583
Epoch: [63]  [50/55]  eta: 0:00:04  lr: 0.000144  min_lr: 0.000144  loss: 0.6025 (0.6019)  loss_scale: 131072.0000 (131072.0000)  weight_decay: 0.0500 (0.0500)  grad_norm: 1.0409 (1.0609)  time: 0.7902  data: 0.4380  max mem: 11583
Epoch: [63]  [54/55]  eta: 0:00:00  lr: 0.000143  min_lr: 0.000143  loss: 0.6008 (0.6018)  loss_scale: 131072.0000 (131072.0000)  weight_decay: 0.0500 (0.0500)  grad_norm: 1.0112 (1.0470)  time: 0.7685  data: 0.4222  max mem: 11583
Epoch: [63] Total time: 0:00:49 (0.8954 s / it)
Averaged stats: lr: 0.000143  min_lr: 0.000143  loss: 0.6008 (0.6018)  loss_scale: 131072.0000 (131072.0000)  weight_decay: 0.0500 (0.0500)  grad_norm: 1.0112 (1.0470)
Epoch: [64]  [ 0/55]  eta: 0:07:29  lr: 0.000143  min_lr: 0.000143  loss: 0.5867 (0.5867)  loss_scale: 131072.0000 (131072.0000)  weight_decay: 0.0500 (0.0500)  grad_norm: 0.9321 (0.9321)  time: 8.1737  data: 7.7700  max mem: 11583
Epoch: [64]  [10/55]  eta: 0:01:06  lr: 0.000143  min_lr: 0.000143  loss: 0.5952 (0.5959)  loss_scale: 131072.0000 (131072.0000)  weight_decay: 0.0500 (0.0500)  grad_norm: 1.0828 (1.0816)  time: 1.4780  data: 1.0931  max mem: 11583
Epoch: [64]  [20/55]  eta: 0:00:40  lr: 0.000143  min_lr: 0.000143  loss: 0.5952 (0.5974)  loss_scale: 131072.0000 (131072.0000)  weight_decay: 0.0500 (0.0500)  grad_norm: 0.9060 (0.9711)  time: 0.7944  data: 0.4248  max mem: 11583
Epoch: [64]  [30/55]  eta: 0:00:25  lr: 0.000143  min_lr: 0.000143  loss: 0.6014 (0.5987)  loss_scale: 131072.0000 (131072.0000)  weight_decay: 0.0500 (0.0500)  grad_norm: 0.8987 (0.9964)  time: 0.7860  data: 0.4294  max mem: 11583
Epoch: [64]  [40/55]  eta: 0:00:14  lr: 0.000143  min_lr: 0.000143  loss: 0.5990 (0.5983)  loss_scale: 131072.0000 (131072.0000)  weight_decay: 0.0500 (0.0500)  grad_norm: 1.0365 (1.0065)  time: 0.8228  data: 0.4656  max mem: 11583
Epoch: [64]  [50/55]  eta: 0:00:04  lr: 0.000143  min_lr: 0.000143  loss: 0.6018 (0.5997)  loss_scale: 131072.0000 (131072.0000)  weight_decay: 0.0500 (0.0500)  grad_norm: 1.0714 (1.0296)  time: 0.8072  data: 0.4567  max mem: 11583
Epoch: [64]  [54/55]  eta: 0:00:00  lr: 0.000143  min_lr: 0.000143  loss: 0.6029 (0.6004)  loss_scale: 131072.0000 (131072.0000)  weight_decay: 0.0500 (0.0500)  grad_norm: 1.0714 (1.0241)  time: 0.7844  data: 0.4389  max mem: 11583
Epoch: [64] Total time: 0:00:49 (0.9063 s / it)
Averaged stats: lr: 0.000143  min_lr: 0.000143  loss: 0.6029 (0.6004)  loss_scale: 131072.0000 (131072.0000)  weight_decay: 0.0500 (0.0500)  grad_norm: 1.0714 (1.0241)
Epoch: [65]  [ 0/55]  eta: 0:07:31  lr: 0.000143  min_lr: 0.000143  loss: 0.5950 (0.5950)  loss_scale: 131072.0000 (131072.0000)  weight_decay: 0.0500 (0.0500)  grad_norm: 0.7716 (0.7716)  time: 8.2106  data: 7.8274  max mem: 11583
Epoch: [65]  [10/55]  eta: 0:01:05  lr: 0.000143  min_lr: 0.000143  loss: 0.5934 (0.5961)  loss_scale: 131072.0000 (131072.0000)  weight_decay: 0.0500 (0.0500)  grad_norm: 0.8741 (0.9028)  time: 1.4524  data: 1.0866  max mem: 11583
Epoch: [65]  [20/55]  eta: 0:00:40  lr: 0.000143  min_lr: 0.000143  loss: 0.5953 (0.5968)  loss_scale: 131072.0000 (131072.0000)  weight_decay: 0.0500 (0.0500)  grad_norm: 0.8124 (0.8480)  time: 0.7961  data: 0.4347  max mem: 11583
Epoch: [65]  [30/55]  eta: 0:00:25  lr: 0.000143  min_lr: 0.000143  loss: 0.6025 (0.5989)  loss_scale: 131072.0000 (131072.0000)  weight_decay: 0.0500 (0.0500)  grad_norm: 0.8124 (0.9119)  time: 0.8100  data: 0.4516  max mem: 11583
Epoch: [65]  [40/55]  eta: 0:00:14  lr: 0.000143  min_lr: 0.000143  loss: 0.6006 (0.5981)  loss_scale: 131072.0000 (131072.0000)  weight_decay: 0.0500 (0.0500)  grad_norm: 0.9912 (0.9591)  time: 0.8084  data: 0.4436  max mem: 11583
Epoch: [65]  [50/55]  eta: 0:00:04  lr: 0.000143  min_lr: 0.000143  loss: 0.5943 (0.5984)  loss_scale: 131072.0000 (131072.0000)  weight_decay: 0.0500 (0.0500)  grad_norm: 1.0266 (0.9698)  time: 0.8075  data: 0.4507  max mem: 11583
Epoch: [65]  [54/55]  eta: 0:00:00  lr: 0.000143  min_lr: 0.000143  loss: 0.5945 (0.5984)  loss_scale: 131072.0000 (131072.0000)  weight_decay: 0.0500 (0.0500)  grad_norm: 1.1168 (0.9733)  time: 0.8119  data: 0.4590  max mem: 11583
Epoch: [65] Total time: 0:00:50 (0.9134 s / it)
Averaged stats: lr: 0.000143  min_lr: 0.000143  loss: 0.5945 (0.5984)  loss_scale: 131072.0000 (131072.0000)  weight_decay: 0.0500 (0.0500)  grad_norm: 1.1168 (0.9733)
Epoch: [66]  [ 0/55]  eta: 0:07:27  lr: 0.000143  min_lr: 0.000143  loss: 0.5993 (0.5993)  loss_scale: 131072.0000 (131072.0000)  weight_decay: 0.0500 (0.0500)  grad_norm: 1.2005 (1.2005)  time: 8.1300  data: 7.7317  max mem: 11583
Epoch: [66]  [10/55]  eta: 0:01:05  lr: 0.000143  min_lr: 0.000143  loss: 0.6017 (0.6026)  loss_scale: 131072.0000 (131072.0000)  weight_decay: 0.0500 (0.0500)  grad_norm: 0.9754 (1.0210)  time: 1.4502  data: 1.0846  max mem: 11583
Epoch: [66]  [20/55]  eta: 0:00:39  lr: 0.000143  min_lr: 0.000143  loss: 0.6020 (0.6025)  loss_scale: 131072.0000 (131072.0000)  weight_decay: 0.0500 (0.0500)  grad_norm: 1.0523 (1.0850)  time: 0.7808  data: 0.4187  max mem: 11583
Epoch: [66]  [30/55]  eta: 0:00:26  lr: 0.000143  min_lr: 0.000143  loss: 0.6027 (0.6026)  loss_scale: 131072.0000 (131072.0000)  weight_decay: 0.0500 (0.0500)  grad_norm: 1.0523 (1.0769)  time: 0.8448  data: 0.4741  max mem: 11583
Epoch: [66]  [40/55]  eta: 0:00:15  lr: 0.000143  min_lr: 0.000143  loss: 0.5994 (0.6010)  loss_scale: 131072.0000 (131072.0000)  weight_decay: 0.0500 (0.0500)  grad_norm: 0.9537 (1.0450)  time: 0.8630  data: 0.4910  max mem: 11583
Epoch: [66]  [50/55]  eta: 0:00:04  lr: 0.000143  min_lr: 0.000143  loss: 0.5980 (0.6005)  loss_scale: 131072.0000 (131072.0000)  weight_decay: 0.0500 (0.0500)  grad_norm: 0.9971 (1.0971)  time: 0.8101  data: 0.4570  max mem: 11583
Epoch: [66]  [54/55]  eta: 0:00:00  lr: 0.000143  min_lr: 0.000143  loss: 0.5991 (0.6007)  loss_scale: 131072.0000 (131072.0000)  weight_decay: 0.0500 (0.0500)  grad_norm: 1.0710 (1.1023)  time: 0.7898  data: 0.4418  max mem: 11583
Epoch: [66] Total time: 0:00:50 (0.9222 s / it)
Averaged stats: lr: 0.000143  min_lr: 0.000143  loss: 0.5991 (0.6007)  loss_scale: 131072.0000 (131072.0000)  weight_decay: 0.0500 (0.0500)  grad_norm: 1.0710 (1.1023)
Epoch: [67]  [ 0/55]  eta: 0:07:07  lr: 0.000143  min_lr: 0.000143  loss: 0.5931 (0.5931)  loss_scale: 131072.0000 (131072.0000)  weight_decay: 0.0500 (0.0500)  grad_norm: 1.0855 (1.0855)  time: 7.7775  data: 7.3919  max mem: 11583
Epoch: [67]  [10/55]  eta: 0:01:05  lr: 0.000143  min_lr: 0.000143  loss: 0.5954 (0.5953)  loss_scale: 131072.0000 (131072.0000)  weight_decay: 0.0500 (0.0500)  grad_norm: 1.1184 (1.1143)  time: 1.4559  data: 1.0942  max mem: 11583
Epoch: [67]  [20/55]  eta: 0:00:39  lr: 0.000143  min_lr: 0.000143  loss: 0.5921 (0.5930)  loss_scale: 131072.0000 (131072.0000)  weight_decay: 0.0500 (0.0500)  grad_norm: 1.1115 (1.0773)  time: 0.8045  data: 0.4388  max mem: 11583
Epoch: [67]  [30/55]  eta: 0:00:25  lr: 0.000143  min_lr: 0.000143  loss: 0.5908 (0.5928)  loss_scale: 131072.0000 (131072.0000)  weight_decay: 0.0500 (0.0500)  grad_norm: 0.8635 (0.9942)  time: 0.7997  data: 0.4339  max mem: 11583
Epoch: [67]  [40/55]  eta: 0:00:14  lr: 0.000143  min_lr: 0.000143  loss: 0.5911 (0.5924)  loss_scale: 131072.0000 (131072.0000)  weight_decay: 0.0500 (0.0500)  grad_norm: 0.8380 (0.9829)  time: 0.8092  data: 0.4577  max mem: 11583
Epoch: [67]  [50/55]  eta: 0:00:04  lr: 0.000143  min_lr: 0.000143  loss: 0.5911 (0.5927)  loss_scale: 131072.0000 (131072.0000)  weight_decay: 0.0500 (0.0500)  grad_norm: 1.0017 (1.0061)  time: 0.7902  data: 0.4524  max mem: 11583
Epoch: [67]  [54/55]  eta: 0:00:00  lr: 0.000143  min_lr: 0.000143  loss: 0.5913 (0.5930)  loss_scale: 131072.0000 (131072.0000)  weight_decay: 0.0500 (0.0500)  grad_norm: 0.9946 (0.9911)  time: 0.7728  data: 0.4401  max mem: 11583
Epoch: [67] Total time: 0:00:49 (0.9052 s / it)
Averaged stats: lr: 0.000143  min_lr: 0.000143  loss: 0.5913 (0.5930)  loss_scale: 131072.0000 (131072.0000)  weight_decay: 0.0500 (0.0500)  grad_norm: 0.9946 (0.9911)
Epoch: [68]  [ 0/55]  eta: 0:07:05  lr: 0.000142  min_lr: 0.000142  loss: 0.5885 (0.5885)  loss_scale: 131072.0000 (131072.0000)  weight_decay: 0.0500 (0.0500)  grad_norm: 0.7204 (0.7204)  time: 7.7375  data: 7.3620  max mem: 11583
Epoch: [68]  [10/55]  eta: 0:01:06  lr: 0.000142  min_lr: 0.000142  loss: 0.5932 (0.5923)  loss_scale: 131072.0000 (131072.0000)  weight_decay: 0.0500 (0.0500)  grad_norm: 0.9386 (0.9355)  time: 1.4759  data: 1.1076  max mem: 11583
Epoch: [68]  [20/55]  eta: 0:00:40  lr: 0.000142  min_lr: 0.000142  loss: 0.5934 (0.5936)  loss_scale: 131072.0000 (131072.0000)  weight_decay: 0.0500 (0.0500)  grad_norm: 1.0034 (1.0086)  time: 0.8248  data: 0.4562  max mem: 11583
Epoch: [68]  [30/55]  eta: 0:00:26  lr: 0.000142  min_lr: 0.000142  loss: 0.5921 (0.5929)  loss_scale: 131072.0000 (131072.0000)  weight_decay: 0.0500 (0.0500)  grad_norm: 0.9095 (0.9732)  time: 0.8073  data: 0.4451  max mem: 11583
Epoch: [68]  [40/55]  eta: 0:00:15  lr: 0.000142  min_lr: 0.000142  loss: 0.5881 (0.5916)  loss_scale: 131072.0000 (131072.0000)  weight_decay: 0.0500 (0.0500)  grad_norm: 0.9573 (0.9859)  time: 0.8506  data: 0.4778  max mem: 11583
Epoch: [68]  [50/55]  eta: 0:00:04  lr: 0.000142  min_lr: 0.000142  loss: 0.5875 (0.5921)  loss_scale: 131072.0000 (131072.0000)  weight_decay: 0.0500 (0.0500)  grad_norm: 1.0225 (1.0010)  time: 0.8373  data: 0.4657  max mem: 11583
Epoch: [68]  [54/55]  eta: 0:00:00  lr: 0.000142  min_lr: 0.000142  loss: 0.5889 (0.5924)  loss_scale: 131072.0000 (131072.0000)  weight_decay: 0.0500 (0.0500)  grad_norm: 1.0333 (1.0216)  time: 0.8327  data: 0.4656  max mem: 11583
Epoch: [68] Total time: 0:00:50 (0.9201 s / it)
Averaged stats: lr: 0.000142  min_lr: 0.000142  loss: 0.5889 (0.5924)  loss_scale: 131072.0000 (131072.0000)  weight_decay: 0.0500 (0.0500)  grad_norm: 1.0333 (1.0216)
Epoch: [69]  [ 0/55]  eta: 0:07:46  lr: 0.000142  min_lr: 0.000142  loss: 0.5871 (0.5871)  loss_scale: 131072.0000 (131072.0000)  weight_decay: 0.0500 (0.0500)  grad_norm: 0.9345 (0.9345)  time: 8.4797  data: 8.0843  max mem: 11583
Epoch: [69]  [10/55]  eta: 0:01:06  lr: 0.000142  min_lr: 0.000142  loss: 0.5946 (0.5961)  loss_scale: 131072.0000 (131072.0000)  weight_decay: 0.0500 (0.0500)  grad_norm: 1.2981 (1.2728)  time: 1.4826  data: 1.1095  max mem: 11583
Epoch: [69]  [20/55]  eta: 0:00:40  lr: 0.000142  min_lr: 0.000142  loss: 0.5956 (0.5949)  loss_scale: 131072.0000 (131072.0000)  weight_decay: 0.0500 (0.0500)  grad_norm: 1.2727 (1.2069)  time: 0.7998  data: 0.4335  max mem: 11583
Epoch: [69]  [30/55]  eta: 0:00:26  lr: 0.000142  min_lr: 0.000142  loss: 0.5913 (0.5932)  loss_scale: 131072.0000 (131072.0000)  weight_decay: 0.0500 (0.0500)  grad_norm: 0.9102 (1.0970)  time: 0.8052  data: 0.4448  max mem: 11583
Epoch: [69]  [40/55]  eta: 0:00:14  lr: 0.000142  min_lr: 0.000142  loss: 0.5889 (0.5922)  loss_scale: 131072.0000 (131072.0000)  weight_decay: 0.0500 (0.0500)  grad_norm: 0.8364 (1.0439)  time: 0.8126  data: 0.4531  max mem: 11583
Epoch: [69]  [50/55]  eta: 0:00:04  lr: 0.000142  min_lr: 0.000142  loss: 0.5889 (0.5924)  loss_scale: 131072.0000 (131072.0000)  weight_decay: 0.0500 (0.0500)  grad_norm: 0.8656 (1.0321)  time: 0.7942  data: 0.4407  max mem: 11583
Epoch: [69]  [54/55]  eta: 0:00:00  lr: 0.000142  min_lr: 0.000142  loss: 0.5941 (0.5930)  loss_scale: 131072.0000 (131072.0000)  weight_decay: 0.0500 (0.0500)  grad_norm: 0.8986 (1.0422)  time: 0.7809  data: 0.4325  max mem: 11583
Epoch: [69] Total time: 0:00:49 (0.9049 s / it)
Averaged stats: lr: 0.000142  min_lr: 0.000142  loss: 0.5941 (0.5930)  loss_scale: 131072.0000 (131072.0000)  weight_decay: 0.0500 (0.0500)  grad_norm: 0.8986 (1.0422)
Epoch: [70]  [ 0/55]  eta: 0:07:49  lr: 0.000142  min_lr: 0.000142  loss: 0.5816 (0.5816)  loss_scale: 131072.0000 (131072.0000)  weight_decay: 0.0500 (0.0500)  grad_norm: 0.9854 (0.9854)  time: 8.5411  data: 8.1418  max mem: 11583
Epoch: [70]  [10/55]  eta: 0:01:04  lr: 0.000142  min_lr: 0.000142  loss: 0.5947 (0.5937)  loss_scale: 131072.0000 (131072.0000)  weight_decay: 0.0500 (0.0500)  grad_norm: 0.9002 (0.9253)  time: 1.4439  data: 1.0952  max mem: 11583
Epoch: [70]  [20/55]  eta: 0:00:40  lr: 0.000142  min_lr: 0.000142  loss: 0.5935 (0.5937)  loss_scale: 131072.0000 (131072.0000)  weight_decay: 0.0500 (0.0500)  grad_norm: 0.9002 (0.9318)  time: 0.7749  data: 0.4217  max mem: 11583
Epoch: [70]  [30/55]  eta: 0:00:25  lr: 0.000142  min_lr: 0.000142  loss: 0.5928 (0.5933)  loss_scale: 131072.0000 (131072.0000)  weight_decay: 0.0500 (0.0500)  grad_norm: 0.9273 (0.9408)  time: 0.7977  data: 0.4402  max mem: 11583
Epoch: [70]  [40/55]  eta: 0:00:14  lr: 0.000142  min_lr: 0.000142  loss: 0.5915 (0.5926)  loss_scale: 131072.0000 (131072.0000)  weight_decay: 0.0500 (0.0500)  grad_norm: 0.9692 (0.9709)  time: 0.7871  data: 0.4377  max mem: 11583
Epoch: [70]  [50/55]  eta: 0:00:04  lr: 0.000142  min_lr: 0.000142  loss: 0.5891 (0.5921)  loss_scale: 131072.0000 (131072.0000)  weight_decay: 0.0500 (0.0500)  grad_norm: 0.8531 (0.9355)  time: 0.8049  data: 0.4616  max mem: 11583
Epoch: [70]  [54/55]  eta: 0:00:00  lr: 0.000142  min_lr: 0.000142  loss: 0.5888 (0.5921)  loss_scale: 131072.0000 (131072.0000)  weight_decay: 0.0500 (0.0500)  grad_norm: 0.7674 (0.9306)  time: 0.7964  data: 0.4553  max mem: 11583
Epoch: [70] Total time: 0:00:49 (0.8990 s / it)
Averaged stats: lr: 0.000142  min_lr: 0.000142  loss: 0.5888 (0.5921)  loss_scale: 131072.0000 (131072.0000)  weight_decay: 0.0500 (0.0500)  grad_norm: 0.7674 (0.9306)
Epoch: [71]  [ 0/55]  eta: 0:07:13  lr: 0.000142  min_lr: 0.000142  loss: 0.5663 (0.5663)  loss_scale: 131072.0000 (131072.0000)  weight_decay: 0.0500 (0.0500)  grad_norm: 1.1241 (1.1241)  time: 7.8763  data: 7.4835  max mem: 11583
Epoch: [71]  [10/55]  eta: 0:01:07  lr: 0.000142  min_lr: 0.000142  loss: 0.5897 (0.5884)  loss_scale: 131072.0000 (131072.0000)  weight_decay: 0.0500 (0.0500)  grad_norm: 0.9887 (0.9480)  time: 1.5109  data: 1.1337  max mem: 11583
Epoch: [71]  [20/55]  eta: 0:00:40  lr: 0.000142  min_lr: 0.000142  loss: 0.5906 (0.5903)  loss_scale: 131072.0000 (131072.0000)  weight_decay: 0.0500 (0.0500)  grad_norm: 0.9887 (0.9743)  time: 0.8195  data: 0.4540  max mem: 11583
Epoch: [71]  [30/55]  eta: 0:00:26  lr: 0.000142  min_lr: 0.000142  loss: 0.5935 (0.5912)  loss_scale: 131072.0000 (131072.0000)  weight_decay: 0.0500 (0.0500)  grad_norm: 1.0031 (0.9723)  time: 0.8053  data: 0.4475  max mem: 11583
Epoch: [71]  [40/55]  eta: 0:00:14  lr: 0.000142  min_lr: 0.000142  loss: 0.5874 (0.5894)  loss_scale: 131072.0000 (131072.0000)  weight_decay: 0.0500 (0.0500)  grad_norm: 0.8503 (0.9415)  time: 0.8229  data: 0.4604  max mem: 11583
Epoch: [71]  [50/55]  eta: 0:00:04  lr: 0.000141  min_lr: 0.000141  loss: 0.5839 (0.5890)  loss_scale: 131072.0000 (131072.0000)  weight_decay: 0.0500 (0.0500)  grad_norm: 0.7973 (0.9246)  time: 0.8056  data: 0.4526  max mem: 11583
Epoch: [71]  [54/55]  eta: 0:00:00  lr: 0.000141  min_lr: 0.000141  loss: 0.5868 (0.5895)  loss_scale: 131072.0000 (131072.0000)  weight_decay: 0.0500 (0.0500)  grad_norm: 0.7973 (0.9161)  time: 0.7849  data: 0.4368  max mem: 11583
Epoch: [71] Total time: 0:00:50 (0.9145 s / it)
Averaged stats: lr: 0.000141  min_lr: 0.000141  loss: 0.5868 (0.5895)  loss_scale: 131072.0000 (131072.0000)  weight_decay: 0.0500 (0.0500)  grad_norm: 0.7973 (0.9161)
Epoch: [72]  [ 0/55]  eta: 0:07:21  lr: 0.000141  min_lr: 0.000141  loss: 0.5624 (0.5624)  loss_scale: 131072.0000 (131072.0000)  weight_decay: 0.0500 (0.0500)  grad_norm: 0.9651 (0.9651)  time: 8.0306  data: 7.6395  max mem: 11583
Epoch: [72]  [10/55]  eta: 0:01:05  lr: 0.000141  min_lr: 0.000141  loss: 0.5863 (0.5827)  loss_scale: 131072.0000 (131072.0000)  weight_decay: 0.0500 (0.0500)  grad_norm: 0.9651 (0.9474)  time: 1.4599  data: 1.0982  max mem: 11583
Epoch: [72]  [20/55]  eta: 0:00:39  lr: 0.000141  min_lr: 0.000141  loss: 0.5881 (0.5866)  loss_scale: 131072.0000 (131072.0000)  weight_decay: 0.0500 (0.0500)  grad_norm: 1.0714 (1.0174)  time: 0.7894  data: 0.4322  max mem: 11583
Epoch: [72]  [30/55]  eta: 0:00:25  lr: 0.000141  min_lr: 0.000141  loss: 0.5881 (0.5874)  loss_scale: 131072.0000 (131072.0000)  weight_decay: 0.0500 (0.0500)  grad_norm: 1.1125 (1.0680)  time: 0.7926  data: 0.4349  max mem: 11583
Epoch: [72]  [40/55]  eta: 0:00:14  lr: 0.000141  min_lr: 0.000141  loss: 0.5890 (0.5879)  loss_scale: 131072.0000 (137465.7561)  weight_decay: 0.0500 (0.0500)  grad_norm: 1.1540 (1.0886)  time: 0.8310  data: 0.4695  max mem: 11583
Epoch: [72]  [50/55]  eta: 0:00:04  lr: 0.000141  min_lr: 0.000141  loss: 0.5846 (0.5877)  loss_scale: 262144.0000 (161912.4706)  weight_decay: 0.0500 (0.0500)  grad_norm: 1.1512 (1.0856)  time: 0.8199  data: 0.4654  max mem: 11583
Epoch: [72]  [54/55]  eta: 0:00:00  lr: 0.000141  min_lr: 0.000141  loss: 0.5846 (0.5880)  loss_scale: 262144.0000 (169202.0364)  weight_decay: 0.0500 (0.0500)  grad_norm: 1.1512 (1.0914)  time: 0.7798  data: 0.4284  max mem: 11583
Epoch: [72] Total time: 0:00:50 (0.9105 s / it)
Averaged stats: lr: 0.000141  min_lr: 0.000141  loss: 0.5846 (0.5880)  loss_scale: 262144.0000 (169202.0364)  weight_decay: 0.0500 (0.0500)  grad_norm: 1.1512 (1.0914)
Epoch: [73]  [ 0/55]  eta: 0:07:17  lr: 0.000141  min_lr: 0.000141  loss: 0.5839 (0.5839)  loss_scale: 262144.0000 (262144.0000)  weight_decay: 0.0500 (0.0500)  grad_norm: 1.0813 (1.0813)  time: 7.9481  data: 7.5456  max mem: 11583
Epoch: [73]  [10/55]  eta: 0:01:03  lr: 0.000141  min_lr: 0.000141  loss: 0.5912 (0.5910)  loss_scale: 262144.0000 (262144.0000)  weight_decay: 0.0500 (0.0500)  grad_norm: 1.0660 (1.0255)  time: 1.4220  data: 1.0679  max mem: 11583
Epoch: [73]  [20/55]  eta: 0:00:40  lr: 0.000141  min_lr: 0.000141  loss: 0.5901 (0.5889)  loss_scale: 262144.0000 (262144.0000)  weight_decay: 0.0500 (0.0500)  grad_norm: 0.9816 (0.9641)  time: 0.8027  data: 0.4442  max mem: 11583
Epoch: [73]  [30/55]  eta: 0:00:25  lr: 0.000141  min_lr: 0.000141  loss: 0.5839 (0.5879)  loss_scale: 262144.0000 (262144.0000)  weight_decay: 0.0500 (0.0500)  grad_norm: 0.9078 (1.0044)  time: 0.8250  data: 0.4590  max mem: 11583
Epoch: [73]  [40/55]  eta: 0:00:14  lr: 0.000141  min_lr: 0.000141  loss: 0.5839 (0.5864)  loss_scale: 262144.0000 (262144.0000)  weight_decay: 0.0500 (0.0500)  grad_norm: 1.0073 (1.0169)  time: 0.8414  data: 0.4794  max mem: 11583
Epoch: [73]  [50/55]  eta: 0:00:04  lr: 0.000141  min_lr: 0.000141  loss: 0.5844 (0.5866)  loss_scale: 262144.0000 (262144.0000)  weight_decay: 0.0500 (0.0500)  grad_norm: 0.9740 (1.0032)  time: 0.8304  data: 0.4753  max mem: 11583
Epoch: [73]  [54/55]  eta: 0:00:00  lr: 0.000141  min_lr: 0.000141  loss: 0.5865 (0.5869)  loss_scale: 262144.0000 (262144.0000)  weight_decay: 0.0500 (0.0500)  grad_norm: 0.9740 (0.9983)  time: 0.8177  data: 0.4674  max mem: 11583
Epoch: [73] Total time: 0:00:50 (0.9134 s / it)
Averaged stats: lr: 0.000141  min_lr: 0.000141  loss: 0.5865 (0.5869)  loss_scale: 262144.0000 (262144.0000)  weight_decay: 0.0500 (0.0500)  grad_norm: 0.9740 (0.9983)
Epoch: [74]  [ 0/55]  eta: 0:07:36  lr: 0.000141  min_lr: 0.000141  loss: 0.5763 (0.5763)  loss_scale: 262144.0000 (262144.0000)  weight_decay: 0.0500 (0.0500)  grad_norm: 1.1404 (1.1404)  time: 8.3065  data: 7.9341  max mem: 11583
Epoch: [74]  [10/55]  eta: 0:01:05  lr: 0.000141  min_lr: 0.000141  loss: 0.5850 (0.5874)  loss_scale: 262144.0000 (262144.0000)  weight_decay: 0.0500 (0.0500)  grad_norm: 1.0437 (0.9886)  time: 1.4571  data: 1.0969  max mem: 11583
Epoch: [74]  [20/55]  eta: 0:00:40  lr: 0.000141  min_lr: 0.000141  loss: 0.5849 (0.5854)  loss_scale: 262144.0000 (262144.0000)  weight_decay: 0.0500 (0.0500)  grad_norm: 0.9882 (0.9793)  time: 0.8068  data: 0.4450  max mem: 11583
Epoch: [74]  [30/55]  eta: 0:00:26  lr: 0.000141  min_lr: 0.000141  loss: 0.5839 (0.5857)  loss_scale: 262144.0000 (262144.0000)  weight_decay: 0.0500 (0.0500)  grad_norm: 1.0067 (0.9846)  time: 0.8197  data: 0.4557  max mem: 11583
Epoch: [74]  [40/55]  eta: 0:00:14  lr: 0.000141  min_lr: 0.000141  loss: 0.5841 (0.5854)  loss_scale: 262144.0000 (262144.0000)  weight_decay: 0.0500 (0.0500)  grad_norm: 0.9635 (0.9818)  time: 0.8086  data: 0.4482  max mem: 11583
Epoch: [74]  [50/55]  eta: 0:00:04  lr: 0.000141  min_lr: 0.000141  loss: 0.5842 (0.5853)  loss_scale: 262144.0000 (262144.0000)  weight_decay: 0.0500 (0.0500)  grad_norm: 0.9635 (0.9885)  time: 0.8109  data: 0.4552  max mem: 11583
Epoch: [74]  [54/55]  eta: 0:00:00  lr: 0.000141  min_lr: 0.000141  loss: 0.5850 (0.5853)  loss_scale: 262144.0000 (262144.0000)  weight_decay: 0.0500 (0.0500)  grad_norm: 0.9635 (0.9847)  time: 0.8129  data: 0.4585  max mem: 11583
Epoch: [74] Total time: 0:00:50 (0.9183 s / it)
Averaged stats: lr: 0.000141  min_lr: 0.000141  loss: 0.5850 (0.5853)  loss_scale: 262144.0000 (262144.0000)  weight_decay: 0.0500 (0.0500)  grad_norm: 0.9635 (0.9847)
Epoch: [75]  [ 0/55]  eta: 0:07:58  lr: 0.000141  min_lr: 0.000141  loss: 0.5728 (0.5728)  loss_scale: 262144.0000 (262144.0000)  weight_decay: 0.0500 (0.0500)  grad_norm: 0.8039 (0.8039)  time: 8.7079  data: 8.3159  max mem: 11583
Epoch: [75]  [10/55]  eta: 0:01:06  lr: 0.000141  min_lr: 0.000141  loss: 0.5882 (0.5885)  loss_scale: 262144.0000 (262144.0000)  weight_decay: 0.0500 (0.0500)  grad_norm: 1.1990 (1.1854)  time: 1.4715  data: 1.1100  max mem: 11583
Epoch: [75]  [20/55]  eta: 0:00:39  lr: 0.000141  min_lr: 0.000141  loss: 0.5882 (0.5884)  loss_scale: 262144.0000 (262144.0000)  weight_decay: 0.0500 (0.0500)  grad_norm: 1.1043 (1.1172)  time: 0.7522  data: 0.3970  max mem: 11583
Epoch: [75]  [30/55]  eta: 0:00:25  lr: 0.000140  min_lr: 0.000140  loss: 0.5857 (0.5872)  loss_scale: 262144.0000 (262144.0000)  weight_decay: 0.0500 (0.0500)  grad_norm: 1.0200 (1.1019)  time: 0.8009  data: 0.4481  max mem: 11583
Epoch: [75]  [40/55]  eta: 0:00:14  lr: 0.000140  min_lr: 0.000140  loss: 0.5820 (0.5852)  loss_scale: 262144.0000 (262144.0000)  weight_decay: 0.0500 (0.0500)  grad_norm: 1.0119 (1.0745)  time: 0.8316  data: 0.4747  max mem: 11583
Epoch: [75]  [50/55]  eta: 0:00:04  lr: 0.000140  min_lr: 0.000140  loss: 0.5764 (0.5843)  loss_scale: 262144.0000 (262144.0000)  weight_decay: 0.0500 (0.0500)  grad_norm: 0.8961 (1.0278)  time: 0.8210  data: 0.4578  max mem: 11583
Epoch: [75]  [54/55]  eta: 0:00:00  lr: 0.000140  min_lr: 0.000140  loss: 0.5813 (0.5843)  loss_scale: 262144.0000 (262144.0000)  weight_decay: 0.0500 (0.0500)  grad_norm: 0.8940 (1.0205)  time: 0.8057  data: 0.4434  max mem: 11583
Epoch: [75] Total time: 0:00:50 (0.9107 s / it)
Averaged stats: lr: 0.000140  min_lr: 0.000140  loss: 0.5813 (0.5843)  loss_scale: 262144.0000 (262144.0000)  weight_decay: 0.0500 (0.0500)  grad_norm: 0.8940 (1.0205)
Epoch: [76]  [ 0/55]  eta: 0:07:50  lr: 0.000140  min_lr: 0.000140  loss: 0.5664 (0.5664)  loss_scale: 262144.0000 (262144.0000)  weight_decay: 0.0500 (0.0500)  grad_norm: 0.7220 (0.7220)  time: 8.5468  data: 8.1523  max mem: 11583
Epoch: [76]  [10/55]  eta: 0:01:05  lr: 0.000140  min_lr: 0.000140  loss: 0.5831 (0.5827)  loss_scale: 262144.0000 (262144.0000)  weight_decay: 0.0500 (0.0500)  grad_norm: 0.9678 (0.9810)  time: 1.4593  data: 1.1055  max mem: 11583
Epoch: [76]  [20/55]  eta: 0:00:39  lr: 0.000140  min_lr: 0.000140  loss: 0.5831 (0.5829)  loss_scale: 262144.0000 (262144.0000)  weight_decay: 0.0500 (0.0500)  grad_norm: 0.9645 (0.9595)  time: 0.7623  data: 0.4095  max mem: 11583
Epoch: [76]  [30/55]  eta: 0:00:26  lr: 0.000140  min_lr: 0.000140  loss: 0.5782 (0.5812)  loss_scale: 262144.0000 (262144.0000)  weight_decay: 0.0500 (0.0500)  grad_norm: 0.9410 (0.9600)  time: 0.8238  data: 0.4590  max mem: 11583
Epoch: [76]  [40/55]  eta: 0:00:14  lr: 0.000140  min_lr: 0.000140  loss: 0.5780 (0.5806)  loss_scale: 262144.0000 (262144.0000)  weight_decay: 0.0500 (0.0500)  grad_norm: 0.9852 (0.9528)  time: 0.8477  data: 0.4789  max mem: 11583
Epoch: [76]  [50/55]  eta: 0:00:04  lr: 0.000140  min_lr: 0.000140  loss: 0.5795 (0.5805)  loss_scale: 262144.0000 (262144.0000)  weight_decay: 0.0500 (0.0500)  grad_norm: 0.9609 (0.9495)  time: 0.8170  data: 0.4641  max mem: 11583
Epoch: [76]  [54/55]  eta: 0:00:00  lr: 0.000140  min_lr: 0.000140  loss: 0.5799 (0.5811)  loss_scale: 262144.0000 (262144.0000)  weight_decay: 0.0500 (0.0500)  grad_norm: 0.9380 (0.9477)  time: 0.8094  data: 0.4641  max mem: 11583
Epoch: [76] Total time: 0:00:50 (0.9148 s / it)
Averaged stats: lr: 0.000140  min_lr: 0.000140  loss: 0.5799 (0.5811)  loss_scale: 262144.0000 (262144.0000)  weight_decay: 0.0500 (0.0500)  grad_norm: 0.9380 (0.9477)
Epoch: [77]  [ 0/55]  eta: 0:07:13  lr: 0.000140  min_lr: 0.000140  loss: 0.5806 (0.5806)  loss_scale: 262144.0000 (262144.0000)  weight_decay: 0.0500 (0.0500)  grad_norm: 1.2481 (1.2481)  time: 7.8845  data: 7.4628  max mem: 11583
Epoch: [77]  [10/55]  eta: 0:01:05  lr: 0.000140  min_lr: 0.000140  loss: 0.5806 (0.5806)  loss_scale: 262144.0000 (262144.0000)  weight_decay: 0.0500 (0.0500)  grad_norm: 0.8948 (0.9271)  time: 1.4592  data: 1.0999  max mem: 11583
Epoch: [77]  [20/55]  eta: 0:00:39  lr: 0.000140  min_lr: 0.000140  loss: 0.5785 (0.5796)  loss_scale: 262144.0000 (262144.0000)  weight_decay: 0.0500 (0.0500)  grad_norm: 0.8295 (0.8813)  time: 0.7943  data: 0.4410  max mem: 11583
Epoch: [77]  [30/55]  eta: 0:00:26  lr: 0.000140  min_lr: 0.000140  loss: 0.5785 (0.5793)  loss_scale: 262144.0000 (262144.0000)  weight_decay: 0.0500 (0.0500)  grad_norm: 0.8344 (0.8988)  time: 0.8103  data: 0.4533  max mem: 11583
Epoch: [77]  [40/55]  eta: 0:00:14  lr: 0.000140  min_lr: 0.000140  loss: 0.5777 (0.5787)  loss_scale: 262144.0000 (262144.0000)  weight_decay: 0.0500 (0.0500)  grad_norm: 0.8434 (0.8848)  time: 0.8224  data: 0.4589  max mem: 11583
Epoch: [77]  [50/55]  eta: 0:00:04  lr: 0.000140  min_lr: 0.000140  loss: 0.5774 (0.5797)  loss_scale: 262144.0000 (262144.0000)  weight_decay: 0.0500 (0.0500)  grad_norm: 0.9285 (0.9358)  time: 0.7859  data: 0.4263  max mem: 11583
Epoch: [77]  [54/55]  eta: 0:00:00  lr: 0.000140  min_lr: 0.000140  loss: 0.5774 (0.5799)  loss_scale: 262144.0000 (262144.0000)  weight_decay: 0.0500 (0.0500)  grad_norm: 0.8962 (0.9325)  time: 0.7713  data: 0.4228  max mem: 11583
Epoch: [77] Total time: 0:00:49 (0.9013 s / it)
Averaged stats: lr: 0.000140  min_lr: 0.000140  loss: 0.5774 (0.5799)  loss_scale: 262144.0000 (262144.0000)  weight_decay: 0.0500 (0.0500)  grad_norm: 0.8962 (0.9325)
Epoch: [78]  [ 0/55]  eta: 0:07:20  lr: 0.000140  min_lr: 0.000140  loss: 0.5676 (0.5676)  loss_scale: 262144.0000 (262144.0000)  weight_decay: 0.0500 (0.0500)  grad_norm: 0.8364 (0.8364)  time: 8.0111  data: 7.5847  max mem: 11583
Epoch: [78]  [10/55]  eta: 0:01:04  lr: 0.000140  min_lr: 0.000140  loss: 0.5763 (0.5751)  loss_scale: 262144.0000 (262144.0000)  weight_decay: 0.0500 (0.0500)  grad_norm: 0.8364 (0.8470)  time: 1.4422  data: 1.0741  max mem: 11583
Epoch: [78]  [20/55]  eta: 0:00:40  lr: 0.000140  min_lr: 0.000140  loss: 0.5763 (0.5758)  loss_scale: 262144.0000 (262144.0000)  weight_decay: 0.0500 (0.0500)  grad_norm: 0.8593 (0.8687)  time: 0.8148  data: 0.4467  max mem: 11583
Epoch: [78]  [30/55]  eta: 0:00:26  lr: 0.000140  min_lr: 0.000140  loss: 0.5772 (0.5769)  loss_scale: 262144.0000 (262144.0000)  weight_decay: 0.0500 (0.0500)  grad_norm: 0.9989 (0.9298)  time: 0.8238  data: 0.4563  max mem: 11583
Epoch: [78]  [40/55]  eta: 0:00:15  lr: 0.000140  min_lr: 0.000140  loss: 0.5772 (0.5771)  loss_scale: 262144.0000 (262144.0000)  weight_decay: 0.0500 (0.0500)  grad_norm: 1.0515 (0.9476)  time: 0.8348  data: 0.4729  max mem: 11583
Epoch: [78]  [50/55]  eta: 0:00:04  lr: 0.000139  min_lr: 0.000139  loss: 0.5772 (0.5775)  loss_scale: 262144.0000 (262144.0000)  weight_decay: 0.0500 (0.0500)  grad_norm: 1.0451 (0.9679)  time: 0.8358  data: 0.4807  max mem: 11583
Epoch: [78]  [54/55]  eta: 0:00:00  lr: 0.000139  min_lr: 0.000139  loss: 0.5762 (0.5774)  loss_scale: 262144.0000 (262144.0000)  weight_decay: 0.0500 (0.0500)  grad_norm: 0.9110 (0.9587)  time: 0.8177  data: 0.4649  max mem: 11583
Epoch: [78] Total time: 0:00:50 (0.9188 s / it)
Averaged stats: lr: 0.000139  min_lr: 0.000139  loss: 0.5762 (0.5774)  loss_scale: 262144.0000 (262144.0000)  weight_decay: 0.0500 (0.0500)  grad_norm: 0.9110 (0.9587)
Epoch: [79]  [ 0/55]  eta: 0:07:34  lr: 0.000139  min_lr: 0.000139  loss: 0.5817 (0.5817)  loss_scale: 262144.0000 (262144.0000)  weight_decay: 0.0500 (0.0500)  grad_norm: 0.9472 (0.9472)  time: 8.2649  data: 7.8664  max mem: 11583
Epoch: [79]  [10/55]  eta: 0:01:05  lr: 0.000139  min_lr: 0.000139  loss: 0.5782 (0.5764)  loss_scale: 262144.0000 (262144.0000)  weight_decay: 0.0500 (0.0500)  grad_norm: 0.8796 (0.8658)  time: 1.4600  data: 1.0964  max mem: 11583
Epoch: [79]  [20/55]  eta: 0:00:40  lr: 0.000139  min_lr: 0.000139  loss: 0.5732 (0.5751)  loss_scale: 262144.0000 (262144.0000)  weight_decay: 0.0500 (0.0500)  grad_norm: 0.9340 (0.9371)  time: 0.7968  data: 0.4418  max mem: 11583
Epoch: [79]  [30/55]  eta: 0:00:25  lr: 0.000139  min_lr: 0.000139  loss: 0.5732 (0.5763)  loss_scale: 262144.0000 (262144.0000)  weight_decay: 0.0500 (0.0500)  grad_norm: 0.8303 (0.8699)  time: 0.8019  data: 0.4520  max mem: 11583
Epoch: [79]  [40/55]  eta: 0:00:14  lr: 0.000139  min_lr: 0.000139  loss: 0.5724 (0.5752)  loss_scale: 262144.0000 (262144.0000)  weight_decay: 0.0500 (0.0500)  grad_norm: 0.8000 (0.9096)  time: 0.8001  data: 0.4454  max mem: 11583
Epoch: [79]  [50/55]  eta: 0:00:04  lr: 0.000139  min_lr: 0.000139  loss: 0.5757 (0.5761)  loss_scale: 262144.0000 (262144.0000)  weight_decay: 0.0500 (0.0500)  grad_norm: 0.9497 (0.9239)  time: 0.8167  data: 0.4603  max mem: 11583
Epoch: [79]  [54/55]  eta: 0:00:00  lr: 0.000139  min_lr: 0.000139  loss: 0.5739 (0.5762)  loss_scale: 262144.0000 (262144.0000)  weight_decay: 0.0500 (0.0500)  grad_norm: 0.9059 (0.9230)  time: 0.8097  data: 0.4603  max mem: 11583
Epoch: [79] Total time: 0:00:49 (0.9058 s / it)
Averaged stats: lr: 0.000139  min_lr: 0.000139  loss: 0.5739 (0.5762)  loss_scale: 262144.0000 (262144.0000)  weight_decay: 0.0500 (0.0500)  grad_norm: 0.9059 (0.9230)
Epoch: [80]  [ 0/55]  eta: 0:07:37  lr: 0.000139  min_lr: 0.000139  loss: 0.5596 (0.5596)  loss_scale: 262144.0000 (262144.0000)  weight_decay: 0.0500 (0.0500)  grad_norm: 1.0987 (1.0987)  time: 8.3169  data: 7.9113  max mem: 11583
Epoch: [80]  [10/55]  eta: 0:01:06  lr: 0.000139  min_lr: 0.000139  loss: 0.5782 (0.5740)  loss_scale: 262144.0000 (262144.0000)  weight_decay: 0.0500 (0.0500)  grad_norm: 0.9175 (0.9280)  time: 1.4733  data: 1.1096  max mem: 11583
Epoch: [80]  [20/55]  eta: 0:00:40  lr: 0.000139  min_lr: 0.000139  loss: 0.5731 (0.5733)  loss_scale: 262144.0000 (262144.0000)  weight_decay: 0.0500 (0.0500)  grad_norm: 0.8266 (0.8980)  time: 0.7975  data: 0.4323  max mem: 11583
Epoch: [80]  [30/55]  eta: 0:00:26  lr: 0.000139  min_lr: 0.000139  loss: 0.5731 (0.5741)  loss_scale: 262144.0000 (262144.0000)  weight_decay: 0.0500 (0.0500)  grad_norm: 0.8266 (0.9035)  time: 0.8438  data: 0.4628  max mem: 11583
Epoch: [80]  [40/55]  eta: 0:00:15  lr: 0.000139  min_lr: 0.000139  loss: 0.5719 (0.5735)  loss_scale: 262144.0000 (262144.0000)  weight_decay: 0.0500 (0.0500)  grad_norm: 0.8653 (0.9019)  time: 0.8420  data: 0.4661  max mem: 11583
Epoch: [80]  [50/55]  eta: 0:00:04  lr: 0.000139  min_lr: 0.000139  loss: 0.5730 (0.5747)  loss_scale: 262144.0000 (262144.0000)  weight_decay: 0.0500 (0.0500)  grad_norm: 0.8563 (0.9134)  time: 0.8006  data: 0.4444  max mem: 11583
Epoch: [80]  [54/55]  eta: 0:00:00  lr: 0.000139  min_lr: 0.000139  loss: 0.5762 (0.5753)  loss_scale: 262144.0000 (262144.0000)  weight_decay: 0.0500 (0.0500)  grad_norm: 0.9155 (0.9230)  time: 0.7931  data: 0.4394  max mem: 11583
Epoch: [80] Total time: 0:00:50 (0.9210 s / it)
Averaged stats: lr: 0.000139  min_lr: 0.000139  loss: 0.5762 (0.5753)  loss_scale: 262144.0000 (262144.0000)  weight_decay: 0.0500 (0.0500)  grad_norm: 0.9155 (0.9230)
Epoch: [81]  [ 0/55]  eta: 0:07:08  lr: 0.000139  min_lr: 0.000139  loss: 0.5745 (0.5745)  loss_scale: 262144.0000 (262144.0000)  weight_decay: 0.0500 (0.0500)  grad_norm: 1.2899 (1.2899)  time: 7.7975  data: 7.4268  max mem: 11583
Epoch: [81]  [10/55]  eta: 0:01:07  lr: 0.000139  min_lr: 0.000139  loss: 0.5745 (0.5750)  loss_scale: 262144.0000 (262144.0000)  weight_decay: 0.0500 (0.0500)  grad_norm: 0.8625 (0.9138)  time: 1.4994  data: 1.1210  max mem: 11583
Epoch: [81]  [20/55]  eta: 0:00:40  lr: 0.000139  min_lr: 0.000139  loss: 0.5746 (0.5739)  loss_scale: 262144.0000 (262144.0000)  weight_decay: 0.0500 (0.0500)  grad_norm: 0.8707 (1.0047)  time: 0.8218  data: 0.4548  max mem: 11583
Epoch: [81]  [30/55]  eta: 0:00:26  lr: 0.000139  min_lr: 0.000139  loss: 0.5761 (0.5745)  loss_scale: 262144.0000 (262144.0000)  weight_decay: 0.0500 (0.0500)  grad_norm: 1.0041 (1.0002)  time: 0.8027  data: 0.4496  max mem: 11583
Epoch: [81]  [40/55]  eta: 0:00:14  lr: 0.000139  min_lr: 0.000139  loss: 0.5748 (0.5747)  loss_scale: 262144.0000 (262144.0000)  weight_decay: 0.0500 (0.0500)  grad_norm: 1.0237 (1.0249)  time: 0.8128  data: 0.4588  max mem: 11583
Epoch: [81]  [50/55]  eta: 0:00:04  lr: 0.000139  min_lr: 0.000139  loss: 0.5748 (0.5753)  loss_scale: 262144.0000 (262144.0000)  weight_decay: 0.0500 (0.0500)  grad_norm: 1.0124 (1.0058)  time: 0.7850  data: 0.4315  max mem: 11583
Epoch: [81]  [54/55]  eta: 0:00:00  lr: 0.000139  min_lr: 0.000139  loss: 0.5748 (0.5755)  loss_scale: 262144.0000 (262144.0000)  weight_decay: 0.0500 (0.0500)  grad_norm: 0.9128 (0.9988)  time: 0.7694  data: 0.4256  max mem: 11583
Epoch: [81] Total time: 0:00:50 (0.9137 s / it)
Averaged stats: lr: 0.000139  min_lr: 0.000139  loss: 0.5748 (0.5755)  loss_scale: 262144.0000 (262144.0000)  weight_decay: 0.0500 (0.0500)  grad_norm: 0.9128 (0.9988)
Epoch: [82]  [ 0/55]  eta: 0:07:19  lr: 0.000139  min_lr: 0.000139  loss: 0.5641 (0.5641)  loss_scale: 262144.0000 (262144.0000)  weight_decay: 0.0500 (0.0500)  grad_norm: 0.8321 (0.8321)  time: 7.9917  data: 7.5538  max mem: 11583
Epoch: [82]  [10/55]  eta: 0:01:05  lr: 0.000138  min_lr: 0.000138  loss: 0.5711 (0.5748)  loss_scale: 262144.0000 (262144.0000)  weight_decay: 0.0500 (0.0500)  grad_norm: 0.8555 (0.9524)  time: 1.4448  data: 1.0782  max mem: 11583
Epoch: [82]  [20/55]  eta: 0:00:39  lr: 0.000138  min_lr: 0.000138  loss: 0.5740 (0.5756)  loss_scale: 262144.0000 (262144.0000)  weight_decay: 0.0500 (0.0500)  grad_norm: 0.8555 (0.8961)  time: 0.7728  data: 0.4131  max mem: 11583
Epoch: [82]  [30/55]  eta: 0:00:25  lr: 0.000138  min_lr: 0.000138  loss: 0.5735 (0.5753)  loss_scale: 262144.0000 (262144.0000)  weight_decay: 0.0500 (0.0500)  grad_norm: 0.8438 (0.8818)  time: 0.7715  data: 0.4137  max mem: 11583
Epoch: [82]  [40/55]  eta: 0:00:14  lr: 0.000138  min_lr: 0.000138  loss: 0.5706 (0.5732)  loss_scale: 262144.0000 (262144.0000)  weight_decay: 0.0500 (0.0500)  grad_norm: 0.8759 (0.8951)  time: 0.8350  data: 0.4605  max mem: 11583
Epoch: [82]  [50/55]  eta: 0:00:04  lr: 0.000138  min_lr: 0.000138  loss: 0.5689 (0.5732)  loss_scale: 262144.0000 (262144.0000)  weight_decay: 0.0500 (0.0500)  grad_norm: 0.9134 (0.9179)  time: 0.8202  data: 0.4510  max mem: 11583
Epoch: [82]  [54/55]  eta: 0:00:00  lr: 0.000138  min_lr: 0.000138  loss: 0.5721 (0.5734)  loss_scale: 262144.0000 (262144.0000)  weight_decay: 0.0500 (0.0500)  grad_norm: 0.9143 (0.9232)  time: 0.8078  data: 0.4467  max mem: 11583
Epoch: [82] Total time: 0:00:49 (0.9034 s / it)
Averaged stats: lr: 0.000138  min_lr: 0.000138  loss: 0.5721 (0.5734)  loss_scale: 262144.0000 (262144.0000)  weight_decay: 0.0500 (0.0500)  grad_norm: 0.9143 (0.9232)
Epoch: [83]  [ 0/55]  eta: 0:07:47  lr: 0.000138  min_lr: 0.000138  loss: 0.5726 (0.5726)  loss_scale: 262144.0000 (262144.0000)  weight_decay: 0.0500 (0.0500)  grad_norm: 0.7707 (0.7707)  time: 8.5080  data: 8.0837  max mem: 11583
Epoch: [83]  [10/55]  eta: 0:01:06  lr: 0.000138  min_lr: 0.000138  loss: 0.5726 (0.5693)  loss_scale: 262144.0000 (262144.0000)  weight_decay: 0.0500 (0.0500)  grad_norm: 0.8702 (0.8626)  time: 1.4739  data: 1.1130  max mem: 11583
Epoch: [83]  [20/55]  eta: 0:00:40  lr: 0.000138  min_lr: 0.000138  loss: 0.5705 (0.5693)  loss_scale: 262144.0000 (262144.0000)  weight_decay: 0.0500 (0.0500)  grad_norm: 0.8672 (0.8552)  time: 0.8031  data: 0.4459  max mem: 11583
Epoch: [83]  [30/55]  eta: 0:00:26  lr: 0.000138  min_lr: 0.000138  loss: 0.5708 (0.5702)  loss_scale: 262144.0000 (262144.0000)  weight_decay: 0.0500 (0.0500)  grad_norm: 0.8297 (0.8518)  time: 0.8198  data: 0.4653  max mem: 11583
Epoch: [83]  [40/55]  eta: 0:00:15  lr: 0.000138  min_lr: 0.000138  loss: 0.5692 (0.5701)  loss_scale: 262144.0000 (262144.0000)  weight_decay: 0.0500 (0.0500)  grad_norm: 0.9091 (0.8686)  time: 0.8268  data: 0.4693  max mem: 11583
Epoch: [83]  [50/55]  eta: 0:00:04  lr: 0.000138  min_lr: 0.000138  loss: 0.5711 (0.5710)  loss_scale: 262144.0000 (262144.0000)  weight_decay: 0.0500 (0.0500)  grad_norm: 0.9181 (0.8734)  time: 0.8063  data: 0.4531  max mem: 11583
Epoch: [83]  [54/55]  eta: 0:00:00  lr: 0.000138  min_lr: 0.000138  loss: 0.5669 (0.5707)  loss_scale: 262144.0000 (262144.0000)  weight_decay: 0.0500 (0.0500)  grad_norm: 0.8667 (0.8789)  time: 0.8081  data: 0.4617  max mem: 11583
Epoch: [83] Total time: 0:00:50 (0.9172 s / it)
Averaged stats: lr: 0.000138  min_lr: 0.000138  loss: 0.5669 (0.5707)  loss_scale: 262144.0000 (262144.0000)  weight_decay: 0.0500 (0.0500)  grad_norm: 0.8667 (0.8789)
Epoch: [84]  [ 0/55]  eta: 0:07:42  lr: 0.000138  min_lr: 0.000138  loss: 0.5638 (0.5638)  loss_scale: 262144.0000 (262144.0000)  weight_decay: 0.0500 (0.0500)  grad_norm: 0.7129 (0.7129)  time: 8.4037  data: 8.0104  max mem: 11583
Epoch: [84]  [10/55]  eta: 0:01:05  lr: 0.000138  min_lr: 0.000138  loss: 0.5688 (0.5697)  loss_scale: 262144.0000 (262144.0000)  weight_decay: 0.0500 (0.0500)  grad_norm: 0.9350 (0.8811)  time: 1.4606  data: 1.1032  max mem: 11583
Epoch: [84]  [20/55]  eta: 0:00:39  lr: 0.000138  min_lr: 0.000138  loss: 0.5688 (0.5705)  loss_scale: 262144.0000 (262144.0000)  weight_decay: 0.0500 (0.0500)  grad_norm: 0.9350 (0.9332)  time: 0.7599  data: 0.4063  max mem: 11583
Epoch: [84]  [30/55]  eta: 0:00:25  lr: 0.000138  min_lr: 0.000138  loss: 0.5685 (0.5703)  loss_scale: 262144.0000 (262144.0000)  weight_decay: 0.0500 (0.0500)  grad_norm: 1.0671 (0.9678)  time: 0.7968  data: 0.4372  max mem: 11583
Epoch: [84]  [40/55]  eta: 0:00:14  lr: 0.000138  min_lr: 0.000138  loss: 0.5656 (0.5688)  loss_scale: 262144.0000 (262144.0000)  weight_decay: 0.0500 (0.0500)  grad_norm: 1.0843 (0.9977)  time: 0.8151  data: 0.4566  max mem: 11583
Epoch: [84]  [50/55]  eta: 0:00:04  lr: 0.000138  min_lr: 0.000138  loss: 0.5656 (0.5693)  loss_scale: 262144.0000 (262144.0000)  weight_decay: 0.0500 (0.0500)  grad_norm: 0.9916 (0.9926)  time: 0.7946  data: 0.4495  max mem: 11583
Epoch: [84]  [54/55]  eta: 0:00:00  lr: 0.000138  min_lr: 0.000138  loss: 0.5707 (0.5697)  loss_scale: 262144.0000 (262144.0000)  weight_decay: 0.0500 (0.0500)  grad_norm: 0.9711 (0.9897)  time: 0.7931  data: 0.4502  max mem: 11583
Epoch: [84] Total time: 0:00:50 (0.9119 s / it)
Averaged stats: lr: 0.000138  min_lr: 0.000138  loss: 0.5707 (0.5697)  loss_scale: 262144.0000 (262144.0000)  weight_decay: 0.0500 (0.0500)  grad_norm: 0.9711 (0.9897)
Epoch: [85]  [ 0/55]  eta: 0:07:19  lr: 0.000138  min_lr: 0.000138  loss: 0.5713 (0.5713)  loss_scale: 262144.0000 (262144.0000)  weight_decay: 0.0500 (0.0500)  grad_norm: 0.9830 (0.9830)  time: 7.9923  data: 7.6740  max mem: 11583
Epoch: [85]  [10/55]  eta: 0:01:07  lr: 0.000138  min_lr: 0.000138  loss: 0.5713 (0.5689)  loss_scale: 262144.0000 (262144.0000)  weight_decay: 0.0500 (0.0500)  grad_norm: 0.9248 (0.8990)  time: 1.4988  data: 1.1046  max mem: 11583
Epoch: [85]  [20/55]  eta: 0:00:40  lr: 0.000137  min_lr: 0.000137  loss: 0.5688 (0.5698)  loss_scale: 262144.0000 (262144.0000)  weight_decay: 0.0500 (0.0500)  grad_norm: 0.8921 (0.8688)  time: 0.8126  data: 0.4257  max mem: 11583
Epoch: [85]  [30/55]  eta: 0:00:26  lr: 0.000137  min_lr: 0.000137  loss: 0.5688 (0.5700)  loss_scale: 262144.0000 (262144.0000)  weight_decay: 0.0500 (0.0500)  grad_norm: 0.9098 (0.8918)  time: 0.8118  data: 0.4449  max mem: 11583
Epoch: [85]  [40/55]  eta: 0:00:14  lr: 0.000137  min_lr: 0.000137  loss: 0.5663 (0.5686)  loss_scale: 262144.0000 (262144.0000)  weight_decay: 0.0500 (0.0500)  grad_norm: 0.9085 (0.9054)  time: 0.8276  data: 0.4647  max mem: 11583
Epoch: [85]  [50/55]  eta: 0:00:04  lr: 0.000137  min_lr: 0.000137  loss: 0.5638 (0.5688)  loss_scale: 262144.0000 (262144.0000)  weight_decay: 0.0500 (0.0500)  grad_norm: 0.8198 (0.8777)  time: 0.8023  data: 0.4436  max mem: 11583
Epoch: [85]  [54/55]  eta: 0:00:00  lr: 0.000137  min_lr: 0.000137  loss: 0.5647 (0.5692)  loss_scale: 262144.0000 (262144.0000)  weight_decay: 0.0500 (0.0500)  grad_norm: 0.7998 (0.8790)  time: 0.7876  data: 0.4330  max mem: 11583
Epoch: [85] Total time: 0:00:50 (0.9167 s / it)
Averaged stats: lr: 0.000137  min_lr: 0.000137  loss: 0.5647 (0.5692)  loss_scale: 262144.0000 (262144.0000)  weight_decay: 0.0500 (0.0500)  grad_norm: 0.7998 (0.8790)
Epoch: [86]  [ 0/55]  eta: 0:07:28  lr: 0.000137  min_lr: 0.000137  loss: 0.5580 (0.5580)  loss_scale: 262144.0000 (262144.0000)  weight_decay: 0.0500 (0.0500)  grad_norm: 1.1526 (1.1526)  time: 8.1477  data: 7.7227  max mem: 11583
Epoch: [86]  [10/55]  eta: 0:01:07  lr: 0.000137  min_lr: 0.000137  loss: 0.5660 (0.5639)  loss_scale: 262144.0000 (262144.0000)  weight_decay: 0.0500 (0.0500)  grad_norm: 1.0152 (0.9892)  time: 1.4983  data: 1.1287  max mem: 11583
Epoch: [86]  [20/55]  eta: 0:00:40  lr: 0.000137  min_lr: 0.000137  loss: 0.5671 (0.5672)  loss_scale: 262144.0000 (262144.0000)  weight_decay: 0.0500 (0.0500)  grad_norm: 0.9183 (0.9681)  time: 0.8083  data: 0.4471  max mem: 11583
Epoch: [86]  [30/55]  eta: 0:00:26  lr: 0.000137  min_lr: 0.000137  loss: 0.5703 (0.5685)  loss_scale: 262144.0000 (262144.0000)  weight_decay: 0.0500 (0.0500)  grad_norm: 0.8887 (0.9341)  time: 0.8177  data: 0.4482  max mem: 11583
Epoch: [86]  [40/55]  eta: 0:00:15  lr: 0.000137  min_lr: 0.000137  loss: 0.5686 (0.5675)  loss_scale: 262144.0000 (262144.0000)  weight_decay: 0.0500 (0.0500)  grad_norm: 0.8915 (0.9328)  time: 0.8594  data: 0.4835  max mem: 11583
Epoch: [86]  [50/55]  eta: 0:00:04  lr: 0.000137  min_lr: 0.000137  loss: 0.5619 (0.5673)  loss_scale: 262144.0000 (262144.0000)  weight_decay: 0.0500 (0.0500)  grad_norm: 0.9990 (0.9460)  time: 0.8314  data: 0.4698  max mem: 11583
Epoch: [86]  [54/55]  eta: 0:00:00  lr: 0.000137  min_lr: 0.000137  loss: 0.5628 (0.5672)  loss_scale: 262144.0000 (262144.0000)  weight_decay: 0.0500 (0.0500)  grad_norm: 0.9069 (0.9394)  time: 0.8151  data: 0.4604  max mem: 11583
Epoch: [86] Total time: 0:00:50 (0.9261 s / it)
Averaged stats: lr: 0.000137  min_lr: 0.000137  loss: 0.5628 (0.5672)  loss_scale: 262144.0000 (262144.0000)  weight_decay: 0.0500 (0.0500)  grad_norm: 0.9069 (0.9394)
Epoch: [87]  [ 0/55]  eta: 0:07:13  lr: 0.000137  min_lr: 0.000137  loss: 0.5660 (0.5660)  loss_scale: 262144.0000 (262144.0000)  weight_decay: 0.0500 (0.0500)  grad_norm: 1.0038 (1.0038)  time: 7.8882  data: 7.5221  max mem: 11583
Epoch: [87]  [10/55]  eta: 0:01:04  lr: 0.000137  min_lr: 0.000137  loss: 0.5709 (0.5684)  loss_scale: 262144.0000 (262144.0000)  weight_decay: 0.0500 (0.0500)  grad_norm: 0.9892 (0.9744)  time: 1.4373  data: 1.0959  max mem: 11583
Epoch: [87]  [20/55]  eta: 0:00:40  lr: 0.000137  min_lr: 0.000137  loss: 0.5682 (0.5669)  loss_scale: 262144.0000 (262144.0000)  weight_decay: 0.0500 (0.0500)  grad_norm: 0.8568 (0.9019)  time: 0.8120  data: 0.4577  max mem: 11583
Epoch: [87]  [30/55]  eta: 0:00:26  lr: 0.000137  min_lr: 0.000137  loss: 0.5645 (0.5652)  loss_scale: 262144.0000 (262144.0000)  weight_decay: 0.0500 (0.0500)  grad_norm: 0.8455 (0.9047)  time: 0.8216  data: 0.4562  max mem: 11583
Epoch: [87]  [40/55]  eta: 0:00:14  lr: 0.000137  min_lr: 0.000137  loss: 0.5621 (0.5642)  loss_scale: 262144.0000 (262144.0000)  weight_decay: 0.0500 (0.0500)  grad_norm: 0.8668 (0.9048)  time: 0.8307  data: 0.4704  max mem: 11583
Epoch: [87]  [50/55]  eta: 0:00:04  lr: 0.000137  min_lr: 0.000137  loss: 0.5621 (0.5643)  loss_scale: 262144.0000 (262144.0000)  weight_decay: 0.0500 (0.0500)  grad_norm: 0.8668 (0.9005)  time: 0.8124  data: 0.4609  max mem: 11583
Epoch: [87]  [54/55]  eta: 0:00:00  lr: 0.000137  min_lr: 0.000137  loss: 0.5632 (0.5646)  loss_scale: 262144.0000 (262144.0000)  weight_decay: 0.0500 (0.0500)  grad_norm: 0.8715 (0.9002)  time: 0.7862  data: 0.4382  max mem: 11583
Epoch: [87] Total time: 0:00:49 (0.9082 s / it)
Averaged stats: lr: 0.000137  min_lr: 0.000137  loss: 0.5632 (0.5646)  loss_scale: 262144.0000 (262144.0000)  weight_decay: 0.0500 (0.0500)  grad_norm: 0.8715 (0.9002)
Epoch: [88]  [ 0/55]  eta: 0:07:50  lr: 0.000137  min_lr: 0.000137  loss: 0.5525 (0.5525)  loss_scale: 262144.0000 (262144.0000)  weight_decay: 0.0500 (0.0500)  grad_norm: 0.7536 (0.7536)  time: 8.5521  data: 8.1447  max mem: 11583
Epoch: [88]  [10/55]  eta: 0:01:05  lr: 0.000137  min_lr: 0.000137  loss: 0.5632 (0.5617)  loss_scale: 262144.0000 (262144.0000)  weight_decay: 0.0500 (0.0500)  grad_norm: 0.8825 (0.8546)  time: 1.4516  data: 1.0919  max mem: 11583
Epoch: [88]  [20/55]  eta: 0:00:40  lr: 0.000137  min_lr: 0.000137  loss: 0.5648 (0.5630)  loss_scale: 262144.0000 (262144.0000)  weight_decay: 0.0500 (0.0500)  grad_norm: 0.8825 (0.8692)  time: 0.7767  data: 0.4201  max mem: 11583
Epoch: [88]  [30/55]  eta: 0:00:26  lr: 0.000136  min_lr: 0.000136  loss: 0.5656 (0.5642)  loss_scale: 262144.0000 (262144.0000)  weight_decay: 0.0500 (0.0500)  grad_norm: 0.8524 (0.8878)  time: 0.8139  data: 0.4522  max mem: 11583
Epoch: [88]  [40/55]  eta: 0:00:14  lr: 0.000136  min_lr: 0.000136  loss: 0.5675 (0.5650)  loss_scale: 262144.0000 (262144.0000)  weight_decay: 0.0500 (0.0500)  grad_norm: 0.9297 (1.0016)  time: 0.8160  data: 0.4583  max mem: 11583
Epoch: [88]  [50/55]  eta: 0:00:04  lr: 0.000136  min_lr: 0.000136  loss: 0.5683 (0.5652)  loss_scale: 262144.0000 (262144.0000)  weight_decay: 0.0500 (0.0500)  grad_norm: 1.1167 (1.0050)  time: 0.7906  data: 0.4419  max mem: 11583
Epoch: [88]  [54/55]  eta: 0:00:00  lr: 0.000136  min_lr: 0.000136  loss: 0.5634 (0.5651)  loss_scale: 262144.0000 (262144.0000)  weight_decay: 0.0500 (0.0500)  grad_norm: 1.0116 (0.9953)  time: 0.7901  data: 0.4478  max mem: 11583
Epoch: [88] Total time: 0:00:50 (0.9133 s / it)
Averaged stats: lr: 0.000136  min_lr: 0.000136  loss: 0.5634 (0.5651)  loss_scale: 262144.0000 (262144.0000)  weight_decay: 0.0500 (0.0500)  grad_norm: 1.0116 (0.9953)
Epoch: [89]  [ 0/55]  eta: 0:07:45  lr: 0.000136  min_lr: 0.000136  loss: 0.5465 (0.5465)  loss_scale: 262144.0000 (262144.0000)  weight_decay: 0.0500 (0.0500)  grad_norm: 1.0548 (1.0548)  time: 8.4612  data: 8.0571  max mem: 11583
Epoch: [89]  [10/55]  eta: 0:01:06  lr: 0.000136  min_lr: 0.000136  loss: 0.5606 (0.5602)  loss_scale: 262144.0000 (262144.0000)  weight_decay: 0.0500 (0.0500)  grad_norm: 0.8596 (0.8742)  time: 1.4806  data: 1.1214  max mem: 11583
Epoch: [89]  [20/55]  eta: 0:00:39  lr: 0.000136  min_lr: 0.000136  loss: 0.5618 (0.5610)  loss_scale: 262144.0000 (262144.0000)  weight_decay: 0.0500 (0.0500)  grad_norm: 0.9025 (0.9218)  time: 0.7764  data: 0.4191  max mem: 11583
Epoch: [89]  [30/55]  eta: 0:00:26  lr: 0.000136  min_lr: 0.000136  loss: 0.5581 (0.5600)  loss_scale: 262144.0000 (262144.0000)  weight_decay: 0.0500 (0.0500)  grad_norm: 0.9251 (0.9017)  time: 0.8214  data: 0.4574  max mem: 11583
Epoch: [89]  [40/55]  eta: 0:00:14  lr: 0.000136  min_lr: 0.000136  loss: 0.5578 (0.5597)  loss_scale: 262144.0000 (262144.0000)  weight_decay: 0.0500 (0.0500)  grad_norm: 0.7760 (0.9018)  time: 0.8360  data: 0.4722  max mem: 11583
Epoch: [89]  [50/55]  eta: 0:00:04  lr: 0.000136  min_lr: 0.000136  loss: 0.5580 (0.5599)  loss_scale: 262144.0000 (262144.0000)  weight_decay: 0.0500 (0.0500)  grad_norm: 0.9490 (0.9318)  time: 0.8021  data: 0.4495  max mem: 11583
Epoch: [89]  [54/55]  eta: 0:00:00  lr: 0.000136  min_lr: 0.000136  loss: 0.5588 (0.5607)  loss_scale: 262144.0000 (262144.0000)  weight_decay: 0.0500 (0.0500)  grad_norm: 1.0483 (0.9528)  time: 0.7890  data: 0.4422  max mem: 11583
Epoch: [89] Total time: 0:00:50 (0.9126 s / it)
Averaged stats: lr: 0.000136  min_lr: 0.000136  loss: 0.5588 (0.5607)  loss_scale: 262144.0000 (262144.0000)  weight_decay: 0.0500 (0.0500)  grad_norm: 1.0483 (0.9528)
Epoch: [90]  [ 0/55]  eta: 0:07:22  lr: 0.000136  min_lr: 0.000136  loss: 0.5677 (0.5677)  loss_scale: 262144.0000 (262144.0000)  weight_decay: 0.0500 (0.0500)  grad_norm: 0.6908 (0.6908)  time: 8.0544  data: 7.6405  max mem: 11583
Epoch: [90]  [10/55]  eta: 0:01:07  lr: 0.000136  min_lr: 0.000136  loss: 0.5659 (0.5622)  loss_scale: 262144.0000 (262144.0000)  weight_decay: 0.0500 (0.0500)  grad_norm: 1.0011 (0.9519)  time: 1.5087  data: 1.1245  max mem: 11583
Epoch: [90]  [20/55]  eta: 0:00:40  lr: 0.000136  min_lr: 0.000136  loss: 0.5621 (0.5620)  loss_scale: 262144.0000 (262144.0000)  weight_decay: 0.0500 (0.0500)  grad_norm: 0.9713 (0.9382)  time: 0.8271  data: 0.4514  max mem: 11583
Epoch: [90]  [30/55]  eta: 0:00:26  lr: 0.000136  min_lr: 0.000136  loss: 0.5626 (0.5631)  loss_scale: 262144.0000 (262144.0000)  weight_decay: 0.0500 (0.0500)  grad_norm: 0.8852 (0.9318)  time: 0.8354  data: 0.4687  max mem: 11583
Epoch: [90]  [40/55]  eta: 0:00:15  lr: 0.000136  min_lr: 0.000136  loss: 0.5598 (0.5617)  loss_scale: 262144.0000 (262144.0000)  weight_decay: 0.0500 (0.0500)  grad_norm: 1.0521 (0.9666)  time: 0.8447  data: 0.4833  max mem: 11583
Epoch: [90]  [50/55]  eta: 0:00:04  lr: 0.000136  min_lr: 0.000136  loss: 0.5580 (0.5612)  loss_scale: 262144.0000 (262144.0000)  weight_decay: 0.0500 (0.0500)  grad_norm: 0.9818 (0.9594)  time: 0.8192  data: 0.4663  max mem: 11583
Epoch: [90]  [54/55]  eta: 0:00:00  lr: 0.000136  min_lr: 0.000136  loss: 0.5580 (0.5614)  loss_scale: 262144.0000 (262144.0000)  weight_decay: 0.0500 (0.0500)  grad_norm: 0.8830 (0.9448)  time: 0.8149  data: 0.4662  max mem: 11583
Epoch: [90] Total time: 0:00:51 (0.9295 s / it)
Averaged stats: lr: 0.000136  min_lr: 0.000136  loss: 0.5580 (0.5614)  loss_scale: 262144.0000 (262144.0000)  weight_decay: 0.0500 (0.0500)  grad_norm: 0.8830 (0.9448)
Epoch: [91]  [ 0/55]  eta: 0:07:16  lr: 0.000136  min_lr: 0.000136  loss: 0.5488 (0.5488)  loss_scale: 262144.0000 (262144.0000)  weight_decay: 0.0500 (0.0500)  grad_norm: 0.6566 (0.6566)  time: 7.9393  data: 7.5513  max mem: 11583
Epoch: [91]  [10/55]  eta: 0:01:05  lr: 0.000136  min_lr: 0.000136  loss: 0.5557 (0.5570)  loss_scale: 262144.0000 (262144.0000)  weight_decay: 0.0500 (0.0500)  grad_norm: 0.7194 (0.8389)  time: 1.4657  data: 1.1064  max mem: 11583
Epoch: [91]  [20/55]  eta: 0:00:39  lr: 0.000135  min_lr: 0.000135  loss: 0.5598 (0.5599)  loss_scale: 262144.0000 (262144.0000)  weight_decay: 0.0500 (0.0500)  grad_norm: 0.8519 (0.8540)  time: 0.8019  data: 0.4407  max mem: 11583
Epoch: [91]  [30/55]  eta: 0:00:26  lr: 0.000135  min_lr: 0.000135  loss: 0.5606 (0.5601)  loss_scale: 262144.0000 (262144.0000)  weight_decay: 0.0500 (0.0500)  grad_norm: 0.9294 (0.9025)  time: 0.8153  data: 0.4516  max mem: 11583
Epoch: [91]  [40/55]  eta: 0:00:14  lr: 0.000135  min_lr: 0.000135  loss: 0.5572 (0.5596)  loss_scale: 262144.0000 (262144.0000)  weight_decay: 0.0500 (0.0500)  grad_norm: 0.9818 (0.9312)  time: 0.8204  data: 0.4601  max mem: 11583
Epoch: [91]  [50/55]  eta: 0:00:04  lr: 0.000135  min_lr: 0.000135  loss: 0.5601 (0.5607)  loss_scale: 262144.0000 (262144.0000)  weight_decay: 0.0500 (0.0500)  grad_norm: 0.9671 (0.9436)  time: 0.7897  data: 0.4379  max mem: 11583
Epoch: [91]  [54/55]  eta: 0:00:00  lr: 0.000135  min_lr: 0.000135  loss: 0.5610 (0.5608)  loss_scale: 262144.0000 (262144.0000)  weight_decay: 0.0500 (0.0500)  grad_norm: 0.9625 (0.9446)  time: 0.7664  data: 0.4187  max mem: 11583
Epoch: [91] Total time: 0:00:49 (0.9053 s / it)
Averaged stats: lr: 0.000135  min_lr: 0.000135  loss: 0.5610 (0.5608)  loss_scale: 262144.0000 (262144.0000)  weight_decay: 0.0500 (0.0500)  grad_norm: 0.9625 (0.9446)
Epoch: [92]  [ 0/55]  eta: 0:07:23  lr: 0.000135  min_lr: 0.000135  loss: 0.5437 (0.5437)  loss_scale: 262144.0000 (262144.0000)  weight_decay: 0.0500 (0.0500)  grad_norm: 0.9063 (0.9063)  time: 8.0725  data: 7.6947  max mem: 11583
Epoch: [92]  [10/55]  eta: 0:01:05  lr: 0.000135  min_lr: 0.000135  loss: 0.5599 (0.5617)  loss_scale: 262144.0000 (262144.0000)  weight_decay: 0.0500 (0.0500)  grad_norm: 1.0658 (1.0509)  time: 1.4634  data: 1.0797  max mem: 11583
Epoch: [92]  [20/55]  eta: 0:00:40  lr: 0.000135  min_lr: 0.000135  loss: 0.5613 (0.5611)  loss_scale: 262144.0000 (262144.0000)  weight_decay: 0.0500 (0.0500)  grad_norm: 0.9124 (0.9644)  time: 0.8043  data: 0.4258  max mem: 11583
Epoch: [92]  [30/55]  eta: 0:00:25  lr: 0.000135  min_lr: 0.000135  loss: 0.5608 (0.5610)  loss_scale: 262144.0000 (262144.0000)  weight_decay: 0.0500 (0.0500)  grad_norm: 0.7956 (0.9057)  time: 0.7966  data: 0.4288  max mem: 11583
Epoch: [92]  [40/55]  eta: 0:00:14  lr: 0.000135  min_lr: 0.000135  loss: 0.5567 (0.5597)  loss_scale: 262144.0000 (262144.0000)  weight_decay: 0.0500 (0.0500)  grad_norm: 0.9046 (0.9693)  time: 0.8221  data: 0.4640  max mem: 11583
Epoch: [92]  [50/55]  eta: 0:00:04  lr: 0.000135  min_lr: 0.000135  loss: 0.5551 (0.5590)  loss_scale: 262144.0000 (262144.0000)  weight_decay: 0.0500 (0.0500)  grad_norm: 0.9590 (0.9472)  time: 0.8111  data: 0.4599  max mem: 11583
Epoch: [92]  [54/55]  eta: 0:00:00  lr: 0.000135  min_lr: 0.000135  loss: 0.5584 (0.5591)  loss_scale: 262144.0000 (262144.0000)  weight_decay: 0.0500 (0.0500)  grad_norm: 0.8883 (0.9432)  time: 0.8027  data: 0.4546  max mem: 11583
Epoch: [92] Total time: 0:00:50 (0.9127 s / it)
Averaged stats: lr: 0.000135  min_lr: 0.000135  loss: 0.5584 (0.5591)  loss_scale: 262144.0000 (262144.0000)  weight_decay: 0.0500 (0.0500)  grad_norm: 0.8883 (0.9432)
Epoch: [93]  [ 0/55]  eta: 0:07:46  lr: 0.000135  min_lr: 0.000135  loss: 0.5492 (0.5492)  loss_scale: 262144.0000 (262144.0000)  weight_decay: 0.0500 (0.0500)  grad_norm: 0.6072 (0.6072)  time: 8.4779  data: 8.0763  max mem: 11583
Epoch: [93]  [10/55]  eta: 0:01:06  lr: 0.000135  min_lr: 0.000135  loss: 0.5563 (0.5584)  loss_scale: 262144.0000 (262144.0000)  weight_decay: 0.0500 (0.0500)  grad_norm: 0.7866 (0.7869)  time: 1.4745  data: 1.1200  max mem: 11583
Epoch: [93]  [20/55]  eta: 0:00:40  lr: 0.000135  min_lr: 0.000135  loss: 0.5563 (0.5580)  loss_scale: 262144.0000 (262144.0000)  weight_decay: 0.0500 (0.0500)  grad_norm: 0.7964 (0.8340)  time: 0.7969  data: 0.4433  max mem: 11583
Epoch: [93]  [30/55]  eta: 0:00:26  lr: 0.000135  min_lr: 0.000135  loss: 0.5569 (0.5587)  loss_scale: 262144.0000 (262144.0000)  weight_decay: 0.0500 (0.0500)  grad_norm: 0.8048 (0.8614)  time: 0.8130  data: 0.4526  max mem: 11583
Epoch: [93]  [40/55]  eta: 0:00:14  lr: 0.000135  min_lr: 0.000135  loss: 0.5560 (0.5575)  loss_scale: 262144.0000 (262144.0000)  weight_decay: 0.0500 (0.0500)  grad_norm: 0.9039 (0.9098)  time: 0.8226  data: 0.4507  max mem: 11583
Epoch: [93]  [50/55]  eta: 0:00:04  lr: 0.000135  min_lr: 0.000135  loss: 0.5548 (0.5578)  loss_scale: 262144.0000 (262144.0000)  weight_decay: 0.0500 (0.0500)  grad_norm: 1.0314 (0.9456)  time: 0.8169  data: 0.4540  max mem: 11583
Epoch: [93]  [54/55]  eta: 0:00:00  lr: 0.000135  min_lr: 0.000135  loss: 0.5546 (0.5577)  loss_scale: 262144.0000 (262144.0000)  weight_decay: 0.0500 (0.0500)  grad_norm: 0.9932 (0.9524)  time: 0.8097  data: 0.4514  max mem: 11583
Epoch: [93] Total time: 0:00:50 (0.9261 s / it)
Averaged stats: lr: 0.000135  min_lr: 0.000135  loss: 0.5546 (0.5577)  loss_scale: 262144.0000 (262144.0000)  weight_decay: 0.0500 (0.0500)  grad_norm: 0.9932 (0.9524)
Epoch: [94]  [ 0/55]  eta: 0:07:32  lr: 0.000135  min_lr: 0.000135  loss: 0.5541 (0.5541)  loss_scale: 262144.0000 (262144.0000)  weight_decay: 0.0500 (0.0500)  grad_norm: 0.5167 (0.5167)  time: 8.2325  data: 7.8162  max mem: 11583
Epoch: [94]  [10/55]  eta: 0:01:06  lr: 0.000135  min_lr: 0.000135  loss: 0.5541 (0.5531)  loss_scale: 262144.0000 (262144.0000)  weight_decay: 0.0500 (0.0500)  grad_norm: 0.7030 (0.7039)  time: 1.4711  data: 1.1072  max mem: 11583
Epoch: [94]  [20/55]  eta: 0:00:39  lr: 0.000134  min_lr: 0.000134  loss: 0.5543 (0.5559)  loss_scale: 262144.0000 (262144.0000)  weight_decay: 0.0500 (0.0500)  grad_norm: 0.7321 (0.7531)  time: 0.7724  data: 0.4189  max mem: 11583
Epoch: [94]  [30/55]  eta: 0:00:26  lr: 0.000134  min_lr: 0.000134  loss: 0.5560 (0.5556)  loss_scale: 262144.0000 (262144.0000)  weight_decay: 0.0500 (0.0500)  grad_norm: 0.8168 (0.8521)  time: 0.8242  data: 0.4539  max mem: 11583
Epoch: [94]  [40/55]  eta: 0:00:14  lr: 0.000134  min_lr: 0.000134  loss: 0.5551 (0.5558)  loss_scale: 262144.0000 (262144.0000)  weight_decay: 0.0500 (0.0500)  grad_norm: 1.0918 (0.9201)  time: 0.8650  data: 0.4889  max mem: 11583
Epoch: [94]  [50/55]  eta: 0:00:04  lr: 0.000134  min_lr: 0.000134  loss: 0.5532 (0.5554)  loss_scale: 262144.0000 (262144.0000)  weight_decay: 0.0500 (0.0500)  grad_norm: 0.8946 (0.8998)  time: 0.8356  data: 0.4819  max mem: 11583
Epoch: [94]  [54/55]  eta: 0:00:00  lr: 0.000134  min_lr: 0.000134  loss: 0.5547 (0.5555)  loss_scale: 262144.0000 (262144.0000)  weight_decay: 0.0500 (0.0500)  grad_norm: 0.8663 (0.8940)  time: 0.8214  data: 0.4720  max mem: 11583
Epoch: [94] Total time: 0:00:51 (0.9289 s / it)
Averaged stats: lr: 0.000134  min_lr: 0.000134  loss: 0.5547 (0.5555)  loss_scale: 262144.0000 (262144.0000)  weight_decay: 0.0500 (0.0500)  grad_norm: 0.8663 (0.8940)
Epoch: [95]  [ 0/55]  eta: 0:08:14  lr: 0.000134  min_lr: 0.000134  loss: 0.5424 (0.5424)  loss_scale: 262144.0000 (262144.0000)  weight_decay: 0.0500 (0.0500)  grad_norm: 0.8895 (0.8895)  time: 8.9935  data: 8.4443  max mem: 11583
Epoch: [95]  [10/55]  eta: 0:01:10  lr: 0.000134  min_lr: 0.000134  loss: 0.5495 (0.5503)  loss_scale: 262144.0000 (262144.0000)  weight_decay: 0.0500 (0.0500)  grad_norm: 1.0085 (0.9626)  time: 1.5687  data: 1.1961  max mem: 11583
Epoch: [95]  [20/55]  eta: 0:00:42  lr: 0.000134  min_lr: 0.000134  loss: 0.5499 (0.5509)  loss_scale: 262144.0000 (262144.0000)  weight_decay: 0.0500 (0.0500)  grad_norm: 0.8869 (0.8822)  time: 0.8224  data: 0.4619  max mem: 11583
Epoch: [95]  [30/55]  eta: 0:00:28  lr: 0.000134  min_lr: 0.000134  loss: 0.5511 (0.5511)  loss_scale: 262144.0000 (262144.0000)  weight_decay: 0.0500 (0.0500)  grad_norm: 0.7739 (0.8641)  time: 0.9066  data: 0.5284  max mem: 11583
Epoch: [95]  [40/55]  eta: 0:00:16  lr: 0.000134  min_lr: 0.000134  loss: 0.5510 (0.5508)  loss_scale: 262144.0000 (262144.0000)  weight_decay: 0.0500 (0.0500)  grad_norm: 0.8640 (0.8689)  time: 0.9566  data: 0.5781  max mem: 11583
Epoch: [95]  [50/55]  eta: 0:00:05  lr: 0.000134  min_lr: 0.000134  loss: 0.5515 (0.5523)  loss_scale: 262144.0000 (262144.0000)  weight_decay: 0.0500 (0.0500)  grad_norm: 0.9253 (0.9105)  time: 0.9097  data: 0.5497  max mem: 11583
Epoch: [95]  [54/55]  eta: 0:00:01  lr: 0.000134  min_lr: 0.000134  loss: 0.5575 (0.5531)  loss_scale: 262144.0000 (262144.0000)  weight_decay: 0.0500 (0.0500)  grad_norm: 0.9216 (0.9062)  time: 0.8797  data: 0.5255  max mem: 11583
Epoch: [95] Total time: 0:00:55 (1.0154 s / it)
Averaged stats: lr: 0.000134  min_lr: 0.000134  loss: 0.5575 (0.5531)  loss_scale: 262144.0000 (262144.0000)  weight_decay: 0.0500 (0.0500)  grad_norm: 0.9216 (0.9062)
Epoch: [96]  [ 0/55]  eta: 0:08:02  lr: 0.000134  min_lr: 0.000134  loss: 0.5500 (0.5500)  loss_scale: 262144.0000 (262144.0000)  weight_decay: 0.0500 (0.0500)  grad_norm: 0.8532 (0.8532)  time: 8.7691  data: 8.3553  max mem: 11583
Epoch: [96]  [10/55]  eta: 0:01:11  lr: 0.000134  min_lr: 0.000134  loss: 0.5566 (0.5552)  loss_scale: 262144.0000 (262144.0000)  weight_decay: 0.0500 (0.0500)  grad_norm: 0.8532 (0.8327)  time: 1.5879  data: 1.2313  max mem: 11583
Epoch: [96]  [20/55]  eta: 0:00:43  lr: 0.000134  min_lr: 0.000134  loss: 0.5564 (0.5537)  loss_scale: 262144.0000 (262144.0000)  weight_decay: 0.0500 (0.0500)  grad_norm: 0.8418 (0.8665)  time: 0.8578  data: 0.5074  max mem: 11583
Epoch: [96]  [30/55]  eta: 0:00:28  lr: 0.000134  min_lr: 0.000134  loss: 0.5548 (0.5549)  loss_scale: 262144.0000 (262144.0000)  weight_decay: 0.0500 (0.0500)  grad_norm: 0.9230 (0.9027)  time: 0.8848  data: 0.5314  max mem: 11583
Epoch: [96]  [40/55]  eta: 0:00:15  lr: 0.000134  min_lr: 0.000134  loss: 0.5487 (0.5526)  loss_scale: 262144.0000 (262144.0000)  weight_decay: 0.0500 (0.0500)  grad_norm: 0.9163 (0.8825)  time: 0.8789  data: 0.5249  max mem: 11583
Epoch: [96]  [50/55]  eta: 0:00:05  lr: 0.000134  min_lr: 0.000134  loss: 0.5470 (0.5530)  loss_scale: 262144.0000 (262144.0000)  weight_decay: 0.0500 (0.0500)  grad_norm: 0.8461 (0.8801)  time: 0.8546  data: 0.5087  max mem: 11583
Epoch: [96]  [54/55]  eta: 0:00:01  lr: 0.000134  min_lr: 0.000134  loss: 0.5502 (0.5528)  loss_scale: 262144.0000 (262144.0000)  weight_decay: 0.0500 (0.0500)  grad_norm: 0.8368 (0.8723)  time: 0.8588  data: 0.5170  max mem: 11583
Epoch: [96] Total time: 0:00:55 (1.0066 s / it)
Averaged stats: lr: 0.000134  min_lr: 0.000134  loss: 0.5502 (0.5528)  loss_scale: 262144.0000 (262144.0000)  weight_decay: 0.0500 (0.0500)  grad_norm: 0.8368 (0.8723)
Epoch: [97]  [ 0/55]  eta: 0:09:03  lr: 0.000134  min_lr: 0.000134  loss: 0.5494 (0.5494)  loss_scale: 262144.0000 (262144.0000)  weight_decay: 0.0500 (0.0500)  grad_norm: 1.3035 (1.3035)  time: 9.8749  data: 9.4681  max mem: 11583
Epoch: [97]  [10/55]  eta: 0:01:16  lr: 0.000133  min_lr: 0.000133  loss: 0.5498 (0.5510)  loss_scale: 262144.0000 (262144.0000)  weight_decay: 0.0500 (0.0500)  grad_norm: 1.0125 (1.0174)  time: 1.7032  data: 1.3422  max mem: 11583
Epoch: [97]  [20/55]  eta: 0:00:46  lr: 0.000133  min_lr: 0.000133  loss: 0.5498 (0.5519)  loss_scale: 262144.0000 (262144.0000)  weight_decay: 0.0500 (0.0500)  grad_norm: 0.8698 (0.8995)  time: 0.8867  data: 0.5325  max mem: 11583
Epoch: [97]  [30/55]  eta: 0:00:29  lr: 0.000133  min_lr: 0.000133  loss: 0.5474 (0.5506)  loss_scale: 262144.0000 (262144.0000)  weight_decay: 0.0500 (0.0500)  grad_norm: 0.7294 (0.8322)  time: 0.8794  data: 0.5267  max mem: 11583
Epoch: [97]  [40/55]  eta: 0:00:16  lr: 0.000133  min_lr: 0.000133  loss: 0.5472 (0.5506)  loss_scale: 262144.0000 (262144.0000)  weight_decay: 0.0500 (0.0500)  grad_norm: 0.7018 (0.8351)  time: 0.8713  data: 0.5173  max mem: 11583
Epoch: [97]  [50/55]  eta: 0:00:05  lr: 0.000133  min_lr: 0.000133  loss: 0.5550 (0.5523)  loss_scale: 262144.0000 (262144.0000)  weight_decay: 0.0500 (0.0500)  grad_norm: 0.9640 (0.8862)  time: 0.8497  data: 0.4930  max mem: 11583
Epoch: [97]  [54/55]  eta: 0:00:00  lr: 0.000133  min_lr: 0.000133  loss: 0.5568 (0.5528)  loss_scale: 262144.0000 (262144.0000)  weight_decay: 0.0500 (0.0500)  grad_norm: 0.9281 (0.8926)  time: 0.8482  data: 0.4930  max mem: 11583
Epoch: [97] Total time: 0:00:54 (0.9964 s / it)
Averaged stats: lr: 0.000133  min_lr: 0.000133  loss: 0.5568 (0.5528)  loss_scale: 262144.0000 (262144.0000)  weight_decay: 0.0500 (0.0500)  grad_norm: 0.9281 (0.8926)
Epoch: [98]  [ 0/55]  eta: 0:08:24  lr: 0.000133  min_lr: 0.000133  loss: 0.5472 (0.5472)  loss_scale: 262144.0000 (262144.0000)  weight_decay: 0.0500 (0.0500)  grad_norm: 0.9283 (0.9283)  time: 9.1742  data: 8.7794  max mem: 11583
Epoch: [98]  [10/55]  eta: 0:01:11  lr: 0.000133  min_lr: 0.000133  loss: 0.5562 (0.5561)  loss_scale: 262144.0000 (262144.0000)  weight_decay: 0.0500 (0.0500)  grad_norm: 0.9283 (0.9541)  time: 1.5831  data: 1.2271  max mem: 11583
Epoch: [98]  [20/55]  eta: 0:00:43  lr: 0.000133  min_lr: 0.000133  loss: 0.5541 (0.5557)  loss_scale: 262144.0000 (262144.0000)  weight_decay: 0.0500 (0.0500)  grad_norm: 0.8437 (0.9115)  time: 0.8499  data: 0.4949  max mem: 11583
Epoch: [98]  [30/55]  eta: 0:00:27  lr: 0.000133  min_lr: 0.000133  loss: 0.5512 (0.5541)  loss_scale: 262144.0000 (262144.0000)  weight_decay: 0.0500 (0.0500)  grad_norm: 0.8334 (0.8883)  time: 0.8627  data: 0.5074  max mem: 11583
Epoch: [98]  [40/55]  eta: 0:00:15  lr: 0.000133  min_lr: 0.000133  loss: 0.5496 (0.5532)  loss_scale: 262144.0000 (262144.0000)  weight_decay: 0.0500 (0.0500)  grad_norm: 0.8569 (0.8887)  time: 0.8597  data: 0.5061  max mem: 11583
Epoch: [98]  [50/55]  eta: 0:00:05  lr: 0.000133  min_lr: 0.000133  loss: 0.5488 (0.5535)  loss_scale: 262144.0000 (262144.0000)  weight_decay: 0.0500 (0.0500)  grad_norm: 0.8569 (0.8665)  time: 0.8398  data: 0.4917  max mem: 11583
Epoch: [98]  [54/55]  eta: 0:00:01  lr: 0.000133  min_lr: 0.000133  loss: 0.5488 (0.5536)  loss_scale: 262144.0000 (262144.0000)  weight_decay: 0.0500 (0.0500)  grad_norm: 0.7507 (0.8524)  time: 0.8525  data: 0.5100  max mem: 11583
Epoch: [98] Total time: 0:00:55 (1.0107 s / it)
Averaged stats: lr: 0.000133  min_lr: 0.000133  loss: 0.5488 (0.5536)  loss_scale: 262144.0000 (262144.0000)  weight_decay: 0.0500 (0.0500)  grad_norm: 0.7507 (0.8524)
Epoch: [99]  [ 0/55]  eta: 0:08:40  lr: 0.000133  min_lr: 0.000133  loss: 0.5360 (0.5360)  loss_scale: 262144.0000 (262144.0000)  weight_decay: 0.0500 (0.0500)  grad_norm: 0.7096 (0.7096)  time: 9.4558  data: 9.0523  max mem: 11583
Epoch: [99]  [10/55]  eta: 0:01:14  lr: 0.000133  min_lr: 0.000133  loss: 0.5493 (0.5490)  loss_scale: 262144.0000 (262144.0000)  weight_decay: 0.0500 (0.0500)  grad_norm: 0.8748 (0.9333)  time: 1.6503  data: 1.2926  max mem: 11583
Epoch: [99]  [20/55]  eta: 0:00:45  lr: 0.000133  min_lr: 0.000133  loss: 0.5497 (0.5490)  loss_scale: 262144.0000 (262144.0000)  weight_decay: 0.0500 (0.0500)  grad_norm: 0.8748 (0.9426)  time: 0.9064  data: 0.5517  max mem: 11583
Epoch: [99]  [30/55]  eta: 0:00:29  lr: 0.000133  min_lr: 0.000133  loss: 0.5514 (0.5498)  loss_scale: 262144.0000 (262144.0000)  weight_decay: 0.0500 (0.0500)  grad_norm: 0.8223 (0.9210)  time: 0.9199  data: 0.5577  max mem: 11583
Epoch: [99]  [40/55]  eta: 0:00:16  lr: 0.000132  min_lr: 0.000132  loss: 0.5494 (0.5494)  loss_scale: 262144.0000 (262144.0000)  weight_decay: 0.0500 (0.0500)  grad_norm: 0.8035 (0.9216)  time: 0.8881  data: 0.5316  max mem: 11583
Epoch: [99]  [50/55]  eta: 0:00:05  lr: 0.000132  min_lr: 0.000132  loss: 0.5505 (0.5506)  loss_scale: 262144.0000 (262144.0000)  weight_decay: 0.0500 (0.0500)  grad_norm: 0.9325 (0.9328)  time: 0.8505  data: 0.5051  max mem: 11583
Epoch: [99]  [54/55]  eta: 0:00:00  lr: 0.000132  min_lr: 0.000132  loss: 0.5528 (0.5513)  loss_scale: 262144.0000 (262144.0000)  weight_decay: 0.0500 (0.0500)  grad_norm: 0.9325 (0.9457)  time: 0.8465  data: 0.5051  max mem: 11583
Epoch: [99] Total time: 0:00:55 (1.0000 s / it)
Averaged stats: lr: 0.000132  min_lr: 0.000132  loss: 0.5528 (0.5513)  loss_scale: 262144.0000 (262144.0000)  weight_decay: 0.0500 (0.0500)  grad_norm: 0.9325 (0.9457)
Epoch: [100]  [ 0/55]  eta: 0:08:35  lr: 0.000132  min_lr: 0.000132  loss: 0.5476 (0.5476)  loss_scale: 262144.0000 (262144.0000)  weight_decay: 0.0500 (0.0500)  grad_norm: 1.0035 (1.0035)  time: 9.3693  data: 8.9576  max mem: 11583
Epoch: [100]  [10/55]  eta: 0:01:13  lr: 0.000132  min_lr: 0.000132  loss: 0.5509 (0.5529)  loss_scale: 262144.0000 (262144.0000)  weight_decay: 0.0500 (0.0500)  grad_norm: 1.0944 (1.0782)  time: 1.6294  data: 1.2728  max mem: 11583
Epoch: [100]  [20/55]  eta: 0:00:44  lr: 0.000132  min_lr: 0.000132  loss: 0.5497 (0.5512)  loss_scale: 262144.0000 (262144.0000)  weight_decay: 0.0500 (0.0500)  grad_norm: 1.0709 (1.0145)  time: 0.8686  data: 0.5018  max mem: 11583
Epoch: [100]  [30/55]  eta: 0:00:28  lr: 0.000132  min_lr: 0.000132  loss: 0.5472 (0.5503)  loss_scale: 262144.0000 (262144.0000)  weight_decay: 0.0500 (0.0500)  grad_norm: 0.9560 (0.9725)  time: 0.8848  data: 0.5167  max mem: 11583
Epoch: [100]  [40/55]  eta: 0:00:16  lr: 0.000132  min_lr: 0.000132  loss: 0.5466 (0.5497)  loss_scale: 262144.0000 (262144.0000)  weight_decay: 0.0500 (0.0500)  grad_norm: 0.9369 (0.9510)  time: 0.9266  data: 0.5614  max mem: 11583
Epoch: [100]  [50/55]  eta: 0:00:05  lr: 0.000132  min_lr: 0.000132  loss: 0.5488 (0.5503)  loss_scale: 262144.0000 (262144.0000)  weight_decay: 0.0500 (0.0500)  grad_norm: 0.7857 (0.9285)  time: 0.8934  data: 0.5372  max mem: 11583
Epoch: [100]  [54/55]  eta: 0:00:01  lr: 0.000132  min_lr: 0.000132  loss: 0.5501 (0.5504)  loss_scale: 262144.0000 (262144.0000)  weight_decay: 0.0500 (0.0500)  grad_norm: 0.7546 (0.9103)  time: 0.8709  data: 0.5196  max mem: 11583
Epoch: [100] Total time: 0:00:55 (1.0106 s / it)
Averaged stats: lr: 0.000132  min_lr: 0.000132  loss: 0.5501 (0.5504)  loss_scale: 262144.0000 (262144.0000)  weight_decay: 0.0500 (0.0500)  grad_norm: 0.7546 (0.9103)
Epoch: [101]  [ 0/55]  eta: 0:07:44  lr: 0.000132  min_lr: 0.000132  loss: 0.5312 (0.5312)  loss_scale: 262144.0000 (262144.0000)  weight_decay: 0.0500 (0.0500)  grad_norm: 0.5854 (0.5854)  time: 8.4479  data: 8.0476  max mem: 11583
Epoch: [101]  [10/55]  eta: 0:01:12  lr: 0.000132  min_lr: 0.000132  loss: 0.5425 (0.5448)  loss_scale: 262144.0000 (262144.0000)  weight_decay: 0.0500 (0.0500)  grad_norm: 0.9386 (0.9407)  time: 1.6035  data: 1.2326  max mem: 11583
Epoch: [101]  [20/55]  eta: 0:00:43  lr: 0.000132  min_lr: 0.000132  loss: 0.5474 (0.5465)  loss_scale: 262144.0000 (262144.0000)  weight_decay: 0.0500 (0.0500)  grad_norm: 0.9081 (0.9214)  time: 0.8920  data: 0.5286  max mem: 11583
Epoch: [101]  [30/55]  eta: 0:00:28  lr: 0.000132  min_lr: 0.000132  loss: 0.5490 (0.5481)  loss_scale: 262144.0000 (262144.0000)  weight_decay: 0.0500 (0.0500)  grad_norm: 0.9057 (0.9095)  time: 0.8837  data: 0.5256  max mem: 11583
Epoch: [101]  [40/55]  eta: 0:00:16  lr: 0.000132  min_lr: 0.000132  loss: 0.5452 (0.5478)  loss_scale: 262144.0000 (262144.0000)  weight_decay: 0.0500 (0.0500)  grad_norm: 0.8359 (0.8747)  time: 0.8901  data: 0.5347  max mem: 11583
Epoch: [101]  [50/55]  eta: 0:00:05  lr: 0.000132  min_lr: 0.000132  loss: 0.5450 (0.5475)  loss_scale: 262144.0000 (262144.0000)  weight_decay: 0.0500 (0.0500)  grad_norm: 0.7801 (0.8623)  time: 0.8666  data: 0.5145  max mem: 11583
Epoch: [101]  [54/55]  eta: 0:00:00  lr: 0.000132  min_lr: 0.000132  loss: 0.5452 (0.5474)  loss_scale: 262144.0000 (262144.0000)  weight_decay: 0.0500 (0.0500)  grad_norm: 0.7801 (0.8639)  time: 0.8248  data: 0.4754  max mem: 11583
Epoch: [101] Total time: 0:00:54 (0.9984 s / it)
Averaged stats: lr: 0.000132  min_lr: 0.000132  loss: 0.5452 (0.5474)  loss_scale: 262144.0000 (262144.0000)  weight_decay: 0.0500 (0.0500)  grad_norm: 0.7801 (0.8639)
Epoch: [102]  [ 0/55]  eta: 0:08:01  lr: 0.000132  min_lr: 0.000132  loss: 0.5327 (0.5327)  loss_scale: 262144.0000 (262144.0000)  weight_decay: 0.0500 (0.0500)  grad_norm: 1.0275 (1.0275)  time: 8.7487  data: 8.3933  max mem: 11583
Epoch: [102]  [10/55]  eta: 0:01:10  lr: 0.000132  min_lr: 0.000132  loss: 0.5528 (0.5533)  loss_scale: 262144.0000 (262144.0000)  weight_decay: 0.0500 (0.0500)  grad_norm: 1.1296 (1.0832)  time: 1.5759  data: 1.2260  max mem: 11583
Epoch: [102]  [20/55]  eta: 0:00:43  lr: 0.000132  min_lr: 0.000132  loss: 0.5491 (0.5500)  loss_scale: 262144.0000 (262144.0000)  weight_decay: 0.0500 (0.0500)  grad_norm: 0.9809 (1.0004)  time: 0.8601  data: 0.5034  max mem: 11583
Epoch: [102]  [30/55]  eta: 0:00:27  lr: 0.000131  min_lr: 0.000131  loss: 0.5444 (0.5491)  loss_scale: 262144.0000 (262144.0000)  weight_decay: 0.0500 (0.0500)  grad_norm: 0.8970 (0.9652)  time: 0.8552  data: 0.5007  max mem: 11583
Epoch: [102]  [40/55]  eta: 0:00:16  lr: 0.000131  min_lr: 0.000131  loss: 0.5444 (0.5482)  loss_scale: 262144.0000 (262144.0000)  weight_decay: 0.0500 (0.0500)  grad_norm: 0.9016 (0.9898)  time: 0.8994  data: 0.5472  max mem: 11583
Epoch: [102]  [50/55]  eta: 0:00:05  lr: 0.000131  min_lr: 0.000131  loss: 0.5475 (0.5485)  loss_scale: 262144.0000 (262144.0000)  weight_decay: 0.0500 (0.0500)  grad_norm: 0.8670 (0.9568)  time: 0.9179  data: 0.5609  max mem: 11583
Epoch: [102]  [54/55]  eta: 0:00:01  lr: 0.000131  min_lr: 0.000131  loss: 0.5479 (0.5487)  loss_scale: 262144.0000 (262144.0000)  weight_decay: 0.0500 (0.0500)  grad_norm: 0.8670 (0.9762)  time: 0.8579  data: 0.5037  max mem: 11583
Epoch: [102] Total time: 0:00:55 (1.0122 s / it)
Averaged stats: lr: 0.000131  min_lr: 0.000131  loss: 0.5479 (0.5487)  loss_scale: 262144.0000 (262144.0000)  weight_decay: 0.0500 (0.0500)  grad_norm: 0.8670 (0.9762)
Epoch: [103]  [ 0/55]  eta: 0:08:00  lr: 0.000131  min_lr: 0.000131  loss: 0.5535 (0.5535)  loss_scale: 262144.0000 (262144.0000)  weight_decay: 0.0500 (0.0500)  grad_norm: 0.9912 (0.9912)  time: 8.7421  data: 8.3330  max mem: 11583
Epoch: [103]  [10/55]  eta: 0:01:11  lr: 0.000131  min_lr: 0.000131  loss: 0.5459 (0.5463)  loss_scale: 262144.0000 (262144.0000)  weight_decay: 0.0500 (0.0500)  grad_norm: 0.8898 (0.8658)  time: 1.5815  data: 1.2195  max mem: 11583
Epoch: [103]  [20/55]  eta: 0:00:42  lr: 0.000131  min_lr: 0.000131  loss: 0.5459 (0.5471)  loss_scale: 262144.0000 (262144.0000)  weight_decay: 0.0500 (0.0500)  grad_norm: 0.8218 (0.8638)  time: 0.8372  data: 0.4805  max mem: 11583
Epoch: [103]  [30/55]  eta: 0:00:27  lr: 0.000131  min_lr: 0.000131  loss: 0.5497 (0.5486)  loss_scale: 262144.0000 (262144.0000)  weight_decay: 0.0500 (0.0500)  grad_norm: 0.8189 (0.8817)  time: 0.8596  data: 0.5010  max mem: 11583
Epoch: [103]  [40/55]  eta: 0:00:15  lr: 0.000131  min_lr: 0.000131  loss: 0.5488 (0.5478)  loss_scale: 262144.0000 (262144.0000)  weight_decay: 0.0500 (0.0500)  grad_norm: 0.8713 (0.8892)  time: 0.9093  data: 0.5501  max mem: 11583
Epoch: [103]  [50/55]  eta: 0:00:05  lr: 0.000131  min_lr: 0.000131  loss: 0.5425 (0.5472)  loss_scale: 262144.0000 (262144.0000)  weight_decay: 0.0500 (0.0500)  grad_norm: 0.8643 (0.8888)  time: 0.8877  data: 0.5357  max mem: 11583
Epoch: [103]  [54/55]  eta: 0:00:01  lr: 0.000131  min_lr: 0.000131  loss: 0.5425 (0.5471)  loss_scale: 262144.0000 (262144.0000)  weight_decay: 0.0500 (0.0500)  grad_norm: 0.8124 (0.8816)  time: 0.8829  data: 0.5323  max mem: 11583
Epoch: [103] Total time: 0:00:55 (1.0167 s / it)
Averaged stats: lr: 0.000131  min_lr: 0.000131  loss: 0.5425 (0.5471)  loss_scale: 262144.0000 (262144.0000)  weight_decay: 0.0500 (0.0500)  grad_norm: 0.8124 (0.8816)
Epoch: [104]  [ 0/55]  eta: 0:07:52  lr: 0.000131  min_lr: 0.000131  loss: 0.5482 (0.5482)  loss_scale: 262144.0000 (262144.0000)  weight_decay: 0.0500 (0.0500)  grad_norm: 0.8455 (0.8455)  time: 8.5839  data: 8.1766  max mem: 11583
Epoch: [104]  [10/55]  eta: 0:01:18  lr: 0.000131  min_lr: 0.000131  loss: 0.5474 (0.5455)  loss_scale: 262144.0000 (262144.0000)  weight_decay: 0.0500 (0.0500)  grad_norm: 0.8455 (0.8446)  time: 1.7369  data: 1.3498  max mem: 11583
Epoch: [104]  [20/55]  eta: 0:00:46  lr: 0.000131  min_lr: 0.000131  loss: 0.5475 (0.5473)  loss_scale: 262144.0000 (262144.0000)  weight_decay: 0.0500 (0.0500)  grad_norm: 0.8032 (0.8564)  time: 0.9550  data: 0.5830  max mem: 11583
Epoch: [104]  [30/55]  eta: 0:00:30  lr: 0.000131  min_lr: 0.000131  loss: 0.5492 (0.5475)  loss_scale: 262144.0000 (262144.0000)  weight_decay: 0.0500 (0.0500)  grad_norm: 0.8489 (0.8729)  time: 0.9214  data: 0.5387  max mem: 11583
Epoch: [104]  [40/55]  eta: 0:00:17  lr: 0.000131  min_lr: 0.000131  loss: 0.5444 (0.5458)  loss_scale: 262144.0000 (262144.0000)  weight_decay: 0.0500 (0.0500)  grad_norm: 0.9281 (0.8867)  time: 0.9576  data: 0.5739  max mem: 11583
Epoch: [104]  [50/55]  eta: 0:00:05  lr: 0.000131  min_lr: 0.000131  loss: 0.5428 (0.5465)  loss_scale: 262144.0000 (262144.0000)  weight_decay: 0.0500 (0.0500)  grad_norm: 0.8807 (0.8835)  time: 0.9399  data: 0.5795  max mem: 11583
Epoch: [104]  [54/55]  eta: 0:00:01  lr: 0.000130  min_lr: 0.000130  loss: 0.5444 (0.5466)  loss_scale: 262144.0000 (262144.0000)  weight_decay: 0.0500 (0.0500)  grad_norm: 0.8354 (0.8777)  time: 0.9148  data: 0.5560  max mem: 11583
Epoch: [104] Total time: 0:00:57 (1.0510 s / it)
Averaged stats: lr: 0.000130  min_lr: 0.000130  loss: 0.5444 (0.5466)  loss_scale: 262144.0000 (262144.0000)  weight_decay: 0.0500 (0.0500)  grad_norm: 0.8354 (0.8777)
Epoch: [105]  [ 0/55]  eta: 0:08:47  lr: 0.000130  min_lr: 0.000130  loss: 0.5422 (0.5422)  loss_scale: 262144.0000 (262144.0000)  weight_decay: 0.0500 (0.0500)  grad_norm: 0.9645 (0.9645)  time: 9.5980  data: 9.1997  max mem: 11583
Epoch: [105]  [10/55]  eta: 0:01:14  lr: 0.000130  min_lr: 0.000130  loss: 0.5465 (0.5460)  loss_scale: 262144.0000 (262144.0000)  weight_decay: 0.0500 (0.0500)  grad_norm: 0.7826 (0.7896)  time: 1.6656  data: 1.3071  max mem: 11583
Epoch: [105]  [20/55]  eta: 0:00:45  lr: 0.000130  min_lr: 0.000130  loss: 0.5465 (0.5454)  loss_scale: 262144.0000 (262144.0000)  weight_decay: 0.0500 (0.0500)  grad_norm: 0.7683 (0.8000)  time: 0.8703  data: 0.5170  max mem: 11583
Epoch: [105]  [30/55]  eta: 0:00:28  lr: 0.000130  min_lr: 0.000130  loss: 0.5420 (0.5445)  loss_scale: 262144.0000 (262144.0000)  weight_decay: 0.0500 (0.0500)  grad_norm: 0.8396 (0.8292)  time: 0.8583  data: 0.5028  max mem: 11583
Epoch: [105]  [40/55]  eta: 0:00:16  lr: 0.000130  min_lr: 0.000130  loss: 0.5390 (0.5445)  loss_scale: 262144.0000 (262144.0000)  weight_decay: 0.0500 (0.0500)  grad_norm: 0.9264 (0.8580)  time: 0.8415  data: 0.4860  max mem: 11583
Epoch: [105]  [50/55]  eta: 0:00:05  lr: 0.000130  min_lr: 0.000130  loss: 0.5451 (0.5447)  loss_scale: 262144.0000 (262144.0000)  weight_decay: 0.0500 (0.0500)  grad_norm: 0.8655 (0.8604)  time: 0.8498  data: 0.5001  max mem: 11583
Epoch: [105]  [54/55]  eta: 0:00:01  lr: 0.000130  min_lr: 0.000130  loss: 0.5453 (0.5449)  loss_scale: 262144.0000 (262144.0000)  weight_decay: 0.0500 (0.0500)  grad_norm: 0.8109 (0.8558)  time: 0.8813  data: 0.5325  max mem: 11583
Epoch: [105] Total time: 0:00:55 (1.0046 s / it)
Averaged stats: lr: 0.000130  min_lr: 0.000130  loss: 0.5453 (0.5449)  loss_scale: 262144.0000 (262144.0000)  weight_decay: 0.0500 (0.0500)  grad_norm: 0.8109 (0.8558)
Epoch: [106]  [ 0/55]  eta: 0:09:19  lr: 0.000130  min_lr: 0.000130  loss: 0.5338 (0.5338)  loss_scale: 262144.0000 (262144.0000)  weight_decay: 0.0500 (0.0500)  grad_norm: 0.8255 (0.8255)  time: 10.1645  data: 9.8290  max mem: 11583
Epoch: [106]  [10/55]  eta: 0:01:17  lr: 0.000130  min_lr: 0.000130  loss: 0.5429 (0.5423)  loss_scale: 262144.0000 (262144.0000)  weight_decay: 0.0500 (0.0500)  grad_norm: 0.8578 (0.9205)  time: 1.7297  data: 1.3628  max mem: 11583
Epoch: [106]  [20/55]  eta: 0:00:46  lr: 0.000130  min_lr: 0.000130  loss: 0.5438 (0.5432)  loss_scale: 262144.0000 (262144.0000)  weight_decay: 0.0500 (0.0500)  grad_norm: 0.8619 (0.9031)  time: 0.8953  data: 0.5336  max mem: 11583
Epoch: [106]  [30/55]  eta: 0:00:29  lr: 0.000130  min_lr: 0.000130  loss: 0.5441 (0.5438)  loss_scale: 262144.0000 (262144.0000)  weight_decay: 0.0500 (0.0500)  grad_norm: 0.8619 (0.8957)  time: 0.9072  data: 0.5507  max mem: 11583
Epoch: [106]  [40/55]  eta: 0:00:16  lr: 0.000130  min_lr: 0.000130  loss: 0.5424 (0.5432)  loss_scale: 262144.0000 (262144.0000)  weight_decay: 0.0500 (0.0500)  grad_norm: 0.9326 (0.9139)  time: 0.9188  data: 0.5639  max mem: 11583
Epoch: [106]  [50/55]  eta: 0:00:05  lr: 0.000130  min_lr: 0.000130  loss: 0.5432 (0.5432)  loss_scale: 262144.0000 (262144.0000)  weight_decay: 0.0500 (0.0500)  grad_norm: 0.8591 (0.8960)  time: 0.8885  data: 0.5404  max mem: 11583
Epoch: [106]  [54/55]  eta: 0:00:01  lr: 0.000130  min_lr: 0.000130  loss: 0.5426 (0.5433)  loss_scale: 262144.0000 (262144.0000)  weight_decay: 0.0500 (0.0500)  grad_norm: 0.8119 (0.9039)  time: 0.8861  data: 0.5404  max mem: 11583
Epoch: [106] Total time: 0:00:56 (1.0257 s / it)
Averaged stats: lr: 0.000130  min_lr: 0.000130  loss: 0.5426 (0.5433)  loss_scale: 262144.0000 (262144.0000)  weight_decay: 0.0500 (0.0500)  grad_norm: 0.8119 (0.9039)
Epoch: [107]  [ 0/55]  eta: 0:10:07  lr: 0.000130  min_lr: 0.000130  loss: 0.5430 (0.5430)  loss_scale: 262144.0000 (262144.0000)  weight_decay: 0.0500 (0.0500)  grad_norm: 1.0306 (1.0306)  time: 11.0416  data: 10.4684  max mem: 11583
Epoch: [107]  [10/55]  eta: 0:01:20  lr: 0.000130  min_lr: 0.000130  loss: 0.5431 (0.5450)  loss_scale: 262144.0000 (262144.0000)  weight_decay: 0.0500 (0.0500)  grad_norm: 0.8844 (0.8273)  time: 1.7969  data: 1.4022  max mem: 11583
Epoch: [107]  [20/55]  eta: 0:00:46  lr: 0.000130  min_lr: 0.000130  loss: 0.5447 (0.5440)  loss_scale: 262144.0000 (262144.0000)  weight_decay: 0.0500 (0.0500)  grad_norm: 0.8273 (0.8184)  time: 0.8402  data: 0.4746  max mem: 11583
Epoch: [107]  [30/55]  eta: 0:00:30  lr: 0.000129  min_lr: 0.000129  loss: 0.5440 (0.5430)  loss_scale: 262144.0000 (262144.0000)  weight_decay: 0.0500 (0.0500)  grad_norm: 0.8340 (0.8504)  time: 0.8793  data: 0.5111  max mem: 11583
Epoch: [107]  [40/55]  eta: 0:00:16  lr: 0.000129  min_lr: 0.000129  loss: 0.5413 (0.5422)  loss_scale: 262144.0000 (262144.0000)  weight_decay: 0.0500 (0.0500)  grad_norm: 0.8703 (0.8513)  time: 0.9210  data: 0.5482  max mem: 11583
Epoch: [107]  [50/55]  eta: 0:00:05  lr: 0.000129  min_lr: 0.000129  loss: 0.5406 (0.5422)  loss_scale: 262144.0000 (262144.0000)  weight_decay: 0.0500 (0.0500)  grad_norm: 0.8034 (0.8410)  time: 0.8753  data: 0.5217  max mem: 11583
Epoch: [107]  [54/55]  eta: 0:00:01  lr: 0.000129  min_lr: 0.000129  loss: 0.5406 (0.5423)  loss_scale: 262144.0000 (262144.0000)  weight_decay: 0.0500 (0.0500)  grad_norm: 0.8338 (0.8462)  time: 0.8752  data: 0.5217  max mem: 11583
Epoch: [107] Total time: 0:00:56 (1.0242 s / it)
Averaged stats: lr: 0.000129  min_lr: 0.000129  loss: 0.5406 (0.5423)  loss_scale: 262144.0000 (262144.0000)  weight_decay: 0.0500 (0.0500)  grad_norm: 0.8338 (0.8462)
Epoch: [108]  [ 0/55]  eta: 0:08:32  lr: 0.000129  min_lr: 0.000129  loss: 0.5337 (0.5337)  loss_scale: 262144.0000 (262144.0000)  weight_decay: 0.0500 (0.0500)  grad_norm: 0.6628 (0.6628)  time: 9.3192  data: 8.9430  max mem: 11583
Epoch: [108]  [10/55]  eta: 0:01:13  lr: 0.000129  min_lr: 0.000129  loss: 0.5373 (0.5396)  loss_scale: 262144.0000 (262144.0000)  weight_decay: 0.0500 (0.0500)  grad_norm: 0.7718 (0.7925)  time: 1.6377  data: 1.2844  max mem: 11583
Epoch: [108]  [20/55]  eta: 0:00:43  lr: 0.000129  min_lr: 0.000129  loss: 0.5393 (0.5415)  loss_scale: 262144.0000 (262144.0000)  weight_decay: 0.0500 (0.0500)  grad_norm: 0.9628 (0.8757)  time: 0.8498  data: 0.4915  max mem: 11583
Epoch: [108]  [30/55]  eta: 0:00:29  lr: 0.000129  min_lr: 0.000129  loss: 0.5408 (0.5408)  loss_scale: 262144.0000 (262144.0000)  weight_decay: 0.0500 (0.0500)  grad_norm: 0.9628 (0.8955)  time: 0.8998  data: 0.5200  max mem: 11583
Epoch: [108]  [40/55]  eta: 0:00:16  lr: 0.000129  min_lr: 0.000129  loss: 0.5400 (0.5404)  loss_scale: 262144.0000 (262144.0000)  weight_decay: 0.0500 (0.0500)  grad_norm: 0.9489 (0.9184)  time: 0.9381  data: 0.5658  max mem: 11583
Epoch: [108]  [50/55]  eta: 0:00:05  lr: 0.000129  min_lr: 0.000129  loss: 0.5376 (0.5403)  loss_scale: 262144.0000 (262144.0000)  weight_decay: 0.0500 (0.0500)  grad_norm: 0.9381 (0.9153)  time: 0.9226  data: 0.5657  max mem: 11583
Epoch: [108]  [54/55]  eta: 0:00:01  lr: 0.000129  min_lr: 0.000129  loss: 0.5395 (0.5405)  loss_scale: 262144.0000 (262144.0000)  weight_decay: 0.0500 (0.0500)  grad_norm: 0.9303 (0.9166)  time: 0.8669  data: 0.5115  max mem: 11583
Epoch: [108] Total time: 0:00:55 (1.0167 s / it)
Averaged stats: lr: 0.000129  min_lr: 0.000129  loss: 0.5395 (0.5405)  loss_scale: 262144.0000 (262144.0000)  weight_decay: 0.0500 (0.0500)  grad_norm: 0.9303 (0.9166)
Epoch: [109]  [ 0/55]  eta: 0:08:44  lr: 0.000129  min_lr: 0.000129  loss: 0.5321 (0.5321)  loss_scale: 262144.0000 (262144.0000)  weight_decay: 0.0500 (0.0500)  grad_norm: 0.6833 (0.6833)  time: 9.5362  data: 9.1528  max mem: 11583
Epoch: [109]  [10/55]  eta: 0:01:12  lr: 0.000129  min_lr: 0.000129  loss: 0.5375 (0.5392)  loss_scale: 524288.0000 (428962.9091)  weight_decay: 0.0500 (0.0500)  grad_norm: 0.8769 (0.8759)  time: 1.6156  data: 1.2584  max mem: 11583
Epoch: [109]  [20/55]  eta: 0:00:43  lr: 0.000129  min_lr: 0.000129  loss: 0.5381 (0.5394)  loss_scale: 524288.0000 (474355.8095)  weight_decay: 0.0500 (0.0500)  grad_norm: 0.7964 (0.8452)  time: 0.8396  data: 0.4837  max mem: 11583
Epoch: [109]  [30/55]  eta: 0:00:28  lr: 0.000129  min_lr: 0.000129  loss: 0.5381 (0.5386)  loss_scale: 524288.0000 (490462.9677)  weight_decay: 0.0500 (0.0500)  grad_norm: 0.7795 (0.8460)  time: 0.8778  data: 0.5164  max mem: 11583
Epoch: [109]  [40/55]  eta: 0:00:16  lr: 0.000129  min_lr: 0.000129  loss: 0.5374 (0.5389)  loss_scale: 524288.0000 (498712.9756)  weight_decay: 0.0500 (0.0500)  grad_norm: 0.7387 (0.8268)  time: 0.8997  data: 0.5424  max mem: 11583
Epoch: [109]  [50/55]  eta: 0:00:05  lr: 0.000129  min_lr: 0.000129  loss: 0.5397 (0.5396)  loss_scale: 524288.0000 (503727.6863)  weight_decay: 0.0500 (0.0500)  grad_norm: 0.7737 (0.8268)  time: 0.8698  data: 0.5214  max mem: 11583
Epoch: [109]  [54/55]  eta: 0:00:00  lr: 0.000128  min_lr: 0.000128  loss: 0.5411 (0.5402)  loss_scale: 524288.0000 (505222.9818)  weight_decay: 0.0500 (0.0500)  grad_norm: 0.8763 (0.8419)  time: 0.8546  data: 0.5110  max mem: 11583
Epoch: [109] Total time: 0:00:54 (0.9891 s / it)
Averaged stats: lr: 0.000128  min_lr: 0.000128  loss: 0.5411 (0.5402)  loss_scale: 524288.0000 (505222.9818)  weight_decay: 0.0500 (0.0500)  grad_norm: 0.8763 (0.8419)
Epoch: [110]  [ 0/55]  eta: 0:07:57  lr: 0.000128  min_lr: 0.000128  loss: 0.5294 (0.5294)  loss_scale: 524288.0000 (524288.0000)  weight_decay: 0.0500 (0.0500)  grad_norm: 0.7257 (0.7257)  time: 8.6880  data: 8.2915  max mem: 11583
Epoch: [110]  [10/55]  eta: 0:01:11  lr: 0.000128  min_lr: 0.000128  loss: 0.5364 (0.5342)  loss_scale: 524288.0000 (524288.0000)  weight_decay: 0.0500 (0.0500)  grad_norm: 0.7718 (0.8150)  time: 1.5902  data: 1.2283  max mem: 11583
Epoch: [110]  [20/55]  eta: 0:00:43  lr: 0.000128  min_lr: 0.000128  loss: 0.5364 (0.5347)  loss_scale: 524288.0000 (524288.0000)  weight_decay: 0.0500 (0.0500)  grad_norm: 0.8396 (0.8255)  time: 0.8629  data: 0.5066  max mem: 11583
Epoch: [110]  [30/55]  eta: 0:00:27  lr: 0.000128  min_lr: 0.000128  loss: 0.5362 (0.5360)  loss_scale: 524288.0000 (524288.0000)  weight_decay: 0.0500 (0.0500)  grad_norm: 0.8215 (0.8278)  time: 0.8498  data: 0.4878  max mem: 11583
Epoch: [110]  [40/55]  eta: 0:00:15  lr: 0.000128  min_lr: 0.000128  loss: 0.5330 (0.5359)  loss_scale: 524288.0000 (524288.0000)  weight_decay: 0.0500 (0.0500)  grad_norm: 0.8932 (0.8816)  time: 0.8421  data: 0.4809  max mem: 11583
Epoch: [110]  [50/55]  eta: 0:00:05  lr: 0.000128  min_lr: 0.000128  loss: 0.5377 (0.5371)  loss_scale: 524288.0000 (524288.0000)  weight_decay: 0.0500 (0.0500)  grad_norm: 1.0468 (0.8917)  time: 0.8585  data: 0.5124  max mem: 11583
Epoch: [110]  [54/55]  eta: 0:00:01  lr: 0.000128  min_lr: 0.000128  loss: 0.5416 (0.5372)  loss_scale: 524288.0000 (524288.0000)  weight_decay: 0.0500 (0.0500)  grad_norm: 0.9499 (0.8966)  time: 0.8657  data: 0.5228  max mem: 11583
Epoch: [110] Total time: 0:00:55 (1.0026 s / it)
Averaged stats: lr: 0.000128  min_lr: 0.000128  loss: 0.5416 (0.5372)  loss_scale: 524288.0000 (524288.0000)  weight_decay: 0.0500 (0.0500)  grad_norm: 0.9499 (0.8966)
Epoch: [111]  [ 0/55]  eta: 0:08:12  lr: 0.000128  min_lr: 0.000128  loss: 0.5287 (0.5287)  loss_scale: 524288.0000 (524288.0000)  weight_decay: 0.0500 (0.0500)  grad_norm: 0.8504 (0.8504)  time: 8.9466  data: 8.5876  max mem: 11583
Epoch: [111]  [10/55]  eta: 0:01:09  lr: 0.000128  min_lr: 0.000128  loss: 0.5321 (0.5354)  loss_scale: 524288.0000 (524288.0000)  weight_decay: 0.0500 (0.0500)  grad_norm: 0.7641 (0.7903)  time: 1.5548  data: 1.1945  max mem: 11583
Epoch: [111]  [20/55]  eta: 0:00:43  lr: 0.000128  min_lr: 0.000128  loss: 0.5321 (0.5356)  loss_scale: 524288.0000 (524288.0000)  weight_decay: 0.0500 (0.0500)  grad_norm: 0.7641 (0.8223)  time: 0.8448  data: 0.4791  max mem: 11583
Epoch: [111]  [30/55]  eta: 0:00:27  lr: 0.000128  min_lr: 0.000128  loss: 0.5361 (0.5362)  loss_scale: 524288.0000 (524288.0000)  weight_decay: 0.0500 (0.0500)  grad_norm: 0.8428 (0.8373)  time: 0.8761  data: 0.5127  max mem: 11583
Epoch: [111]  [40/55]  eta: 0:00:16  lr: 0.000128  min_lr: 0.000128  loss: 0.5339 (0.5348)  loss_scale: 524288.0000 (524288.0000)  weight_decay: 0.0500 (0.0500)  grad_norm: 0.8738 (0.8455)  time: 0.8948  data: 0.5388  max mem: 11583
Epoch: [111]  [50/55]  eta: 0:00:05  lr: 0.000128  min_lr: 0.000128  loss: 0.5309 (0.5348)  loss_scale: 524288.0000 (524288.0000)  weight_decay: 0.0500 (0.0500)  grad_norm: 0.9430 (0.8746)  time: 0.8902  data: 0.5365  max mem: 11583
Epoch: [111]  [54/55]  eta: 0:00:01  lr: 0.000128  min_lr: 0.000128  loss: 0.5369 (0.5357)  loss_scale: 524288.0000 (524288.0000)  weight_decay: 0.0500 (0.0500)  grad_norm: 0.9588 (0.9014)  time: 0.8662  data: 0.5108  max mem: 11583
Epoch: [111] Total time: 0:00:55 (1.0018 s / it)
Averaged stats: lr: 0.000128  min_lr: 0.000128  loss: 0.5369 (0.5357)  loss_scale: 524288.0000 (524288.0000)  weight_decay: 0.0500 (0.0500)  grad_norm: 0.9588 (0.9014)
Epoch: [112]  [ 0/55]  eta: 0:08:04  lr: 0.000128  min_lr: 0.000128  loss: 0.5221 (0.5221)  loss_scale: 524288.0000 (524288.0000)  weight_decay: 0.0500 (0.0500)  grad_norm: 0.9206 (0.9206)  time: 8.8025  data: 8.4100  max mem: 11583
Epoch: [112]  [10/55]  eta: 0:01:12  lr: 0.000128  min_lr: 0.000128  loss: 0.5386 (0.5378)  loss_scale: 524288.0000 (524288.0000)  weight_decay: 0.0500 (0.0500)  grad_norm: 1.0013 (1.0305)  time: 1.6119  data: 1.2589  max mem: 11583
Epoch: [112]  [20/55]  eta: 0:00:44  lr: 0.000128  min_lr: 0.000128  loss: 0.5363 (0.5368)  loss_scale: 524288.0000 (524288.0000)  weight_decay: 0.0500 (0.0500)  grad_norm: 0.9096 (0.9203)  time: 0.8867  data: 0.5264  max mem: 11583
Epoch: [112]  [30/55]  eta: 0:00:28  lr: 0.000127  min_lr: 0.000127  loss: 0.5364 (0.5388)  loss_scale: 524288.0000 (524288.0000)  weight_decay: 0.0500 (0.0500)  grad_norm: 0.8679 (0.9623)  time: 0.8682  data: 0.5002  max mem: 11583
Epoch: [112]  [40/55]  eta: 0:00:16  lr: 0.000127  min_lr: 0.000127  loss: 0.5387 (0.5384)  loss_scale: 524288.0000 (524288.0000)  weight_decay: 0.0500 (0.0500)  grad_norm: 0.8955 (0.9467)  time: 0.8981  data: 0.5299  max mem: 11583
Epoch: [112]  [50/55]  eta: 0:00:05  lr: 0.000127  min_lr: 0.000127  loss: 0.5339 (0.5378)  loss_scale: 524288.0000 (524288.0000)  weight_decay: 0.0500 (0.0500)  grad_norm: 0.8058 (0.9054)  time: 0.8841  data: 0.5259  max mem: 11583
Epoch: [112]  [54/55]  eta: 0:00:01  lr: 0.000127  min_lr: 0.000127  loss: 0.5324 (0.5377)  loss_scale: 524288.0000 (524288.0000)  weight_decay: 0.0500 (0.0500)  grad_norm: 0.7639 (0.9001)  time: 0.8633  data: 0.5100  max mem: 11583
Epoch: [112] Total time: 0:00:55 (1.0076 s / it)
Averaged stats: lr: 0.000127  min_lr: 0.000127  loss: 0.5324 (0.5377)  loss_scale: 524288.0000 (524288.0000)  weight_decay: 0.0500 (0.0500)  grad_norm: 0.7639 (0.9001)
Epoch: [113]  [ 0/55]  eta: 0:08:16  lr: 0.000127  min_lr: 0.000127  loss: 0.5306 (0.5306)  loss_scale: 524288.0000 (524288.0000)  weight_decay: 0.0500 (0.0500)  grad_norm: 0.9155 (0.9155)  time: 9.0347  data: 8.6689  max mem: 11583
Epoch: [113]  [10/55]  eta: 0:01:11  lr: 0.000127  min_lr: 0.000127  loss: 0.5387 (0.5370)  loss_scale: 524288.0000 (524288.0000)  weight_decay: 0.0500 (0.0500)  grad_norm: 0.7325 (0.7606)  time: 1.5792  data: 1.2105  max mem: 11583
Epoch: [113]  [20/55]  eta: 0:00:44  lr: 0.000127  min_lr: 0.000127  loss: 0.5350 (0.5362)  loss_scale: 524288.0000 (524288.0000)  weight_decay: 0.0500 (0.0500)  grad_norm: 0.7325 (0.7727)  time: 0.8827  data: 0.4977  max mem: 11583
Epoch: [113]  [30/55]  eta: 0:00:28  lr: 0.000127  min_lr: 0.000127  loss: 0.5347 (0.5362)  loss_scale: 524288.0000 (524288.0000)  weight_decay: 0.0500 (0.0500)  grad_norm: 0.7460 (0.7786)  time: 0.9130  data: 0.5268  max mem: 11583
Epoch: [113]  [40/55]  eta: 0:00:16  lr: 0.000127  min_lr: 0.000127  loss: 0.5340 (0.5355)  loss_scale: 524288.0000 (524288.0000)  weight_decay: 0.0500 (0.0500)  grad_norm: 0.8775 (0.8082)  time: 0.9485  data: 0.5536  max mem: 11583
Epoch: [113]  [50/55]  eta: 0:00:05  lr: 0.000127  min_lr: 0.000127  loss: 0.5313 (0.5347)  loss_scale: 524288.0000 (524288.0000)  weight_decay: 0.0500 (0.0500)  grad_norm: 0.8615 (0.8032)  time: 0.9323  data: 0.5512  max mem: 11583
Epoch: [113]  [54/55]  eta: 0:00:01  lr: 0.000127  min_lr: 0.000127  loss: 0.5313 (0.5349)  loss_scale: 524288.0000 (524288.0000)  weight_decay: 0.0500 (0.0500)  grad_norm: 0.7771 (0.7990)  time: 0.8728  data: 0.5058  max mem: 11583
Epoch: [113] Total time: 0:00:55 (1.0143 s / it)
Averaged stats: lr: 0.000127  min_lr: 0.000127  loss: 0.5313 (0.5349)  loss_scale: 524288.0000 (524288.0000)  weight_decay: 0.0500 (0.0500)  grad_norm: 0.7771 (0.7990)
Epoch: [114]  [ 0/55]  eta: 0:08:17  lr: 0.000127  min_lr: 0.000127  loss: 0.5278 (0.5278)  loss_scale: 524288.0000 (524288.0000)  weight_decay: 0.0500 (0.0500)  grad_norm: 0.7204 (0.7204)  time: 9.0429  data: 8.6285  max mem: 11583
Epoch: [114]  [10/55]  eta: 0:01:13  lr: 0.000127  min_lr: 0.000127  loss: 0.5297 (0.5307)  loss_scale: 524288.0000 (524288.0000)  weight_decay: 0.0500 (0.0500)  grad_norm: 0.7278 (0.7404)  time: 1.6346  data: 1.2765  max mem: 11583
Epoch: [114]  [20/55]  eta: 0:00:43  lr: 0.000127  min_lr: 0.000127  loss: 0.5304 (0.5334)  loss_scale: 524288.0000 (524288.0000)  weight_decay: 0.0500 (0.0500)  grad_norm: 0.7981 (0.7949)  time: 0.8618  data: 0.5082  max mem: 11583
Epoch: [114]  [30/55]  eta: 0:00:28  lr: 0.000127  min_lr: 0.000127  loss: 0.5378 (0.5348)  loss_scale: 524288.0000 (524288.0000)  weight_decay: 0.0500 (0.0500)  grad_norm: 0.8482 (0.8631)  time: 0.8404  data: 0.4866  max mem: 11583
Epoch: [114]  [40/55]  eta: 0:00:16  lr: 0.000127  min_lr: 0.000127  loss: 0.5378 (0.5352)  loss_scale: 524288.0000 (524288.0000)  weight_decay: 0.0500 (0.0500)  grad_norm: 0.9819 (0.8940)  time: 0.9086  data: 0.5381  max mem: 11583
Epoch: [114]  [50/55]  eta: 0:00:05  lr: 0.000126  min_lr: 0.000126  loss: 0.5337 (0.5347)  loss_scale: 524288.0000 (524288.0000)  weight_decay: 0.0500 (0.0500)  grad_norm: 0.9054 (0.8857)  time: 0.9015  data: 0.5365  max mem: 11583
Epoch: [114]  [54/55]  eta: 0:00:00  lr: 0.000126  min_lr: 0.000126  loss: 0.5322 (0.5348)  loss_scale: 524288.0000 (524288.0000)  weight_decay: 0.0500 (0.0500)  grad_norm: 0.8567 (0.8788)  time: 0.8354  data: 0.4897  max mem: 11583
Epoch: [114] Total time: 0:00:54 (0.9862 s / it)
Averaged stats: lr: 0.000126  min_lr: 0.000126  loss: 0.5322 (0.5348)  loss_scale: 524288.0000 (524288.0000)  weight_decay: 0.0500 (0.0500)  grad_norm: 0.8567 (0.8788)
Epoch: [115]  [ 0/55]  eta: 0:07:51  lr: 0.000126  min_lr: 0.000126  loss: 0.5159 (0.5159)  loss_scale: 524288.0000 (524288.0000)  weight_decay: 0.0500 (0.0500)  grad_norm: 0.8281 (0.8281)  time: 8.5706  data: 8.1892  max mem: 11583
Epoch: [115]  [10/55]  eta: 0:01:14  lr: 0.000126  min_lr: 0.000126  loss: 0.5348 (0.5346)  loss_scale: 524288.0000 (524288.0000)  weight_decay: 0.0500 (0.0500)  grad_norm: 0.8281 (0.8816)  time: 1.6452  data: 1.2857  max mem: 11583
Epoch: [115]  [20/55]  eta: 0:00:44  lr: 0.000126  min_lr: 0.000126  loss: 0.5367 (0.5368)  loss_scale: 524288.0000 (524288.0000)  weight_decay: 0.0500 (0.0500)  grad_norm: 0.8765 (0.9171)  time: 0.9168  data: 0.5620  max mem: 11583
Epoch: [115]  [30/55]  eta: 0:00:28  lr: 0.000126  min_lr: 0.000126  loss: 0.5388 (0.5371)  loss_scale: 524288.0000 (524288.0000)  weight_decay: 0.0500 (0.0500)  grad_norm: 0.8527 (0.8798)  time: 0.8903  data: 0.5394  max mem: 11583
Epoch: [115]  [40/55]  eta: 0:00:16  lr: 0.000126  min_lr: 0.000126  loss: 0.5346 (0.5353)  loss_scale: 524288.0000 (524288.0000)  weight_decay: 0.0500 (0.0500)  grad_norm: 0.8049 (0.8665)  time: 0.8725  data: 0.5213  max mem: 11583
Epoch: [115]  [50/55]  eta: 0:00:05  lr: 0.000126  min_lr: 0.000126  loss: 0.5346 (0.5356)  loss_scale: 524288.0000 (524288.0000)  weight_decay: 0.0500 (0.0500)  grad_norm: 0.8049 (0.8724)  time: 0.8176  data: 0.4658  max mem: 11583
Epoch: [115]  [54/55]  eta: 0:00:00  lr: 0.000126  min_lr: 0.000126  loss: 0.5358 (0.5358)  loss_scale: 524288.0000 (524288.0000)  weight_decay: 0.0500 (0.0500)  grad_norm: 0.8123 (0.8675)  time: 0.8152  data: 0.4658  max mem: 11583
Epoch: [115] Total time: 0:00:53 (0.9770 s / it)
Averaged stats: lr: 0.000126  min_lr: 0.000126  loss: 0.5358 (0.5358)  loss_scale: 524288.0000 (524288.0000)  weight_decay: 0.0500 (0.0500)  grad_norm: 0.8123 (0.8675)
Epoch: [116]  [ 0/55]  eta: 0:08:00  lr: 0.000126  min_lr: 0.000126  loss: 0.5319 (0.5319)  loss_scale: 524288.0000 (524288.0000)  weight_decay: 0.0500 (0.0500)  grad_norm: 0.8011 (0.8011)  time: 8.7408  data: 8.2972  max mem: 11583
Epoch: [116]  [10/55]  eta: 0:01:12  lr: 0.000126  min_lr: 0.000126  loss: 0.5333 (0.5343)  loss_scale: 524288.0000 (524288.0000)  weight_decay: 0.0500 (0.0500)  grad_norm: 0.8294 (0.8656)  time: 1.6049  data: 1.2361  max mem: 11583
Epoch: [116]  [20/55]  eta: 0:00:43  lr: 0.000126  min_lr: 0.000126  loss: 0.5323 (0.5328)  loss_scale: 524288.0000 (524288.0000)  weight_decay: 0.0500 (0.0500)  grad_norm: 0.8294 (0.8699)  time: 0.8642  data: 0.5045  max mem: 11583
Epoch: [116]  [30/55]  eta: 0:00:28  lr: 0.000126  min_lr: 0.000126  loss: 0.5300 (0.5322)  loss_scale: 524288.0000 (524288.0000)  weight_decay: 0.0500 (0.0500)  grad_norm: 0.9090 (0.9211)  time: 0.8734  data: 0.5130  max mem: 11583
Epoch: [116]  [40/55]  eta: 0:00:15  lr: 0.000126  min_lr: 0.000126  loss: 0.5302 (0.5316)  loss_scale: 524288.0000 (524288.0000)  weight_decay: 0.0500 (0.0500)  grad_norm: 0.9241 (0.9064)  time: 0.8836  data: 0.5275  max mem: 11583
Epoch: [116]  [50/55]  eta: 0:00:05  lr: 0.000126  min_lr: 0.000126  loss: 0.5302 (0.5319)  loss_scale: 524288.0000 (524288.0000)  weight_decay: 0.0500 (0.0500)  grad_norm: 0.8946 (0.9071)  time: 0.8310  data: 0.4859  max mem: 11583
Epoch: [116]  [54/55]  eta: 0:00:00  lr: 0.000126  min_lr: 0.000126  loss: 0.5291 (0.5321)  loss_scale: 524288.0000 (524288.0000)  weight_decay: 0.0500 (0.0500)  grad_norm: 0.9221 (0.9017)  time: 0.8668  data: 0.5244  max mem: 11583
Epoch: [116] Total time: 0:00:54 (0.9894 s / it)
Averaged stats: lr: 0.000126  min_lr: 0.000126  loss: 0.5291 (0.5321)  loss_scale: 524288.0000 (524288.0000)  weight_decay: 0.0500 (0.0500)  grad_norm: 0.9221 (0.9017)
Epoch: [117]  [ 0/55]  eta: 0:08:26  lr: 0.000126  min_lr: 0.000126  loss: 0.5334 (0.5334)  loss_scale: 524288.0000 (524288.0000)  weight_decay: 0.0500 (0.0500)  grad_norm: 0.9818 (0.9818)  time: 9.2060  data: 8.8356  max mem: 11583
Epoch: [117]  [10/55]  eta: 0:01:11  lr: 0.000125  min_lr: 0.000125  loss: 0.5322 (0.5296)  loss_scale: 524288.0000 (524288.0000)  weight_decay: 0.0500 (0.0500)  grad_norm: 0.9286 (0.8996)  time: 1.5909  data: 1.2372  max mem: 11583
Epoch: [117]  [20/55]  eta: 0:00:43  lr: 0.000125  min_lr: 0.000125  loss: 0.5305 (0.5315)  loss_scale: 524288.0000 (524288.0000)  weight_decay: 0.0500 (0.0500)  grad_norm: 0.8393 (0.8983)  time: 0.8346  data: 0.4768  max mem: 11583
Epoch: [117]  [30/55]  eta: 0:00:28  lr: 0.000125  min_lr: 0.000125  loss: 0.5353 (0.5338)  loss_scale: 524288.0000 (524288.0000)  weight_decay: 0.0500 (0.0500)  grad_norm: 0.8979 (0.9464)  time: 0.8892  data: 0.5270  max mem: 11583
Epoch: [117]  [40/55]  eta: 0:00:16  lr: 0.000125  min_lr: 0.000125  loss: 0.5350 (0.5333)  loss_scale: 524288.0000 (524288.0000)  weight_decay: 0.0500 (0.0500)  grad_norm: 0.9487 (0.9531)  time: 0.9099  data: 0.5527  max mem: 11583
Epoch: [117]  [50/55]  eta: 0:00:05  lr: 0.000125  min_lr: 0.000125  loss: 0.5330 (0.5341)  loss_scale: 524288.0000 (524288.0000)  weight_decay: 0.0500 (0.0500)  grad_norm: 0.9298 (0.9405)  time: 0.8552  data: 0.5050  max mem: 11583
Epoch: [117]  [54/55]  eta: 0:00:00  lr: 0.000125  min_lr: 0.000125  loss: 0.5331 (0.5341)  loss_scale: 524288.0000 (524288.0000)  weight_decay: 0.0500 (0.0500)  grad_norm: 0.8489 (0.9274)  time: 0.8608  data: 0.5124  max mem: 11583
Epoch: [117] Total time: 0:00:54 (0.9997 s / it)
Averaged stats: lr: 0.000125  min_lr: 0.000125  loss: 0.5331 (0.5341)  loss_scale: 524288.0000 (524288.0000)  weight_decay: 0.0500 (0.0500)  grad_norm: 0.8489 (0.9274)
Epoch: [118]  [ 0/55]  eta: 0:07:31  lr: 0.000125  min_lr: 0.000125  loss: 0.5249 (0.5249)  loss_scale: 524288.0000 (524288.0000)  weight_decay: 0.0500 (0.0500)  grad_norm: 0.6845 (0.6845)  time: 8.2092  data: 7.8104  max mem: 11583
Epoch: [118]  [10/55]  eta: 0:01:09  lr: 0.000125  min_lr: 0.000125  loss: 0.5298 (0.5306)  loss_scale: 524288.0000 (524288.0000)  weight_decay: 0.0500 (0.0500)  grad_norm: 0.7930 (0.7879)  time: 1.5490  data: 1.1843  max mem: 11583
Epoch: [118]  [20/55]  eta: 0:00:42  lr: 0.000125  min_lr: 0.000125  loss: 0.5297 (0.5298)  loss_scale: 524288.0000 (524288.0000)  weight_decay: 0.0500 (0.0500)  grad_norm: 0.7956 (0.8508)  time: 0.8602  data: 0.4981  max mem: 11583
Epoch: [118]  [30/55]  eta: 0:00:27  lr: 0.000125  min_lr: 0.000125  loss: 0.5292 (0.5299)  loss_scale: 524288.0000 (524288.0000)  weight_decay: 0.0500 (0.0500)  grad_norm: 0.7530 (0.8015)  time: 0.8637  data: 0.5017  max mem: 11583
Epoch: [118]  [40/55]  eta: 0:00:15  lr: 0.000125  min_lr: 0.000125  loss: 0.5273 (0.5291)  loss_scale: 524288.0000 (524288.0000)  weight_decay: 0.0500 (0.0500)  grad_norm: 0.7522 (0.8264)  time: 0.8786  data: 0.5151  max mem: 11583
Epoch: [118]  [50/55]  eta: 0:00:05  lr: 0.000125  min_lr: 0.000125  loss: 0.5298 (0.5304)  loss_scale: 524288.0000 (524288.0000)  weight_decay: 0.0500 (0.0500)  grad_norm: 0.8443 (0.8459)  time: 0.8545  data: 0.4989  max mem: 11583
Epoch: [118]  [54/55]  eta: 0:00:00  lr: 0.000125  min_lr: 0.000125  loss: 0.5336 (0.5307)  loss_scale: 524288.0000 (524288.0000)  weight_decay: 0.0500 (0.0500)  grad_norm: 0.8443 (0.8441)  time: 0.8611  data: 0.5127  max mem: 11583
Epoch: [118] Total time: 0:00:54 (0.9873 s / it)
Averaged stats: lr: 0.000125  min_lr: 0.000125  loss: 0.5336 (0.5307)  loss_scale: 524288.0000 (524288.0000)  weight_decay: 0.0500 (0.0500)  grad_norm: 0.8443 (0.8441)
Epoch: [119]  [ 0/55]  eta: 0:07:57  lr: 0.000125  min_lr: 0.000125  loss: 0.5329 (0.5329)  loss_scale: 524288.0000 (524288.0000)  weight_decay: 0.0500 (0.0500)  grad_norm: 0.5938 (0.5938)  time: 8.6796  data: 8.2876  max mem: 11583
Epoch: [119]  [10/55]  eta: 0:01:11  lr: 0.000125  min_lr: 0.000125  loss: 0.5329 (0.5316)  loss_scale: 524288.0000 (524288.0000)  weight_decay: 0.0500 (0.0500)  grad_norm: 0.8040 (0.7986)  time: 1.5978  data: 1.2386  max mem: 11583
Epoch: [119]  [20/55]  eta: 0:00:43  lr: 0.000125  min_lr: 0.000125  loss: 0.5310 (0.5321)  loss_scale: 524288.0000 (524288.0000)  weight_decay: 0.0500 (0.0500)  grad_norm: 0.8128 (0.9480)  time: 0.8642  data: 0.5095  max mem: 11583
Epoch: [119]  [30/55]  eta: 0:00:28  lr: 0.000124  min_lr: 0.000124  loss: 0.5360 (0.5365)  loss_scale: 524288.0000 (524288.0000)  weight_decay: 0.0500 (0.0500)  grad_norm: 0.9614 (0.9525)  time: 0.8728  data: 0.5208  max mem: 11583
Epoch: [119]  [40/55]  eta: 0:00:15  lr: 0.000124  min_lr: 0.000124  loss: 0.5392 (0.5365)  loss_scale: 524288.0000 (524288.0000)  weight_decay: 0.0500 (0.0500)  grad_norm: 0.9104 (0.9395)  time: 0.8840  data: 0.5324  max mem: 11583
Epoch: [119]  [50/55]  eta: 0:00:05  lr: 0.000124  min_lr: 0.000124  loss: 0.5361 (0.5357)  loss_scale: 524288.0000 (524288.0000)  weight_decay: 0.0500 (0.0500)  grad_norm: 0.8585 (0.9161)  time: 0.8614  data: 0.5118  max mem: 11583
Epoch: [119]  [54/55]  eta: 0:00:00  lr: 0.000124  min_lr: 0.000124  loss: 0.5346 (0.5354)  loss_scale: 524288.0000 (524288.0000)  weight_decay: 0.0500 (0.0500)  grad_norm: 0.8741 (0.9167)  time: 0.8337  data: 0.4868  max mem: 11583
Epoch: [119] Total time: 0:00:53 (0.9815 s / it)
Averaged stats: lr: 0.000124  min_lr: 0.000124  loss: 0.5346 (0.5354)  loss_scale: 524288.0000 (524288.0000)  weight_decay: 0.0500 (0.0500)  grad_norm: 0.8741 (0.9167)
Epoch: [120]  [ 0/55]  eta: 0:07:59  lr: 0.000124  min_lr: 0.000124  loss: 0.5339 (0.5339)  loss_scale: 524288.0000 (524288.0000)  weight_decay: 0.0500 (0.0500)  grad_norm: 0.6065 (0.6065)  time: 8.7248  data: 8.3060  max mem: 11583
Epoch: [120]  [10/55]  eta: 0:01:13  lr: 0.000124  min_lr: 0.000124  loss: 0.5278 (0.5295)  loss_scale: 524288.0000 (524288.0000)  weight_decay: 0.0500 (0.0500)  grad_norm: 0.7155 (0.7803)  time: 1.6292  data: 1.2736  max mem: 11583
Epoch: [120]  [20/55]  eta: 0:00:43  lr: 0.000124  min_lr: 0.000124  loss: 0.5287 (0.5310)  loss_scale: 524288.0000 (524288.0000)  weight_decay: 0.0500 (0.0500)  grad_norm: 0.7402 (0.7997)  time: 0.8598  data: 0.5060  max mem: 11583
Epoch: [120]  [30/55]  eta: 0:00:28  lr: 0.000124  min_lr: 0.000124  loss: 0.5312 (0.5310)  loss_scale: 524288.0000 (524288.0000)  weight_decay: 0.0500 (0.0500)  grad_norm: 0.8990 (0.8418)  time: 0.8550  data: 0.4986  max mem: 11583
Epoch: [120]  [40/55]  eta: 0:00:15  lr: 0.000124  min_lr: 0.000124  loss: 0.5331 (0.5307)  loss_scale: 524288.0000 (524288.0000)  weight_decay: 0.0500 (0.0500)  grad_norm: 0.9171 (0.8519)  time: 0.8789  data: 0.5183  max mem: 11583
Epoch: [120]  [50/55]  eta: 0:00:05  lr: 0.000124  min_lr: 0.000124  loss: 0.5307 (0.5312)  loss_scale: 524288.0000 (524288.0000)  weight_decay: 0.0500 (0.0500)  grad_norm: 0.9265 (0.8921)  time: 0.8325  data: 0.4754  max mem: 11583
Epoch: [120]  [54/55]  eta: 0:00:00  lr: 0.000124  min_lr: 0.000124  loss: 0.5302 (0.5312)  loss_scale: 524288.0000 (524288.0000)  weight_decay: 0.0500 (0.0500)  grad_norm: 1.0774 (0.9088)  time: 0.8092  data: 0.4527  max mem: 11583
Epoch: [120] Total time: 0:00:53 (0.9663 s / it)
Averaged stats: lr: 0.000124  min_lr: 0.000124  loss: 0.5302 (0.5312)  loss_scale: 524288.0000 (524288.0000)  weight_decay: 0.0500 (0.0500)  grad_norm: 1.0774 (0.9088)
Epoch: [121]  [ 0/55]  eta: 0:07:17  lr: 0.000124  min_lr: 0.000124  loss: 0.5115 (0.5115)  loss_scale: 524288.0000 (524288.0000)  weight_decay: 0.0500 (0.0500)  grad_norm: 0.6467 (0.6467)  time: 7.9496  data: 7.5674  max mem: 11583
Epoch: [121]  [10/55]  eta: 0:01:06  lr: 0.000124  min_lr: 0.000124  loss: 0.5328 (0.5297)  loss_scale: 524288.0000 (524288.0000)  weight_decay: 0.0500 (0.0500)  grad_norm: 0.8143 (0.8896)  time: 1.4702  data: 1.1121  max mem: 11583
Epoch: [121]  [20/55]  eta: 0:00:39  lr: 0.000124  min_lr: 0.000124  loss: 0.5280 (0.5282)  loss_scale: 524288.0000 (524288.0000)  weight_decay: 0.0500 (0.0500)  grad_norm: 0.7927 (0.8735)  time: 0.7994  data: 0.4452  max mem: 11583
Epoch: [121]  [30/55]  eta: 0:00:25  lr: 0.000124  min_lr: 0.000124  loss: 0.5286 (0.5273)  loss_scale: 524288.0000 (524288.0000)  weight_decay: 0.0500 (0.0500)  grad_norm: 0.7927 (0.8855)  time: 0.7922  data: 0.4319  max mem: 11583
Epoch: [121]  [40/55]  eta: 0:00:14  lr: 0.000124  min_lr: 0.000124  loss: 0.5286 (0.5269)  loss_scale: 524288.0000 (524288.0000)  weight_decay: 0.0500 (0.0500)  grad_norm: 0.8105 (0.8799)  time: 0.8299  data: 0.4671  max mem: 11583
Epoch: [121]  [50/55]  eta: 0:00:04  lr: 0.000123  min_lr: 0.000123  loss: 0.5239 (0.5265)  loss_scale: 524288.0000 (524288.0000)  weight_decay: 0.0500 (0.0500)  grad_norm: 0.7811 (0.8574)  time: 0.8137  data: 0.4639  max mem: 11583
Epoch: [121]  [54/55]  eta: 0:00:00  lr: 0.000123  min_lr: 0.000123  loss: 0.5239 (0.5268)  loss_scale: 524288.0000 (524288.0000)  weight_decay: 0.0500 (0.0500)  grad_norm: 0.7811 (0.8587)  time: 0.7931  data: 0.4454  max mem: 11583
Epoch: [121] Total time: 0:00:50 (0.9144 s / it)
Averaged stats: lr: 0.000123  min_lr: 0.000123  loss: 0.5239 (0.5268)  loss_scale: 524288.0000 (524288.0000)  weight_decay: 0.0500 (0.0500)  grad_norm: 0.7811 (0.8587)
Epoch: [122]  [ 0/55]  eta: 0:07:16  lr: 0.000123  min_lr: 0.000123  loss: 0.5218 (0.5218)  loss_scale: 524288.0000 (524288.0000)  weight_decay: 0.0500 (0.0500)  grad_norm: 0.9690 (0.9690)  time: 7.9320  data: 7.5085  max mem: 11583
Epoch: [122]  [10/55]  eta: 0:01:04  lr: 0.000123  min_lr: 0.000123  loss: 0.5312 (0.5291)  loss_scale: 524288.0000 (524288.0000)  weight_decay: 0.0500 (0.0500)  grad_norm: 0.8688 (0.8801)  time: 1.4342  data: 1.0782  max mem: 11583
Epoch: [122]  [20/55]  eta: 0:00:40  lr: 0.000123  min_lr: 0.000123  loss: 0.5293 (0.5282)  loss_scale: 524288.0000 (524288.0000)  weight_decay: 0.0500 (0.0500)  grad_norm: 0.7638 (0.7958)  time: 0.8294  data: 0.4614  max mem: 11583
Epoch: [122]  [30/55]  eta: 0:00:26  lr: 0.000123  min_lr: 0.000123  loss: 0.5293 (0.5297)  loss_scale: 524288.0000 (524288.0000)  weight_decay: 0.0500 (0.0500)  grad_norm: 0.8186 (0.8933)  time: 0.8248  data: 0.4594  max mem: 11583
Epoch: [122]  [40/55]  eta: 0:00:14  lr: 0.000123  min_lr: 0.000123  loss: 0.5308 (0.5297)  loss_scale: 524288.0000 (524288.0000)  weight_decay: 0.0500 (0.0500)  grad_norm: 1.0842 (0.9250)  time: 0.8044  data: 0.4566  max mem: 11583
Epoch: [122]  [50/55]  eta: 0:00:04  lr: 0.000123  min_lr: 0.000123  loss: 0.5251 (0.5289)  loss_scale: 524288.0000 (524288.0000)  weight_decay: 0.0500 (0.0500)  grad_norm: 0.8299 (0.8881)  time: 0.8069  data: 0.4582  max mem: 11583
Epoch: [122]  [54/55]  eta: 0:00:00  lr: 0.000123  min_lr: 0.000123  loss: 0.5251 (0.5288)  loss_scale: 524288.0000 (524288.0000)  weight_decay: 0.0500 (0.0500)  grad_norm: 0.7978 (0.8791)  time: 0.8014  data: 0.4526  max mem: 11583
Epoch: [122] Total time: 0:00:49 (0.9070 s / it)
Averaged stats: lr: 0.000123  min_lr: 0.000123  loss: 0.5251 (0.5288)  loss_scale: 524288.0000 (524288.0000)  weight_decay: 0.0500 (0.0500)  grad_norm: 0.7978 (0.8791)
Epoch: [123]  [ 0/55]  eta: 0:07:32  lr: 0.000123  min_lr: 0.000123  loss: 0.5192 (0.5192)  loss_scale: 524288.0000 (524288.0000)  weight_decay: 0.0500 (0.0500)  grad_norm: 0.8408 (0.8408)  time: 8.2273  data: 7.8669  max mem: 11583
Epoch: [123]  [10/55]  eta: 0:01:06  lr: 0.000123  min_lr: 0.000123  loss: 0.5214 (0.5239)  loss_scale: 524288.0000 (524288.0000)  weight_decay: 0.0500 (0.0500)  grad_norm: 0.8199 (0.7876)  time: 1.4689  data: 1.1039  max mem: 11583
Epoch: [123]  [20/55]  eta: 0:00:40  lr: 0.000123  min_lr: 0.000123  loss: 0.5253 (0.5272)  loss_scale: 524288.0000 (524288.0000)  weight_decay: 0.0500 (0.0500)  grad_norm: 0.8310 (0.8569)  time: 0.8073  data: 0.4441  max mem: 11583
Epoch: [123]  [30/55]  eta: 0:00:26  lr: 0.000123  min_lr: 0.000123  loss: 0.5320 (0.5282)  loss_scale: 524288.0000 (524288.0000)  weight_decay: 0.0500 (0.0500)  grad_norm: 0.9437 (0.8657)  time: 0.8176  data: 0.4537  max mem: 11583
Epoch: [123]  [40/55]  eta: 0:00:14  lr: 0.000123  min_lr: 0.000123  loss: 0.5278 (0.5268)  loss_scale: 524288.0000 (524288.0000)  weight_decay: 0.0500 (0.0500)  grad_norm: 0.9534 (0.9059)  time: 0.8120  data: 0.4475  max mem: 11583
Epoch: [123]  [50/55]  eta: 0:00:04  lr: 0.000123  min_lr: 0.000123  loss: 0.5242 (0.5268)  loss_scale: 524288.0000 (524288.0000)  weight_decay: 0.0500 (0.0500)  grad_norm: 0.9071 (0.8898)  time: 0.8332  data: 0.4776  max mem: 11583
Epoch: [123]  [54/55]  eta: 0:00:00  lr: 0.000123  min_lr: 0.000123  loss: 0.5279 (0.5272)  loss_scale: 524288.0000 (524288.0000)  weight_decay: 0.0500 (0.0500)  grad_norm: 0.8034 (0.8815)  time: 0.8026  data: 0.4542  max mem: 11583
Epoch: [123] Total time: 0:00:50 (0.9198 s / it)
Averaged stats: lr: 0.000123  min_lr: 0.000123  loss: 0.5279 (0.5272)  loss_scale: 524288.0000 (524288.0000)  weight_decay: 0.0500 (0.0500)  grad_norm: 0.8034 (0.8815)
Epoch: [124]  [ 0/55]  eta: 0:07:37  lr: 0.000123  min_lr: 0.000123  loss: 0.5143 (0.5143)  loss_scale: 524288.0000 (524288.0000)  weight_decay: 0.0500 (0.0500)  grad_norm: 0.6907 (0.6907)  time: 8.3176  data: 7.8615  max mem: 11583
Epoch: [124]  [10/55]  eta: 0:01:05  lr: 0.000122  min_lr: 0.000122  loss: 0.5254 (0.5240)  loss_scale: 524288.0000 (524288.0000)  weight_decay: 0.0500 (0.0500)  grad_norm: 0.7920 (0.7677)  time: 1.4485  data: 1.0852  max mem: 11583
Epoch: [124]  [20/55]  eta: 0:00:39  lr: 0.000122  min_lr: 0.000122  loss: 0.5262 (0.5259)  loss_scale: 524288.0000 (524288.0000)  weight_decay: 0.0500 (0.0500)  grad_norm: 0.7236 (0.7332)  time: 0.7631  data: 0.4039  max mem: 11583
Epoch: [124]  [30/55]  eta: 0:00:25  lr: 0.000122  min_lr: 0.000122  loss: 0.5266 (0.5261)  loss_scale: 524288.0000 (524288.0000)  weight_decay: 0.0500 (0.0500)  grad_norm: 0.7219 (0.7651)  time: 0.8109  data: 0.4434  max mem: 11583
Epoch: [124]  [40/55]  eta: 0:00:14  lr: 0.000122  min_lr: 0.000122  loss: 0.5234 (0.5248)  loss_scale: 524288.0000 (524288.0000)  weight_decay: 0.0500 (0.0500)  grad_norm: 0.8474 (0.8187)  time: 0.8229  data: 0.4604  max mem: 11583
Epoch: [124]  [50/55]  eta: 0:00:04  lr: 0.000122  min_lr: 0.000122  loss: 0.5227 (0.5252)  loss_scale: 524288.0000 (524288.0000)  weight_decay: 0.0500 (0.0500)  grad_norm: 0.8553 (0.8159)  time: 0.7940  data: 0.4420  max mem: 11583
Epoch: [124]  [54/55]  eta: 0:00:00  lr: 0.000122  min_lr: 0.000122  loss: 0.5230 (0.5257)  loss_scale: 524288.0000 (524288.0000)  weight_decay: 0.0500 (0.0500)  grad_norm: 0.8283 (0.8184)  time: 0.7782  data: 0.4291  max mem: 11583
Epoch: [124] Total time: 0:00:49 (0.9084 s / it)
Averaged stats: lr: 0.000122  min_lr: 0.000122  loss: 0.5230 (0.5257)  loss_scale: 524288.0000 (524288.0000)  weight_decay: 0.0500 (0.0500)  grad_norm: 0.8283 (0.8184)
Epoch: [125]  [ 0/55]  eta: 0:07:16  lr: 0.000122  min_lr: 0.000122  loss: 0.5136 (0.5136)  loss_scale: 524288.0000 (524288.0000)  weight_decay: 0.0500 (0.0500)  grad_norm: 1.0015 (1.0015)  time: 7.9274  data: 7.4943  max mem: 11583
Epoch: [125]  [10/55]  eta: 0:01:04  lr: 0.000122  min_lr: 0.000122  loss: 0.5226 (0.5217)  loss_scale: 524288.0000 (524288.0000)  weight_decay: 0.0500 (0.0500)  grad_norm: 1.0015 (0.9531)  time: 1.4341  data: 1.0680  max mem: 11583
Epoch: [125]  [20/55]  eta: 0:00:39  lr: 0.000122  min_lr: 0.000122  loss: 0.5251 (0.5240)  loss_scale: 524288.0000 (524288.0000)  weight_decay: 0.0500 (0.0500)  grad_norm: 0.7544 (0.8344)  time: 0.7823  data: 0.4245  max mem: 11583
Epoch: [125]  [30/55]  eta: 0:00:25  lr: 0.000122  min_lr: 0.000122  loss: 0.5239 (0.5232)  loss_scale: 524288.0000 (524288.0000)  weight_decay: 0.0500 (0.0500)  grad_norm: 0.6816 (0.8162)  time: 0.8028  data: 0.4380  max mem: 11583
Epoch: [125]  [40/55]  eta: 0:00:14  lr: 0.000122  min_lr: 0.000122  loss: 0.5196 (0.5227)  loss_scale: 524288.0000 (524288.0000)  weight_decay: 0.0500 (0.0500)  grad_norm: 0.8349 (0.8286)  time: 0.8479  data: 0.4794  max mem: 11583
Epoch: [125]  [50/55]  eta: 0:00:04  lr: 0.000122  min_lr: 0.000122  loss: 0.5231 (0.5235)  loss_scale: 524288.0000 (524288.0000)  weight_decay: 0.0500 (0.0500)  grad_norm: 0.8349 (0.8209)  time: 0.8295  data: 0.4754  max mem: 11583
Epoch: [125]  [54/55]  eta: 0:00:00  lr: 0.000122  min_lr: 0.000122  loss: 0.5206 (0.5237)  loss_scale: 524288.0000 (524288.0000)  weight_decay: 0.0500 (0.0500)  grad_norm: 0.8343 (0.8174)  time: 0.7793  data: 0.4328  max mem: 11583
Epoch: [125] Total time: 0:00:49 (0.9062 s / it)
Averaged stats: lr: 0.000122  min_lr: 0.000122  loss: 0.5206 (0.5237)  loss_scale: 524288.0000 (524288.0000)  weight_decay: 0.0500 (0.0500)  grad_norm: 0.8343 (0.8174)
Epoch: [126]  [ 0/55]  eta: 0:07:09  lr: 0.000122  min_lr: 0.000122  loss: 0.5197 (0.5197)  loss_scale: 524288.0000 (524288.0000)  weight_decay: 0.0500 (0.0500)  grad_norm: 0.9266 (0.9266)  time: 7.8146  data: 7.4119  max mem: 11583
Epoch: [126]  [10/55]  eta: 0:01:03  lr: 0.000122  min_lr: 0.000122  loss: 0.5244 (0.5261)  loss_scale: 524288.0000 (524288.0000)  weight_decay: 0.0500 (0.0500)  grad_norm: 0.9820 (0.9249)  time: 1.4081  data: 1.0494  max mem: 11583
Epoch: [126]  [20/55]  eta: 0:00:39  lr: 0.000121  min_lr: 0.000121  loss: 0.5242 (0.5256)  loss_scale: 524288.0000 (524288.0000)  weight_decay: 0.0500 (0.0500)  grad_norm: 0.9471 (0.9260)  time: 0.8013  data: 0.4387  max mem: 11583
Epoch: [126]  [30/55]  eta: 0:00:25  lr: 0.000121  min_lr: 0.000121  loss: 0.5234 (0.5258)  loss_scale: 524288.0000 (524288.0000)  weight_decay: 0.0500 (0.0500)  grad_norm: 0.8236 (0.8959)  time: 0.8188  data: 0.4539  max mem: 11583
Epoch: [126]  [40/55]  eta: 0:00:14  lr: 0.000121  min_lr: 0.000121  loss: 0.5254 (0.5241)  loss_scale: 524288.0000 (524288.0000)  weight_decay: 0.0500 (0.0500)  grad_norm: 0.7515 (0.8656)  time: 0.8363  data: 0.4709  max mem: 11583
Epoch: [126]  [50/55]  eta: 0:00:04  lr: 0.000121  min_lr: 0.000121  loss: 0.5254 (0.5243)  loss_scale: 524288.0000 (524288.0000)  weight_decay: 0.0500 (0.0500)  grad_norm: 0.8487 (0.8744)  time: 0.8211  data: 0.4621  max mem: 11583
Epoch: [126]  [54/55]  eta: 0:00:00  lr: 0.000121  min_lr: 0.000121  loss: 0.5262 (0.5250)  loss_scale: 524288.0000 (524288.0000)  weight_decay: 0.0500 (0.0500)  grad_norm: 0.9099 (0.8861)  time: 0.8041  data: 0.4526  max mem: 11583
Epoch: [126] Total time: 0:00:50 (0.9140 s / it)
Averaged stats: lr: 0.000121  min_lr: 0.000121  loss: 0.5262 (0.5250)  loss_scale: 524288.0000 (524288.0000)  weight_decay: 0.0500 (0.0500)  grad_norm: 0.9099 (0.8861)
Epoch: [127]  [ 0/55]  eta: 0:07:18  lr: 0.000121  min_lr: 0.000121  loss: 0.5243 (0.5243)  loss_scale: 524288.0000 (524288.0000)  weight_decay: 0.0500 (0.0500)  grad_norm: 1.3204 (1.3204)  time: 7.9678  data: 7.5983  max mem: 11583
Epoch: [127]  [10/55]  eta: 0:01:05  lr: 0.000121  min_lr: 0.000121  loss: 0.5175 (0.5233)  loss_scale: 524288.0000 (524288.0000)  weight_decay: 0.0500 (0.0500)  grad_norm: 0.8496 (0.8671)  time: 1.4660  data: 1.1041  max mem: 11583
Epoch: [127]  [20/55]  eta: 0:00:40  lr: 0.000121  min_lr: 0.000121  loss: 0.5267 (0.5259)  loss_scale: 524288.0000 (524288.0000)  weight_decay: 0.0500 (0.0500)  grad_norm: 0.8138 (0.8327)  time: 0.8080  data: 0.4504  max mem: 11583
Epoch: [127]  [30/55]  eta: 0:00:25  lr: 0.000121  min_lr: 0.000121  loss: 0.5257 (0.5252)  loss_scale: 524288.0000 (524288.0000)  weight_decay: 0.0500 (0.0500)  grad_norm: 0.8017 (0.8296)  time: 0.8004  data: 0.4472  max mem: 11583
Epoch: [127]  [40/55]  eta: 0:00:14  lr: 0.000121  min_lr: 0.000121  loss: 0.5248 (0.5254)  loss_scale: 524288.0000 (524288.0000)  weight_decay: 0.0500 (0.0500)  grad_norm: 0.8265 (0.8382)  time: 0.8151  data: 0.4557  max mem: 11583
Epoch: [127]  [50/55]  eta: 0:00:04  lr: 0.000121  min_lr: 0.000121  loss: 0.5260 (0.5259)  loss_scale: 524288.0000 (524288.0000)  weight_decay: 0.0500 (0.0500)  grad_norm: 0.8265 (0.8380)  time: 0.8254  data: 0.4751  max mem: 11583
Epoch: [127]  [54/55]  eta: 0:00:00  lr: 0.000121  min_lr: 0.000121  loss: 0.5260 (0.5260)  loss_scale: 524288.0000 (524288.0000)  weight_decay: 0.0500 (0.0500)  grad_norm: 0.7575 (0.8374)  time: 0.8145  data: 0.4730  max mem: 11583
Epoch: [127] Total time: 0:00:50 (0.9198 s / it)
Averaged stats: lr: 0.000121  min_lr: 0.000121  loss: 0.5260 (0.5260)  loss_scale: 524288.0000 (524288.0000)  weight_decay: 0.0500 (0.0500)  grad_norm: 0.7575 (0.8374)
Epoch: [128]  [ 0/55]  eta: 0:07:37  lr: 0.000121  min_lr: 0.000121  loss: 0.5223 (0.5223)  loss_scale: 524288.0000 (524288.0000)  weight_decay: 0.0500 (0.0500)  grad_norm: 0.8099 (0.8099)  time: 8.3093  data: 7.9023  max mem: 11583
Epoch: [128]  [10/55]  eta: 0:01:05  lr: 0.000121  min_lr: 0.000121  loss: 0.5223 (0.5232)  loss_scale: 524288.0000 (524288.0000)  weight_decay: 0.0500 (0.0500)  grad_norm: 0.7699 (0.8077)  time: 1.4591  data: 1.0988  max mem: 11583
Epoch: [128]  [20/55]  eta: 0:00:40  lr: 0.000121  min_lr: 0.000121  loss: 0.5249 (0.5240)  loss_scale: 524288.0000 (524288.0000)  weight_decay: 0.0500 (0.0500)  grad_norm: 0.7699 (0.8138)  time: 0.7958  data: 0.4316  max mem: 11583
Epoch: [128]  [30/55]  eta: 0:00:26  lr: 0.000120  min_lr: 0.000120  loss: 0.5266 (0.5243)  loss_scale: 524288.0000 (524288.0000)  weight_decay: 0.0500 (0.0500)  grad_norm: 0.8403 (0.8665)  time: 0.8626  data: 0.4856  max mem: 11583
Epoch: [128]  [40/55]  eta: 0:00:15  lr: 0.000120  min_lr: 0.000120  loss: 0.5220 (0.5233)  loss_scale: 524288.0000 (524288.0000)  weight_decay: 0.0500 (0.0500)  grad_norm: 0.9290 (0.8854)  time: 0.8526  data: 0.4856  max mem: 11583
Epoch: [128]  [50/55]  eta: 0:00:04  lr: 0.000120  min_lr: 0.000120  loss: 0.5247 (0.5238)  loss_scale: 524288.0000 (524288.0000)  weight_decay: 0.0500 (0.0500)  grad_norm: 0.8397 (0.8717)  time: 0.8016  data: 0.4552  max mem: 11583
Epoch: [128]  [54/55]  eta: 0:00:00  lr: 0.000120  min_lr: 0.000120  loss: 0.5247 (0.5239)  loss_scale: 524288.0000 (524288.0000)  weight_decay: 0.0500 (0.0500)  grad_norm: 0.8536 (0.8695)  time: 0.7764  data: 0.4335  max mem: 11583
Epoch: [128] Total time: 0:00:50 (0.9252 s / it)
Averaged stats: lr: 0.000120  min_lr: 0.000120  loss: 0.5247 (0.5239)  loss_scale: 524288.0000 (524288.0000)  weight_decay: 0.0500 (0.0500)  grad_norm: 0.8536 (0.8695)
Epoch: [129]  [ 0/55]  eta: 0:07:22  lr: 0.000120  min_lr: 0.000120  loss: 0.5265 (0.5265)  loss_scale: 524288.0000 (524288.0000)  weight_decay: 0.0500 (0.0500)  grad_norm: 0.9401 (0.9401)  time: 8.0451  data: 7.6524  max mem: 11583
Epoch: [129]  [10/55]  eta: 0:01:05  lr: 0.000120  min_lr: 0.000120  loss: 0.5250 (0.5225)  loss_scale: 524288.0000 (524288.0000)  weight_decay: 0.0500 (0.0500)  grad_norm: 0.8650 (0.8452)  time: 1.4507  data: 1.1007  max mem: 11583
Epoch: [129]  [20/55]  eta: 0:00:39  lr: 0.000120  min_lr: 0.000120  loss: 0.5247 (0.5222)  loss_scale: 524288.0000 (524288.0000)  weight_decay: 0.0500 (0.0500)  grad_norm: 0.8232 (0.8725)  time: 0.7847  data: 0.4309  max mem: 11583
Epoch: [129]  [30/55]  eta: 0:00:25  lr: 0.000120  min_lr: 0.000120  loss: 0.5244 (0.5222)  loss_scale: 524288.0000 (524288.0000)  weight_decay: 0.0500 (0.0500)  grad_norm: 0.8536 (0.8995)  time: 0.8031  data: 0.4439  max mem: 11583
Epoch: [129]  [40/55]  eta: 0:00:14  lr: 0.000120  min_lr: 0.000120  loss: 0.5173 (0.5208)  loss_scale: 524288.0000 (524288.0000)  weight_decay: 0.0500 (0.0500)  grad_norm: 0.8605 (0.8901)  time: 0.8170  data: 0.4607  max mem: 11583
Epoch: [129]  [50/55]  eta: 0:00:04  lr: 0.000120  min_lr: 0.000120  loss: 0.5175 (0.5209)  loss_scale: 524288.0000 (524288.0000)  weight_decay: 0.0500 (0.0500)  grad_norm: 0.8561 (0.8893)  time: 0.7910  data: 0.4406  max mem: 11583
Epoch: [129]  [54/55]  eta: 0:00:00  lr: 0.000120  min_lr: 0.000120  loss: 0.5181 (0.5207)  loss_scale: 524288.0000 (524288.0000)  weight_decay: 0.0500 (0.0500)  grad_norm: 0.8561 (0.8881)  time: 0.7863  data: 0.4405  max mem: 11583
Epoch: [129] Total time: 0:00:49 (0.8955 s / it)
Averaged stats: lr: 0.000120  min_lr: 0.000120  loss: 0.5181 (0.5207)  loss_scale: 524288.0000 (524288.0000)  weight_decay: 0.0500 (0.0500)  grad_norm: 0.8561 (0.8881)
Epoch: [130]  [ 0/55]  eta: 0:07:15  lr: 0.000120  min_lr: 0.000120  loss: 0.5082 (0.5082)  loss_scale: 524288.0000 (524288.0000)  weight_decay: 0.0500 (0.0500)  grad_norm: 0.7702 (0.7702)  time: 7.9100  data: 7.4959  max mem: 11583
Epoch: [130]  [10/55]  eta: 0:01:04  lr: 0.000120  min_lr: 0.000120  loss: 0.5203 (0.5187)  loss_scale: 524288.0000 (524288.0000)  weight_decay: 0.0500 (0.0500)  grad_norm: 0.7942 (0.8183)  time: 1.4415  data: 1.0730  max mem: 11583
Epoch: [130]  [20/55]  eta: 0:00:40  lr: 0.000120  min_lr: 0.000120  loss: 0.5203 (0.5197)  loss_scale: 524288.0000 (524288.0000)  weight_decay: 0.0500 (0.0500)  grad_norm: 0.8436 (0.8383)  time: 0.8047  data: 0.4547  max mem: 11583
Epoch: [130]  [30/55]  eta: 0:00:25  lr: 0.000120  min_lr: 0.000120  loss: 0.5213 (0.5200)  loss_scale: 524288.0000 (524288.0000)  weight_decay: 0.0500 (0.0500)  grad_norm: 0.7741 (0.8049)  time: 0.8101  data: 0.4594  max mem: 11583
Epoch: [130]  [40/55]  eta: 0:00:14  lr: 0.000119  min_lr: 0.000119  loss: 0.5206 (0.5192)  loss_scale: 524288.0000 (524288.0000)  weight_decay: 0.0500 (0.0500)  grad_norm: 0.7090 (0.7803)  time: 0.8199  data: 0.4576  max mem: 11583
Epoch: [130]  [50/55]  eta: 0:00:04  lr: 0.000119  min_lr: 0.000119  loss: 0.5203 (0.5197)  loss_scale: 524288.0000 (524288.0000)  weight_decay: 0.0500 (0.0500)  grad_norm: 0.7312 (0.8105)  time: 0.7997  data: 0.4466  max mem: 11583
Epoch: [130]  [54/55]  eta: 0:00:00  lr: 0.000119  min_lr: 0.000119  loss: 0.5209 (0.5200)  loss_scale: 524288.0000 (524288.0000)  weight_decay: 0.0500 (0.0500)  grad_norm: 0.7915 (0.8305)  time: 0.7886  data: 0.4417  max mem: 11583
Epoch: [130] Total time: 0:00:50 (0.9110 s / it)
Averaged stats: lr: 0.000119  min_lr: 0.000119  loss: 0.5209 (0.5200)  loss_scale: 524288.0000 (524288.0000)  weight_decay: 0.0500 (0.0500)  grad_norm: 0.7915 (0.8305)
Epoch: [131]  [ 0/55]  eta: 0:07:31  lr: 0.000119  min_lr: 0.000119  loss: 0.5141 (0.5141)  loss_scale: 524288.0000 (524288.0000)  weight_decay: 0.0500 (0.0500)  grad_norm: 0.6338 (0.6338)  time: 8.2118  data: 7.7885  max mem: 11583
Epoch: [131]  [10/55]  eta: 0:01:06  lr: 0.000119  min_lr: 0.000119  loss: 0.5188 (0.5182)  loss_scale: 524288.0000 (524288.0000)  weight_decay: 0.0500 (0.0500)  grad_norm: 0.8032 (0.8537)  time: 1.4729  data: 1.1094  max mem: 11583
Epoch: [131]  [20/55]  eta: 0:00:40  lr: 0.000119  min_lr: 0.000119  loss: 0.5188 (0.5178)  loss_scale: 524288.0000 (524288.0000)  weight_decay: 0.0500 (0.0500)  grad_norm: 0.7537 (0.8018)  time: 0.8072  data: 0.4508  max mem: 11583
Epoch: [131]  [30/55]  eta: 0:00:26  lr: 0.000119  min_lr: 0.000119  loss: 0.5153 (0.5176)  loss_scale: 524288.0000 (524288.0000)  weight_decay: 0.0500 (0.0500)  grad_norm: 0.7450 (0.7854)  time: 0.8079  data: 0.4514  max mem: 11583
Epoch: [131]  [40/55]  eta: 0:00:14  lr: 0.000119  min_lr: 0.000119  loss: 0.5149 (0.5169)  loss_scale: 524288.0000 (524288.0000)  weight_decay: 0.0500 (0.0500)  grad_norm: 0.8119 (0.8117)  time: 0.7950  data: 0.4361  max mem: 11583
Epoch: [131]  [50/55]  eta: 0:00:04  lr: 0.000119  min_lr: 0.000119  loss: 0.5166 (0.5178)  loss_scale: 524288.0000 (524288.0000)  weight_decay: 0.0500 (0.0500)  grad_norm: 0.8510 (0.8169)  time: 0.8097  data: 0.4661  max mem: 11583
Epoch: [131]  [54/55]  eta: 0:00:00  lr: 0.000119  min_lr: 0.000119  loss: 0.5176 (0.5180)  loss_scale: 524288.0000 (524288.0000)  weight_decay: 0.0500 (0.0500)  grad_norm: 0.8532 (0.8327)  time: 0.7948  data: 0.4574  max mem: 11583
Epoch: [131] Total time: 0:00:50 (0.9098 s / it)
Averaged stats: lr: 0.000119  min_lr: 0.000119  loss: 0.5176 (0.5180)  loss_scale: 524288.0000 (524288.0000)  weight_decay: 0.0500 (0.0500)  grad_norm: 0.8532 (0.8327)
Epoch: [132]  [ 0/55]  eta: 0:07:34  lr: 0.000119  min_lr: 0.000119  loss: 0.5049 (0.5049)  loss_scale: 524288.0000 (524288.0000)  weight_decay: 0.0500 (0.0500)  grad_norm: 0.6915 (0.6915)  time: 8.2667  data: 7.7336  max mem: 11583
Epoch: [132]  [10/55]  eta: 0:01:07  lr: 0.000119  min_lr: 0.000119  loss: 0.5230 (0.5220)  loss_scale: 524288.0000 (524288.0000)  weight_decay: 0.0500 (0.0500)  grad_norm: 0.9065 (0.8573)  time: 1.4918  data: 1.1051  max mem: 11583
Epoch: [132]  [20/55]  eta: 0:00:40  lr: 0.000119  min_lr: 0.000119  loss: 0.5209 (0.5201)  loss_scale: 524288.0000 (524288.0000)  weight_decay: 0.0500 (0.0500)  grad_norm: 0.7952 (0.8385)  time: 0.8059  data: 0.4351  max mem: 11583
Epoch: [132]  [30/55]  eta: 0:00:26  lr: 0.000119  min_lr: 0.000119  loss: 0.5193 (0.5200)  loss_scale: 524288.0000 (524288.0000)  weight_decay: 0.0500 (0.0500)  grad_norm: 0.7810 (0.8242)  time: 0.8235  data: 0.4604  max mem: 11583
Epoch: [132]  [40/55]  eta: 0:00:14  lr: 0.000118  min_lr: 0.000118  loss: 0.5191 (0.5194)  loss_scale: 524288.0000 (524288.0000)  weight_decay: 0.0500 (0.0500)  grad_norm: 0.8066 (0.8233)  time: 0.8199  data: 0.4613  max mem: 11583
Epoch: [132]  [50/55]  eta: 0:00:04  lr: 0.000118  min_lr: 0.000118  loss: 0.5191 (0.5201)  loss_scale: 524288.0000 (524288.0000)  weight_decay: 0.0500 (0.0500)  grad_norm: 0.8453 (0.8638)  time: 0.7805  data: 0.4308  max mem: 11583
Epoch: [132]  [54/55]  eta: 0:00:00  lr: 0.000118  min_lr: 0.000118  loss: 0.5215 (0.5206)  loss_scale: 524288.0000 (524288.0000)  weight_decay: 0.0500 (0.0500)  grad_norm: 0.9553 (0.8778)  time: 0.7745  data: 0.4266  max mem: 11583
Epoch: [132] Total time: 0:00:50 (0.9234 s / it)
Averaged stats: lr: 0.000118  min_lr: 0.000118  loss: 0.5215 (0.5206)  loss_scale: 524288.0000 (524288.0000)  weight_decay: 0.0500 (0.0500)  grad_norm: 0.9553 (0.8778)
Epoch: [133]  [ 0/55]  eta: 0:07:11  lr: 0.000118  min_lr: 0.000118  loss: 0.5053 (0.5053)  loss_scale: 524288.0000 (524288.0000)  weight_decay: 0.0500 (0.0500)  grad_norm: 0.8691 (0.8691)  time: 7.8386  data: 7.4111  max mem: 11583
Epoch: [133]  [10/55]  eta: 0:01:05  lr: 0.000118  min_lr: 0.000118  loss: 0.5214 (0.5214)  loss_scale: 524288.0000 (524288.0000)  weight_decay: 0.0500 (0.0500)  grad_norm: 0.8691 (0.8925)  time: 1.4637  data: 1.1059  max mem: 11583
Epoch: [133]  [20/55]  eta: 0:00:39  lr: 0.000118  min_lr: 0.000118  loss: 0.5214 (0.5209)  loss_scale: 524288.0000 (524288.0000)  weight_decay: 0.0500 (0.0500)  grad_norm: 0.8261 (0.8369)  time: 0.8032  data: 0.4484  max mem: 11583
Epoch: [133]  [30/55]  eta: 0:00:25  lr: 0.000118  min_lr: 0.000118  loss: 0.5196 (0.5197)  loss_scale: 524288.0000 (524288.0000)  weight_decay: 0.0500 (0.0500)  grad_norm: 0.7527 (0.8054)  time: 0.7979  data: 0.4388  max mem: 11583
Epoch: [133]  [40/55]  eta: 0:00:14  lr: 0.000118  min_lr: 0.000118  loss: 0.5184 (0.5182)  loss_scale: 524288.0000 (524288.0000)  weight_decay: 0.0500 (0.0500)  grad_norm: 0.7698 (0.8221)  time: 0.8504  data: 0.4853  max mem: 11583
Epoch: [133]  [50/55]  eta: 0:00:04  lr: 0.000118  min_lr: 0.000118  loss: 0.5166 (0.5179)  loss_scale: 524288.0000 (524288.0000)  weight_decay: 0.0500 (0.0500)  grad_norm: 0.8157 (0.8363)  time: 0.8350  data: 0.4741  max mem: 11583
Epoch: [133]  [54/55]  eta: 0:00:00  lr: 0.000118  min_lr: 0.000118  loss: 0.5166 (0.5178)  loss_scale: 524288.0000 (524288.0000)  weight_decay: 0.0500 (0.0500)  grad_norm: 0.8157 (0.8349)  time: 0.8229  data: 0.4741  max mem: 11583
Epoch: [133] Total time: 0:00:50 (0.9119 s / it)
Averaged stats: lr: 0.000118  min_lr: 0.000118  loss: 0.5166 (0.5178)  loss_scale: 524288.0000 (524288.0000)  weight_decay: 0.0500 (0.0500)  grad_norm: 0.8157 (0.8349)
Epoch: [134]  [ 0/55]  eta: 0:07:20  lr: 0.000118  min_lr: 0.000118  loss: 0.5057 (0.5057)  loss_scale: 524288.0000 (524288.0000)  weight_decay: 0.0500 (0.0500)  grad_norm: 1.3351 (1.3351)  time: 8.0035  data: 7.6050  max mem: 11583
Epoch: [134]  [10/55]  eta: 0:01:03  lr: 0.000118  min_lr: 0.000118  loss: 0.5142 (0.5152)  loss_scale: 524288.0000 (524288.0000)  weight_decay: 0.0500 (0.0500)  grad_norm: 0.9272 (0.9037)  time: 1.4182  data: 1.0624  max mem: 11583
Epoch: [134]  [20/55]  eta: 0:00:39  lr: 0.000118  min_lr: 0.000118  loss: 0.5159 (0.5157)  loss_scale: 524288.0000 (524288.0000)  weight_decay: 0.0500 (0.0500)  grad_norm: 0.8270 (0.8651)  time: 0.7995  data: 0.4449  max mem: 11583
Epoch: [134]  [30/55]  eta: 0:00:25  lr: 0.000118  min_lr: 0.000118  loss: 0.5163 (0.5152)  loss_scale: 524288.0000 (524288.0000)  weight_decay: 0.0500 (0.0500)  grad_norm: 0.8260 (0.8465)  time: 0.8249  data: 0.4589  max mem: 11583
Epoch: [134]  [40/55]  eta: 0:00:14  lr: 0.000118  min_lr: 0.000118  loss: 0.5131 (0.5143)  loss_scale: 524288.0000 (524288.0000)  weight_decay: 0.0500 (0.0500)  grad_norm: 0.7732 (0.8328)  time: 0.8351  data: 0.4682  max mem: 11583
Epoch: [134]  [50/55]  eta: 0:00:04  lr: 0.000117  min_lr: 0.000117  loss: 0.5131 (0.5146)  loss_scale: 524288.0000 (524288.0000)  weight_decay: 0.0500 (0.0500)  grad_norm: 0.7532 (0.8262)  time: 0.8324  data: 0.4781  max mem: 11583
Epoch: [134]  [54/55]  eta: 0:00:00  lr: 0.000117  min_lr: 0.000117  loss: 0.5156 (0.5150)  loss_scale: 524288.0000 (524288.0000)  weight_decay: 0.0500 (0.0500)  grad_norm: 0.7732 (0.8355)  time: 0.8198  data: 0.4689  max mem: 11583
Epoch: [134] Total time: 0:00:50 (0.9131 s / it)
Averaged stats: lr: 0.000117  min_lr: 0.000117  loss: 0.5156 (0.5150)  loss_scale: 524288.0000 (524288.0000)  weight_decay: 0.0500 (0.0500)  grad_norm: 0.7732 (0.8355)
Epoch: [135]  [ 0/55]  eta: 0:07:18  lr: 0.000117  min_lr: 0.000117  loss: 0.5145 (0.5145)  loss_scale: 524288.0000 (524288.0000)  weight_decay: 0.0500 (0.0500)  grad_norm: 0.6810 (0.6810)  time: 7.9698  data: 7.5641  max mem: 11583
Epoch: [135]  [10/55]  eta: 0:01:03  lr: 0.000117  min_lr: 0.000117  loss: 0.5200 (0.5218)  loss_scale: 524288.0000 (524288.0000)  weight_decay: 0.0500 (0.0500)  grad_norm: 0.8871 (0.8779)  time: 1.4213  data: 1.0613  max mem: 11583
Epoch: [135]  [20/55]  eta: 0:00:38  lr: 0.000117  min_lr: 0.000117  loss: 0.5186 (0.5196)  loss_scale: 524288.0000 (524288.0000)  weight_decay: 0.0500 (0.0500)  grad_norm: 0.9004 (0.8892)  time: 0.7696  data: 0.4104  max mem: 11583
Epoch: [135]  [30/55]  eta: 0:00:25  lr: 0.000117  min_lr: 0.000117  loss: 0.5186 (0.5189)  loss_scale: 524288.0000 (524288.0000)  weight_decay: 0.0500 (0.0500)  grad_norm: 0.9063 (0.8744)  time: 0.8005  data: 0.4389  max mem: 11583
Epoch: [135]  [40/55]  eta: 0:00:14  lr: 0.000117  min_lr: 0.000117  loss: 0.5153 (0.5172)  loss_scale: 524288.0000 (524288.0000)  weight_decay: 0.0500 (0.0500)  grad_norm: 0.8441 (0.8623)  time: 0.8187  data: 0.4615  max mem: 11583
Epoch: [135]  [50/55]  eta: 0:00:04  lr: 0.000117  min_lr: 0.000117  loss: 0.5161 (0.5180)  loss_scale: 524288.0000 (524288.0000)  weight_decay: 0.0500 (0.0500)  grad_norm: 0.8362 (0.8543)  time: 0.8028  data: 0.4581  max mem: 11583
Epoch: [135]  [54/55]  eta: 0:00:00  lr: 0.000117  min_lr: 0.000117  loss: 0.5170 (0.5177)  loss_scale: 524288.0000 (524288.0000)  weight_decay: 0.0500 (0.0500)  grad_norm: 0.8056 (0.8453)  time: 0.7882  data: 0.4446  max mem: 11583
Epoch: [135] Total time: 0:00:49 (0.9071 s / it)
Averaged stats: lr: 0.000117  min_lr: 0.000117  loss: 0.5170 (0.5177)  loss_scale: 524288.0000 (524288.0000)  weight_decay: 0.0500 (0.0500)  grad_norm: 0.8056 (0.8453)
Epoch: [136]  [ 0/55]  eta: 0:07:10  lr: 0.000117  min_lr: 0.000117  loss: 0.5083 (0.5083)  loss_scale: 524288.0000 (524288.0000)  weight_decay: 0.0500 (0.0500)  grad_norm: 0.7964 (0.7964)  time: 7.8341  data: 7.4146  max mem: 11583
Epoch: [136]  [10/55]  eta: 0:01:07  lr: 0.000117  min_lr: 0.000117  loss: 0.5152 (0.5134)  loss_scale: 524288.0000 (524288.0000)  weight_decay: 0.0500 (0.0500)  grad_norm: 0.7579 (0.7234)  time: 1.4933  data: 1.1422  max mem: 11583
Epoch: [136]  [20/55]  eta: 0:00:40  lr: 0.000117  min_lr: 0.000117  loss: 0.5168 (0.5155)  loss_scale: 524288.0000 (524288.0000)  weight_decay: 0.0500 (0.0500)  grad_norm: 0.7786 (0.7884)  time: 0.8177  data: 0.4666  max mem: 11583
Epoch: [136]  [30/55]  eta: 0:00:26  lr: 0.000117  min_lr: 0.000117  loss: 0.5151 (0.5145)  loss_scale: 524288.0000 (524288.0000)  weight_decay: 0.0500 (0.0500)  grad_norm: 0.8616 (0.8130)  time: 0.8182  data: 0.4565  max mem: 11583
Epoch: [136]  [40/55]  eta: 0:00:14  lr: 0.000117  min_lr: 0.000117  loss: 0.5124 (0.5145)  loss_scale: 524288.0000 (524288.0000)  weight_decay: 0.0500 (0.0500)  grad_norm: 0.8554 (0.8047)  time: 0.8405  data: 0.4753  max mem: 11583
Epoch: [136]  [50/55]  eta: 0:00:04  lr: 0.000116  min_lr: 0.000116  loss: 0.5128 (0.5149)  loss_scale: 524288.0000 (524288.0000)  weight_decay: 0.0500 (0.0500)  grad_norm: 0.7103 (0.7825)  time: 0.7950  data: 0.4401  max mem: 11583
Epoch: [136]  [54/55]  eta: 0:00:00  lr: 0.000116  min_lr: 0.000116  loss: 0.5171 (0.5153)  loss_scale: 524288.0000 (524288.0000)  weight_decay: 0.0500 (0.0500)  grad_norm: 0.7008 (0.7818)  time: 0.7692  data: 0.4187  max mem: 11583
Epoch: [136] Total time: 0:00:50 (0.9136 s / it)
Averaged stats: lr: 0.000116  min_lr: 0.000116  loss: 0.5171 (0.5153)  loss_scale: 524288.0000 (524288.0000)  weight_decay: 0.0500 (0.0500)  grad_norm: 0.7008 (0.7818)
Epoch: [137]  [ 0/55]  eta: 0:07:11  lr: 0.000116  min_lr: 0.000116  loss: 0.5066 (0.5066)  loss_scale: 524288.0000 (524288.0000)  weight_decay: 0.0500 (0.0500)  grad_norm: 0.9945 (0.9945)  time: 7.8502  data: 7.4616  max mem: 11583
Epoch: [137]  [10/55]  eta: 0:01:05  lr: 0.000116  min_lr: 0.000116  loss: 0.5168 (0.5145)  loss_scale: 524288.0000 (524288.0000)  weight_decay: 0.0500 (0.0500)  grad_norm: 0.8599 (0.8849)  time: 1.4451  data: 1.0810  max mem: 11583
Epoch: [137]  [20/55]  eta: 0:00:39  lr: 0.000116  min_lr: 0.000116  loss: 0.5172 (0.5168)  loss_scale: 524288.0000 (524288.0000)  weight_decay: 0.0500 (0.0500)  grad_norm: 0.8080 (0.8127)  time: 0.7873  data: 0.4267  max mem: 11583
Epoch: [137]  [30/55]  eta: 0:00:25  lr: 0.000116  min_lr: 0.000116  loss: 0.5165 (0.5163)  loss_scale: 524288.0000 (524288.0000)  weight_decay: 0.0500 (0.0500)  grad_norm: 0.7795 (0.8232)  time: 0.7798  data: 0.4228  max mem: 11583
Epoch: [137]  [40/55]  eta: 0:00:14  lr: 0.000116  min_lr: 0.000116  loss: 0.5141 (0.5151)  loss_scale: 524288.0000 (524288.0000)  weight_decay: 0.0500 (0.0500)  grad_norm: 0.8428 (0.8612)  time: 0.8447  data: 0.4806  max mem: 11583
Epoch: [137]  [50/55]  eta: 0:00:04  lr: 0.000116  min_lr: 0.000116  loss: 0.5160 (0.5155)  loss_scale: 524288.0000 (524288.0000)  weight_decay: 0.0500 (0.0500)  grad_norm: 0.9486 (0.8806)  time: 0.8379  data: 0.4756  max mem: 11583
Epoch: [137]  [54/55]  eta: 0:00:00  lr: 0.000116  min_lr: 0.000116  loss: 0.5161 (0.5158)  loss_scale: 524288.0000 (524288.0000)  weight_decay: 0.0500 (0.0500)  grad_norm: 0.8628 (0.8685)  time: 0.8112  data: 0.4606  max mem: 11583
Epoch: [137] Total time: 0:00:49 (0.9026 s / it)
Averaged stats: lr: 0.000116  min_lr: 0.000116  loss: 0.5161 (0.5158)  loss_scale: 524288.0000 (524288.0000)  weight_decay: 0.0500 (0.0500)  grad_norm: 0.8628 (0.8685)
Epoch: [138]  [ 0/55]  eta: 0:07:33  lr: 0.000116  min_lr: 0.000116  loss: 0.5105 (0.5105)  loss_scale: 524288.0000 (524288.0000)  weight_decay: 0.0500 (0.0500)  grad_norm: 0.8262 (0.8262)  time: 8.2530  data: 7.8247  max mem: 11583
Epoch: [138]  [10/55]  eta: 0:01:06  lr: 0.000116  min_lr: 0.000116  loss: 0.5105 (0.5173)  loss_scale: 524288.0000 (524288.0000)  weight_decay: 0.0500 (0.0500)  grad_norm: 0.8262 (0.8253)  time: 1.4781  data: 1.1166  max mem: 11583
Epoch: [138]  [20/55]  eta: 0:00:41  lr: 0.000116  min_lr: 0.000116  loss: 0.5151 (0.5153)  loss_scale: 524288.0000 (524288.0000)  weight_decay: 0.0500 (0.0500)  grad_norm: 0.8296 (0.8606)  time: 0.8197  data: 0.4591  max mem: 11583
Epoch: [138]  [30/55]  eta: 0:00:26  lr: 0.000116  min_lr: 0.000116  loss: 0.5151 (0.5148)  loss_scale: 524288.0000 (524288.0000)  weight_decay: 0.0500 (0.0500)  grad_norm: 0.8847 (0.8670)  time: 0.8311  data: 0.4686  max mem: 11583
Epoch: [138]  [40/55]  eta: 0:00:15  lr: 0.000116  min_lr: 0.000116  loss: 0.5120 (0.5138)  loss_scale: 524288.0000 (524288.0000)  weight_decay: 0.0500 (0.0500)  grad_norm: 0.7987 (0.8487)  time: 0.8472  data: 0.4909  max mem: 11583
Epoch: [138]  [50/55]  eta: 0:00:04  lr: 0.000116  min_lr: 0.000116  loss: 0.5114 (0.5138)  loss_scale: 524288.0000 (524288.0000)  weight_decay: 0.0500 (0.0500)  grad_norm: 0.7630 (0.8271)  time: 0.8247  data: 0.4753  max mem: 11583
Epoch: [138]  [54/55]  eta: 0:00:00  lr: 0.000115  min_lr: 0.000115  loss: 0.5109 (0.5137)  loss_scale: 524288.0000 (524288.0000)  weight_decay: 0.0500 (0.0500)  grad_norm: 0.7057 (0.8211)  time: 0.8110  data: 0.4674  max mem: 11583
Epoch: [138] Total time: 0:00:50 (0.9232 s / it)
Averaged stats: lr: 0.000115  min_lr: 0.000115  loss: 0.5109 (0.5137)  loss_scale: 524288.0000 (524288.0000)  weight_decay: 0.0500 (0.0500)  grad_norm: 0.7057 (0.8211)
Epoch: [139]  [ 0/55]  eta: 0:07:32  lr: 0.000115  min_lr: 0.000115  loss: 0.5102 (0.5102)  loss_scale: 524288.0000 (524288.0000)  weight_decay: 0.0500 (0.0500)  grad_norm: 0.6943 (0.6943)  time: 8.2200  data: 7.8059  max mem: 11583
Epoch: [139]  [10/55]  eta: 0:01:05  lr: 0.000115  min_lr: 0.000115  loss: 0.5126 (0.5129)  loss_scale: 524288.0000 (524288.0000)  weight_decay: 0.0500 (0.0500)  grad_norm: 0.7060 (0.7448)  time: 1.4463  data: 1.0823  max mem: 11583
Epoch: [139]  [20/55]  eta: 0:00:39  lr: 0.000115  min_lr: 0.000115  loss: 0.5114 (0.5121)  loss_scale: 524288.0000 (524288.0000)  weight_decay: 0.0500 (0.0500)  grad_norm: 0.7234 (0.7587)  time: 0.7696  data: 0.4085  max mem: 11583
Epoch: [139]  [30/55]  eta: 0:00:25  lr: 0.000115  min_lr: 0.000115  loss: 0.5116 (0.5125)  loss_scale: 524288.0000 (524288.0000)  weight_decay: 0.0500 (0.0500)  grad_norm: 0.7396 (0.7664)  time: 0.8031  data: 0.4392  max mem: 11583
Epoch: [139]  [40/55]  eta: 0:00:14  lr: 0.000115  min_lr: 0.000115  loss: 0.5132 (0.5134)  loss_scale: 524288.0000 (524288.0000)  weight_decay: 0.0500 (0.0500)  grad_norm: 0.8120 (0.7792)  time: 0.8148  data: 0.4518  max mem: 11583
Epoch: [139]  [50/55]  eta: 0:00:04  lr: 0.000115  min_lr: 0.000115  loss: 0.5138 (0.5139)  loss_scale: 524288.0000 (524288.0000)  weight_decay: 0.0500 (0.0500)  grad_norm: 0.8120 (0.7976)  time: 0.7894  data: 0.4391  max mem: 11583
Epoch: [139]  [54/55]  eta: 0:00:00  lr: 0.000115  min_lr: 0.000115  loss: 0.5138 (0.5140)  loss_scale: 524288.0000 (524288.0000)  weight_decay: 0.0500 (0.0500)  grad_norm: 0.8437 (0.8084)  time: 0.7761  data: 0.4302  max mem: 11583
Epoch: [139] Total time: 0:00:50 (0.9140 s / it)
Averaged stats: lr: 0.000115  min_lr: 0.000115  loss: 0.5138 (0.5140)  loss_scale: 524288.0000 (524288.0000)  weight_decay: 0.0500 (0.0500)  grad_norm: 0.8437 (0.8084)
Epoch: [140]  [ 0/55]  eta: 0:07:06  lr: 0.000115  min_lr: 0.000115  loss: 0.5153 (0.5153)  loss_scale: 524288.0000 (524288.0000)  weight_decay: 0.0500 (0.0500)  grad_norm: 0.7892 (0.7892)  time: 7.7551  data: 7.3730  max mem: 11583
Epoch: [140]  [10/55]  eta: 0:01:03  lr: 0.000115  min_lr: 0.000115  loss: 0.5125 (0.5141)  loss_scale: 524288.0000 (524288.0000)  weight_decay: 0.0500 (0.0500)  grad_norm: 0.8813 (0.8892)  time: 1.4183  data: 1.1338  max mem: 11583
Epoch: [140]  [20/55]  eta: 0:00:38  lr: 0.000115  min_lr: 0.000115  loss: 0.5126 (0.5147)  loss_scale: 524288.0000 (524288.0000)  weight_decay: 0.0500 (0.0500)  grad_norm: 0.8349 (0.8382)  time: 0.7774  data: 0.4621  max mem: 11583
Epoch: [140]  [30/55]  eta: 0:00:25  lr: 0.000115  min_lr: 0.000115  loss: 0.5138 (0.5135)  loss_scale: 524288.0000 (524288.0000)  weight_decay: 0.0500 (0.0500)  grad_norm: 0.7782 (0.8047)  time: 0.8133  data: 0.4569  max mem: 11583
Epoch: [140]  [40/55]  eta: 0:00:14  lr: 0.000115  min_lr: 0.000115  loss: 0.5111 (0.5129)  loss_scale: 524288.0000 (524288.0000)  weight_decay: 0.0500 (0.0500)  grad_norm: 0.8013 (0.8366)  time: 0.8444  data: 0.4799  max mem: 11583
Epoch: [140]  [50/55]  eta: 0:00:04  lr: 0.000115  min_lr: 0.000115  loss: 0.5128 (0.5137)  loss_scale: 524288.0000 (524288.0000)  weight_decay: 0.0500 (0.0500)  grad_norm: 0.8565 (0.8599)  time: 0.8066  data: 0.4500  max mem: 11583
Epoch: [140]  [54/55]  eta: 0:00:00  lr: 0.000115  min_lr: 0.000115  loss: 0.5158 (0.5140)  loss_scale: 524288.0000 (524288.0000)  weight_decay: 0.0500 (0.0500)  grad_norm: 0.9497 (0.8660)  time: 0.7686  data: 0.4297  max mem: 11583
Epoch: [140] Total time: 0:00:49 (0.9001 s / it)
Averaged stats: lr: 0.000115  min_lr: 0.000115  loss: 0.5158 (0.5140)  loss_scale: 524288.0000 (524288.0000)  weight_decay: 0.0500 (0.0500)  grad_norm: 0.9497 (0.8660)
Epoch: [141]  [ 0/55]  eta: 0:07:17  lr: 0.000115  min_lr: 0.000115  loss: 0.5046 (0.5046)  loss_scale: 524288.0000 (524288.0000)  weight_decay: 0.0500 (0.0500)  grad_norm: 0.6333 (0.6333)  time: 7.9538  data: 7.5402  max mem: 11583
Epoch: [141]  [10/55]  eta: 0:01:06  lr: 0.000114  min_lr: 0.000114  loss: 0.5096 (0.5103)  loss_scale: 524288.0000 (524288.0000)  weight_decay: 0.0500 (0.0500)  grad_norm: 0.8540 (0.8615)  time: 1.4807  data: 1.1091  max mem: 11583
Epoch: [141]  [20/55]  eta: 0:00:40  lr: 0.000114  min_lr: 0.000114  loss: 0.5132 (0.5132)  loss_scale: 524288.0000 (524288.0000)  weight_decay: 0.0500 (0.0500)  grad_norm: 0.7924 (0.8285)  time: 0.8042  data: 0.4412  max mem: 11583
Epoch: [141]  [30/55]  eta: 0:00:25  lr: 0.000114  min_lr: 0.000114  loss: 0.5136 (0.5127)  loss_scale: 524288.0000 (524288.0000)  weight_decay: 0.0500 (0.0500)  grad_norm: 0.8190 (0.8479)  time: 0.7878  data: 0.4261  max mem: 11583
Epoch: [141]  [40/55]  eta: 0:00:14  lr: 0.000114  min_lr: 0.000114  loss: 0.5127 (0.5117)  loss_scale: 524288.0000 (524288.0000)  weight_decay: 0.0500 (0.0500)  grad_norm: 0.8557 (0.8550)  time: 0.8398  data: 0.4756  max mem: 11583
Epoch: [141]  [50/55]  eta: 0:00:04  lr: 0.000114  min_lr: 0.000114  loss: 0.5102 (0.5126)  loss_scale: 524288.0000 (524288.0000)  weight_decay: 0.0500 (0.0500)  grad_norm: 0.8846 (0.8635)  time: 0.8169  data: 0.4640  max mem: 11583
Epoch: [141]  [54/55]  eta: 0:00:00  lr: 0.000114  min_lr: 0.000114  loss: 0.5110 (0.5130)  loss_scale: 524288.0000 (524288.0000)  weight_decay: 0.0500 (0.0500)  grad_norm: 0.8846 (0.8673)  time: 0.8110  data: 0.4640  max mem: 11583
Epoch: [141] Total time: 0:00:49 (0.9056 s / it)
Averaged stats: lr: 0.000114  min_lr: 0.000114  loss: 0.5110 (0.5130)  loss_scale: 524288.0000 (524288.0000)  weight_decay: 0.0500 (0.0500)  grad_norm: 0.8846 (0.8673)
Epoch: [142]  [ 0/55]  eta: 0:07:35  lr: 0.000114  min_lr: 0.000114  loss: 0.5151 (0.5151)  loss_scale: 524288.0000 (524288.0000)  weight_decay: 0.0500 (0.0500)  grad_norm: 0.9712 (0.9712)  time: 8.2889  data: 7.8879  max mem: 11583
Epoch: [142]  [10/55]  eta: 0:01:05  lr: 0.000114  min_lr: 0.000114  loss: 0.5064 (0.5078)  loss_scale: 524288.0000 (524288.0000)  weight_decay: 0.0500 (0.0500)  grad_norm: 0.9182 (0.8999)  time: 1.4452  data: 1.0868  max mem: 11583
Epoch: [142]  [20/55]  eta: 0:00:39  lr: 0.000114  min_lr: 0.000114  loss: 0.5067 (0.5084)  loss_scale: 524288.0000 (524288.0000)  weight_decay: 0.0500 (0.0500)  grad_norm: 0.7711 (0.8234)  time: 0.7818  data: 0.4261  max mem: 11583
Epoch: [142]  [30/55]  eta: 0:00:25  lr: 0.000114  min_lr: 0.000114  loss: 0.5087 (0.5079)  loss_scale: 524288.0000 (524288.0000)  weight_decay: 0.0500 (0.0500)  grad_norm: 0.7522 (0.8315)  time: 0.8055  data: 0.4476  max mem: 11583
Epoch: [142]  [40/55]  eta: 0:00:14  lr: 0.000114  min_lr: 0.000114  loss: 0.5094 (0.5087)  loss_scale: 524288.0000 (524288.0000)  weight_decay: 0.0500 (0.0500)  grad_norm: 0.8098 (0.8365)  time: 0.8191  data: 0.4620  max mem: 11583
Epoch: [142]  [50/55]  eta: 0:00:04  lr: 0.000114  min_lr: 0.000114  loss: 0.5147 (0.5106)  loss_scale: 524288.0000 (524288.0000)  weight_decay: 0.0500 (0.0500)  grad_norm: 0.8098 (0.8278)  time: 0.8033  data: 0.4540  max mem: 11583
Epoch: [142]  [54/55]  eta: 0:00:00  lr: 0.000114  min_lr: 0.000114  loss: 0.5158 (0.5109)  loss_scale: 524288.0000 (524288.0000)  weight_decay: 0.0500 (0.0500)  grad_norm: 0.8122 (0.8304)  time: 0.7884  data: 0.4433  max mem: 11583
Epoch: [142] Total time: 0:00:49 (0.9045 s / it)
Averaged stats: lr: 0.000114  min_lr: 0.000114  loss: 0.5158 (0.5109)  loss_scale: 524288.0000 (524288.0000)  weight_decay: 0.0500 (0.0500)  grad_norm: 0.8122 (0.8304)
Epoch: [143]  [ 0/55]  eta: 0:07:36  lr: 0.000114  min_lr: 0.000114  loss: 0.5148 (0.5148)  loss_scale: 524288.0000 (524288.0000)  weight_decay: 0.0500 (0.0500)  grad_norm: 0.7665 (0.7665)  time: 8.3065  data: 7.8830  max mem: 11583
Epoch: [143]  [10/55]  eta: 0:01:05  lr: 0.000113  min_lr: 0.000113  loss: 0.5122 (0.5120)  loss_scale: 524288.0000 (524288.0000)  weight_decay: 0.0500 (0.0500)  grad_norm: 0.8165 (0.8333)  time: 1.4471  data: 1.0803  max mem: 11583
Epoch: [143]  [20/55]  eta: 0:00:39  lr: 0.000113  min_lr: 0.000113  loss: 0.5126 (0.5135)  loss_scale: 524288.0000 (524288.0000)  weight_decay: 0.0500 (0.0500)  grad_norm: 0.8644 (0.8939)  time: 0.7664  data: 0.4070  max mem: 11583
Epoch: [143]  [30/55]  eta: 0:00:26  lr: 0.000113  min_lr: 0.000113  loss: 0.5145 (0.5134)  loss_scale: 524288.0000 (524288.0000)  weight_decay: 0.0500 (0.0500)  grad_norm: 0.9193 (0.8927)  time: 0.8236  data: 0.4694  max mem: 11583
Epoch: [143]  [40/55]  eta: 0:00:14  lr: 0.000113  min_lr: 0.000113  loss: 0.5080 (0.5112)  loss_scale: 524288.0000 (524288.0000)  weight_decay: 0.0500 (0.0500)  grad_norm: 0.7840 (0.8562)  time: 0.8450  data: 0.4878  max mem: 11583
Epoch: [143]  [50/55]  eta: 0:00:04  lr: 0.000113  min_lr: 0.000113  loss: 0.5057 (0.5110)  loss_scale: 524288.0000 (524288.0000)  weight_decay: 0.0500 (0.0500)  grad_norm: 0.6997 (0.8409)  time: 0.7951  data: 0.4389  max mem: 11583
Epoch: [143]  [54/55]  eta: 0:00:00  lr: 0.000113  min_lr: 0.000113  loss: 0.5081 (0.5112)  loss_scale: 524288.0000 (524288.0000)  weight_decay: 0.0500 (0.0500)  grad_norm: 0.7206 (0.8452)  time: 0.7743  data: 0.4203  max mem: 11583
Epoch: [143] Total time: 0:00:49 (0.9073 s / it)
Averaged stats: lr: 0.000113  min_lr: 0.000113  loss: 0.5081 (0.5112)  loss_scale: 524288.0000 (524288.0000)  weight_decay: 0.0500 (0.0500)  grad_norm: 0.7206 (0.8452)
Epoch: [144]  [ 0/55]  eta: 0:07:09  lr: 0.000113  min_lr: 0.000113  loss: 0.5211 (0.5211)  loss_scale: 524288.0000 (524288.0000)  weight_decay: 0.0500 (0.0500)  grad_norm: 0.9477 (0.9477)  time: 7.8063  data: 7.4260  max mem: 11583
Epoch: [144]  [10/55]  eta: 0:01:05  lr: 0.000113  min_lr: 0.000113  loss: 0.5143 (0.5137)  loss_scale: 524288.0000 (524288.0000)  weight_decay: 0.0500 (0.0500)  grad_norm: 1.0192 (0.9820)  time: 1.4448  data: 1.0966  max mem: 11583
Epoch: [144]  [20/55]  eta: 0:00:39  lr: 0.000113  min_lr: 0.000113  loss: 0.5125 (0.5141)  loss_scale: 524288.0000 (524288.0000)  weight_decay: 0.0500 (0.0500)  grad_norm: 0.9075 (0.9189)  time: 0.7868  data: 0.4366  max mem: 11583
Epoch: [144]  [30/55]  eta: 0:00:25  lr: 0.000113  min_lr: 0.000113  loss: 0.5122 (0.5134)  loss_scale: 524288.0000 (524288.0000)  weight_decay: 0.0500 (0.0500)  grad_norm: 0.7841 (0.8823)  time: 0.7903  data: 0.4354  max mem: 11583
Epoch: [144]  [40/55]  eta: 0:00:14  lr: 0.000113  min_lr: 0.000113  loss: 0.5089 (0.5115)  loss_scale: 524288.0000 (524288.0000)  weight_decay: 0.0500 (0.0500)  grad_norm: 0.8421 (0.8853)  time: 0.8089  data: 0.4523  max mem: 11583
Epoch: [144]  [50/55]  eta: 0:00:04  lr: 0.000113  min_lr: 0.000113  loss: 0.5058 (0.5105)  loss_scale: 524288.0000 (524288.0000)  weight_decay: 0.0500 (0.0500)  grad_norm: 0.8706 (0.8835)  time: 0.7794  data: 0.4291  max mem: 11583
Epoch: [144]  [54/55]  eta: 0:00:00  lr: 0.000113  min_lr: 0.000113  loss: 0.5083 (0.5105)  loss_scale: 524288.0000 (524288.0000)  weight_decay: 0.0500 (0.0500)  grad_norm: 0.8172 (0.8759)  time: 0.7692  data: 0.4324  max mem: 11583
Epoch: [144] Total time: 0:00:49 (0.9031 s / it)
Averaged stats: lr: 0.000113  min_lr: 0.000113  loss: 0.5083 (0.5105)  loss_scale: 524288.0000 (524288.0000)  weight_decay: 0.0500 (0.0500)  grad_norm: 0.8172 (0.8759)
Epoch: [145]  [ 0/55]  eta: 0:07:18  lr: 0.000113  min_lr: 0.000113  loss: 0.4973 (0.4973)  loss_scale: 524288.0000 (524288.0000)  weight_decay: 0.0500 (0.0500)  grad_norm: 0.6574 (0.6574)  time: 7.9748  data: 7.6012  max mem: 11583
Epoch: [145]  [10/55]  eta: 0:01:04  lr: 0.000112  min_lr: 0.000112  loss: 0.5020 (0.5038)  loss_scale: 524288.0000 (524288.0000)  weight_decay: 0.0500 (0.0500)  grad_norm: 0.6259 (0.6330)  time: 1.4238  data: 1.0622  max mem: 11583
Epoch: [145]  [20/55]  eta: 0:00:40  lr: 0.000112  min_lr: 0.000112  loss: 0.5039 (0.5038)  loss_scale: 524288.0000 (524288.0000)  weight_decay: 0.0500 (0.0500)  grad_norm: 0.6739 (0.7599)  time: 0.8045  data: 0.4454  max mem: 11583
Epoch: [145]  [30/55]  eta: 0:00:25  lr: 0.000112  min_lr: 0.000112  loss: 0.5088 (0.5055)  loss_scale: 524288.0000 (642675.6129)  weight_decay: 0.0500 (0.0500)  grad_norm: 0.8540 (0.7845)  time: 0.8190  data: 0.4585  max mem: 11583
Epoch: [145]  [40/55]  eta: 0:00:14  lr: 0.000112  min_lr: 0.000112  loss: 0.5064 (0.5051)  loss_scale: 1048576.0000 (741675.7073)  weight_decay: 0.0500 (0.0500)  grad_norm: 0.7586 (0.7707)  time: 0.8015  data: 0.4454  max mem: 11583
Epoch: [145]  [50/55]  eta: 0:00:04  lr: 0.000112  min_lr: 0.000112  loss: 0.5034 (0.5057)  loss_scale: 1048576.0000 (801852.2353)  weight_decay: 0.0500 (0.0500)  grad_norm: 0.7837 (0.7871)  time: 0.7760  data: 0.4322  max mem: 11583
Epoch: [145]  [54/55]  eta: 0:00:00  lr: 0.000112  min_lr: 0.000112  loss: 0.5037 (0.5060)  loss_scale: 1048576.0000 (819795.7818)  weight_decay: 0.0500 (0.0500)  grad_norm: 0.8567 (0.8050)  time: 0.7710  data: 0.4329  max mem: 11583
Epoch: [145] Total time: 0:00:49 (0.8969 s / it)
Averaged stats: lr: 0.000112  min_lr: 0.000112  loss: 0.5037 (0.5060)  loss_scale: 1048576.0000 (819795.7818)  weight_decay: 0.0500 (0.0500)  grad_norm: 0.8567 (0.8050)
Epoch: [146]  [ 0/55]  eta: 0:07:35  lr: 0.000112  min_lr: 0.000112  loss: 0.5048 (0.5048)  loss_scale: 1048576.0000 (1048576.0000)  weight_decay: 0.0500 (0.0500)  grad_norm: 0.8827 (0.8827)  time: 8.2813  data: 7.8661  max mem: 11583
Epoch: [146]  [10/55]  eta: 0:01:05  lr: 0.000112  min_lr: 0.000112  loss: 0.5086 (0.5101)  loss_scale: 1048576.0000 (1048576.0000)  weight_decay: 0.0500 (0.0500)  grad_norm: 1.0652 (1.0606)  time: 1.4597  data: 1.1060  max mem: 11583
Epoch: [146]  [20/55]  eta: 0:00:40  lr: 0.000112  min_lr: 0.000112  loss: 0.5086 (0.5095)  loss_scale: 1048576.0000 (1048576.0000)  weight_decay: 0.0500 (0.0500)  grad_norm: 1.0652 (1.0719)  time: 0.7897  data: 0.4329  max mem: 11583
Epoch: [146]  [30/55]  eta: 0:00:26  lr: 0.000112  min_lr: 0.000112  loss: 0.5079 (0.5088)  loss_scale: 1048576.0000 (1048576.0000)  weight_decay: 0.0500 (0.0500)  grad_norm: 0.9109 (0.9977)  time: 0.8131  data: 0.4545  max mem: 11583
Epoch: [146]  [40/55]  eta: 0:00:14  lr: 0.000112  min_lr: 0.000112  loss: 0.5060 (0.5074)  loss_scale: 1048576.0000 (1048576.0000)  weight_decay: 0.0500 (0.0500)  grad_norm: 0.7727 (0.9486)  time: 0.8068  data: 0.4526  max mem: 11583
Epoch: [146]  [50/55]  eta: 0:00:04  lr: 0.000112  min_lr: 0.000112  loss: 0.5031 (0.5077)  loss_scale: 1048576.0000 (1048576.0000)  weight_decay: 0.0500 (0.0500)  grad_norm: 0.7876 (0.9323)  time: 0.7929  data: 0.4538  max mem: 11583
Epoch: [146]  [54/55]  eta: 0:00:00  lr: 0.000112  min_lr: 0.000112  loss: 0.5031 (0.5080)  loss_scale: 1048576.0000 (1048576.0000)  weight_decay: 0.0500 (0.0500)  grad_norm: 0.8762 (0.9359)  time: 0.7678  data: 0.4314  max mem: 11583
Epoch: [146] Total time: 0:00:49 (0.9047 s / it)
Averaged stats: lr: 0.000112  min_lr: 0.000112  loss: 0.5031 (0.5080)  loss_scale: 1048576.0000 (1048576.0000)  weight_decay: 0.0500 (0.0500)  grad_norm: 0.8762 (0.9359)
Epoch: [147]  [ 0/55]  eta: 0:07:07  lr: 0.000112  min_lr: 0.000112  loss: 0.5035 (0.5035)  loss_scale: 1048576.0000 (1048576.0000)  weight_decay: 0.0500 (0.0500)  grad_norm: 0.8011 (0.8011)  time: 7.7745  data: 7.3852  max mem: 11583
Epoch: [147]  [10/55]  eta: 0:01:05  lr: 0.000111  min_lr: 0.000111  loss: 0.5086 (0.5063)  loss_scale: 1048576.0000 (1048576.0000)  weight_decay: 0.0500 (0.0500)  grad_norm: 0.7807 (0.7962)  time: 1.4604  data: 1.1238  max mem: 11583
Epoch: [147]  [20/55]  eta: 0:00:39  lr: 0.000111  min_lr: 0.000111  loss: 0.5086 (0.5082)  loss_scale: 1048576.0000 (1048576.0000)  weight_decay: 0.0500 (0.0500)  grad_norm: 0.8022 (0.8161)  time: 0.8016  data: 0.4586  max mem: 11583
Epoch: [147]  [30/55]  eta: 0:00:26  lr: 0.000111  min_lr: 0.000111  loss: 0.5089 (0.5087)  loss_scale: 1048576.0000 (1048576.0000)  weight_decay: 0.0500 (0.0500)  grad_norm: 0.7382 (0.7766)  time: 0.8097  data: 0.4504  max mem: 11583
Epoch: [147]  [40/55]  eta: 0:00:14  lr: 0.000111  min_lr: 0.000111  loss: 0.5061 (0.5076)  loss_scale: 1048576.0000 (1048576.0000)  weight_decay: 0.0500 (0.0500)  grad_norm: 0.7089 (0.7690)  time: 0.8184  data: 0.4571  max mem: 11583
Epoch: [147]  [50/55]  eta: 0:00:04  lr: 0.000111  min_lr: 0.000111  loss: 0.5074 (0.5086)  loss_scale: 1048576.0000 (1048576.0000)  weight_decay: 0.0500 (0.0500)  grad_norm: 0.7991 (0.7919)  time: 0.7818  data: 0.4327  max mem: 11583
Epoch: [147]  [54/55]  eta: 0:00:00  lr: 0.000111  min_lr: 0.000111  loss: 0.5078 (0.5083)  loss_scale: 1048576.0000 (1048576.0000)  weight_decay: 0.0500 (0.0500)  grad_norm: 0.8211 (0.8062)  time: 0.7590  data: 0.4240  max mem: 11583
Epoch: [147] Total time: 0:00:49 (0.9021 s / it)
Averaged stats: lr: 0.000111  min_lr: 0.000111  loss: 0.5078 (0.5083)  loss_scale: 1048576.0000 (1048576.0000)  weight_decay: 0.0500 (0.0500)  grad_norm: 0.8211 (0.8062)
Epoch: [148]  [ 0/55]  eta: 0:07:04  lr: 0.000111  min_lr: 0.000111  loss: 0.5003 (0.5003)  loss_scale: 1048576.0000 (1048576.0000)  weight_decay: 0.0500 (0.0500)  grad_norm: 0.9139 (0.9139)  time: 7.7102  data: 7.3566  max mem: 11583
Epoch: [148]  [10/55]  eta: 0:01:06  lr: 0.000111  min_lr: 0.000111  loss: 0.5044 (0.5046)  loss_scale: 1048576.0000 (1048576.0000)  weight_decay: 0.0500 (0.0500)  grad_norm: 0.8946 (0.9486)  time: 1.4742  data: 1.1192  max mem: 11583
Epoch: [148]  [20/55]  eta: 0:00:41  lr: 0.000111  min_lr: 0.000111  loss: 0.5061 (0.5068)  loss_scale: 1048576.0000 (1048576.0000)  weight_decay: 0.0500 (0.0500)  grad_norm: 0.8456 (0.8771)  time: 0.8478  data: 0.5390  max mem: 11583
Epoch: [148]  [30/55]  eta: 0:00:26  lr: 0.000111  min_lr: 0.000111  loss: 0.5086 (0.5070)  loss_scale: 1048576.0000 (1048576.0000)  weight_decay: 0.0500 (0.0500)  grad_norm: 0.8398 (0.8737)  time: 0.8202  data: 0.5112  max mem: 11583
Epoch: [148]  [40/55]  eta: 0:00:14  lr: 0.000111  min_lr: 0.000111  loss: 0.5018 (0.5049)  loss_scale: 1048576.0000 (1048576.0000)  weight_decay: 0.0500 (0.0500)  grad_norm: 0.7618 (0.8425)  time: 0.8100  data: 0.4537  max mem: 11583
Epoch: [148]  [50/55]  eta: 0:00:04  lr: 0.000111  min_lr: 0.000111  loss: 0.4971 (0.5046)  loss_scale: 1048576.0000 (1048576.0000)  weight_decay: 0.0500 (0.0500)  grad_norm: 0.7164 (0.8202)  time: 0.8003  data: 0.4475  max mem: 11583
Epoch: [148]  [54/55]  eta: 0:00:00  lr: 0.000111  min_lr: 0.000111  loss: 0.5015 (0.5051)  loss_scale: 1048576.0000 (1048576.0000)  weight_decay: 0.0500 (0.0500)  grad_norm: 0.6947 (0.8232)  time: 0.7981  data: 0.4474  max mem: 11583
Epoch: [148] Total time: 0:00:50 (0.9108 s / it)
Averaged stats: lr: 0.000111  min_lr: 0.000111  loss: 0.5015 (0.5051)  loss_scale: 1048576.0000 (1048576.0000)  weight_decay: 0.0500 (0.0500)  grad_norm: 0.6947 (0.8232)
Epoch: [149]  [ 0/55]  eta: 0:07:24  lr: 0.000111  min_lr: 0.000111  loss: 0.5052 (0.5052)  loss_scale: 1048576.0000 (1048576.0000)  weight_decay: 0.0500 (0.0500)  grad_norm: 1.0302 (1.0302)  time: 8.0783  data: 7.6444  max mem: 11583
Epoch: [149]  [10/55]  eta: 0:01:04  lr: 0.000110  min_lr: 0.000110  loss: 0.5089 (0.5091)  loss_scale: 1048576.0000 (1048576.0000)  weight_decay: 0.0500 (0.0500)  grad_norm: 0.9391 (0.9244)  time: 1.4366  data: 1.0645  max mem: 11583
Epoch: [149]  [20/55]  eta: 0:00:40  lr: 0.000110  min_lr: 0.000110  loss: 0.5098 (0.5079)  loss_scale: 1048576.0000 (1048576.0000)  weight_decay: 0.0500 (0.0500)  grad_norm: 0.9391 (0.9506)  time: 0.7963  data: 0.4342  max mem: 11583
Epoch: [149]  [30/55]  eta: 0:00:25  lr: 0.000110  min_lr: 0.000110  loss: 0.5068 (0.5069)  loss_scale: 1048576.0000 (1048576.0000)  weight_decay: 0.0500 (0.0500)  grad_norm: 0.8146 (0.8950)  time: 0.8163  data: 0.4553  max mem: 11583
Epoch: [149]  [40/55]  eta: 0:00:14  lr: 0.000110  min_lr: 0.000110  loss: 0.5022 (0.5047)  loss_scale: 1048576.0000 (1048576.0000)  weight_decay: 0.0500 (0.0500)  grad_norm: 0.7807 (0.8612)  time: 0.8147  data: 0.4480  max mem: 11583
Epoch: [149]  [50/55]  eta: 0:00:04  lr: 0.000110  min_lr: 0.000110  loss: 0.5051 (0.5059)  loss_scale: 1048576.0000 (1048576.0000)  weight_decay: 0.0500 (0.0500)  grad_norm: 0.7487 (0.8531)  time: 0.8249  data: 0.4640  max mem: 11583
Epoch: [149]  [54/55]  eta: 0:00:00  lr: 0.000110  min_lr: 0.000110  loss: 0.5053 (0.5059)  loss_scale: 1048576.0000 (1048576.0000)  weight_decay: 0.0500 (0.0500)  grad_norm: 0.7487 (0.8496)  time: 0.8091  data: 0.4541  max mem: 11583
Epoch: [149] Total time: 0:00:50 (0.9156 s / it)
Averaged stats: lr: 0.000110  min_lr: 0.000110  loss: 0.5053 (0.5059)  loss_scale: 1048576.0000 (1048576.0000)  weight_decay: 0.0500 (0.0500)  grad_norm: 0.7487 (0.8496)
Epoch: [150]  [ 0/55]  eta: 0:07:45  lr: 0.000110  min_lr: 0.000110  loss: 0.4967 (0.4967)  loss_scale: 1048576.0000 (1048576.0000)  weight_decay: 0.0500 (0.0500)  grad_norm: 0.9639 (0.9639)  time: 8.4654  data: 8.0136  max mem: 11583
Epoch: [150]  [10/55]  eta: 0:01:04  lr: 0.000110  min_lr: 0.000110  loss: 0.5104 (0.5106)  loss_scale: 1048576.0000 (1048576.0000)  weight_decay: 0.0500 (0.0500)  grad_norm: 0.9639 (0.9614)  time: 1.4364  data: 1.0758  max mem: 11583
Epoch: [150]  [20/55]  eta: 0:00:39  lr: 0.000110  min_lr: 0.000110  loss: 0.5089 (0.5096)  loss_scale: 1048576.0000 (1048576.0000)  weight_decay: 0.0500 (0.0500)  grad_norm: 0.9365 (0.9439)  time: 0.7510  data: 0.3974  max mem: 11583
Epoch: [150]  [30/55]  eta: 0:00:25  lr: 0.000110  min_lr: 0.000110  loss: 0.5079 (0.5086)  loss_scale: 1048576.0000 (1048576.0000)  weight_decay: 0.0500 (0.0500)  grad_norm: 0.8896 (0.9028)  time: 0.8009  data: 0.4417  max mem: 11583
Epoch: [150]  [40/55]  eta: 0:00:14  lr: 0.000110  min_lr: 0.000110  loss: 0.5045 (0.5071)  loss_scale: 1048576.0000 (1048576.0000)  weight_decay: 0.0500 (0.0500)  grad_norm: 0.8200 (0.8867)  time: 0.8136  data: 0.4472  max mem: 11583
Epoch: [150]  [50/55]  eta: 0:00:04  lr: 0.000110  min_lr: 0.000110  loss: 0.5045 (0.5078)  loss_scale: 1048576.0000 (1048576.0000)  weight_decay: 0.0500 (0.0500)  grad_norm: 0.8115 (0.8663)  time: 0.7871  data: 0.4312  max mem: 11583
Epoch: [150]  [54/55]  eta: 0:00:00  lr: 0.000110  min_lr: 0.000110  loss: 0.5077 (0.5081)  loss_scale: 1048576.0000 (1048576.0000)  weight_decay: 0.0500 (0.0500)  grad_norm: 0.8319 (0.8661)  time: 0.7649  data: 0.4142  max mem: 11583
Epoch: [150] Total time: 0:00:49 (0.8916 s / it)
Averaged stats: lr: 0.000110  min_lr: 0.000110  loss: 0.5077 (0.5081)  loss_scale: 1048576.0000 (1048576.0000)  weight_decay: 0.0500 (0.0500)  grad_norm: 0.8319 (0.8661)
Epoch: [151]  [ 0/55]  eta: 0:07:16  lr: 0.000109  min_lr: 0.000109  loss: 0.4979 (0.4979)  loss_scale: 1048576.0000 (1048576.0000)  weight_decay: 0.0500 (0.0500)  grad_norm: 0.6055 (0.6055)  time: 7.9282  data: 7.5308  max mem: 11583
Epoch: [151]  [10/55]  eta: 0:01:05  lr: 0.000109  min_lr: 0.000109  loss: 0.5021 (0.5036)  loss_scale: 1048576.0000 (1048576.0000)  weight_decay: 0.0500 (0.0500)  grad_norm: 0.7157 (0.7285)  time: 1.4462  data: 1.0926  max mem: 11583
Epoch: [151]  [20/55]  eta: 0:00:39  lr: 0.000109  min_lr: 0.000109  loss: 0.5040 (0.5041)  loss_scale: 1048576.0000 (1048576.0000)  weight_decay: 0.0500 (0.0500)  grad_norm: 0.7699 (0.8066)  time: 0.7870  data: 0.4314  max mem: 11583
Epoch: [151]  [30/55]  eta: 0:00:25  lr: 0.000109  min_lr: 0.000109  loss: 0.5015 (0.5034)  loss_scale: 1048576.0000 (1048576.0000)  weight_decay: 0.0500 (0.0500)  grad_norm: 0.7877 (0.8157)  time: 0.8001  data: 0.4382  max mem: 11583
Epoch: [151]  [40/55]  eta: 0:00:14  lr: 0.000109  min_lr: 0.000109  loss: 0.5006 (0.5035)  loss_scale: 1048576.0000 (1048576.0000)  weight_decay: 0.0500 (0.0500)  grad_norm: 0.7953 (0.8522)  time: 0.8548  data: 0.4980  max mem: 11583
Epoch: [151]  [50/55]  eta: 0:00:04  lr: 0.000109  min_lr: 0.000109  loss: 0.5059 (0.5047)  loss_scale: 1048576.0000 (1048576.0000)  weight_decay: 0.0500 (0.0500)  grad_norm: 0.9182 (0.8672)  time: 0.8377  data: 0.4864  max mem: 11583
Epoch: [151]  [54/55]  eta: 0:00:00  lr: 0.000109  min_lr: 0.000109  loss: 0.5079 (0.5046)  loss_scale: 1048576.0000 (1048576.0000)  weight_decay: 0.0500 (0.0500)  grad_norm: 0.8837 (0.8564)  time: 0.8365  data: 0.4864  max mem: 11583
Epoch: [151] Total time: 0:00:50 (0.9118 s / it)
Averaged stats: lr: 0.000109  min_lr: 0.000109  loss: 0.5079 (0.5046)  loss_scale: 1048576.0000 (1048576.0000)  weight_decay: 0.0500 (0.0500)  grad_norm: 0.8837 (0.8564)
Epoch: [152]  [ 0/55]  eta: 0:07:34  lr: 0.000109  min_lr: 0.000109  loss: 0.4928 (0.4928)  loss_scale: 1048576.0000 (1048576.0000)  weight_decay: 0.0500 (0.0500)  grad_norm: 0.8904 (0.8904)  time: 8.2673  data: 7.8494  max mem: 11583
Epoch: [152]  [10/55]  eta: 0:01:05  lr: 0.000109  min_lr: 0.000109  loss: 0.4979 (0.4998)  loss_scale: 1048576.0000 (1048576.0000)  weight_decay: 0.0500 (0.0500)  grad_norm: 0.7778 (0.7709)  time: 1.4527  data: 1.0956  max mem: 11583
Epoch: [152]  [20/55]  eta: 0:00:39  lr: 0.000109  min_lr: 0.000109  loss: 0.4979 (0.5011)  loss_scale: 1048576.0000 (1048576.0000)  weight_decay: 0.0500 (0.0500)  grad_norm: 0.7519 (0.7588)  time: 0.7756  data: 0.4347  max mem: 11583
Epoch: [152]  [30/55]  eta: 0:00:25  lr: 0.000109  min_lr: 0.000109  loss: 0.4987 (0.5017)  loss_scale: 1048576.0000 (1048576.0000)  weight_decay: 0.0500 (0.0500)  grad_norm: 0.7291 (0.7765)  time: 0.8001  data: 0.4542  max mem: 11583
Epoch: [152]  [40/55]  eta: 0:00:14  lr: 0.000109  min_lr: 0.000109  loss: 0.4986 (0.5004)  loss_scale: 1048576.0000 (1048576.0000)  weight_decay: 0.0500 (0.0500)  grad_norm: 0.7614 (0.7728)  time: 0.8001  data: 0.4505  max mem: 11583
Epoch: [152]  [50/55]  eta: 0:00:04  lr: 0.000109  min_lr: 0.000109  loss: 0.4986 (0.5007)  loss_scale: 1048576.0000 (1048576.0000)  weight_decay: 0.0500 (0.0500)  grad_norm: 0.7745 (0.7852)  time: 0.8164  data: 0.4878  max mem: 11583
Epoch: [152]  [54/55]  eta: 0:00:00  lr: 0.000108  min_lr: 0.000108  loss: 0.5027 (0.5012)  loss_scale: 1048576.0000 (1048576.0000)  weight_decay: 0.0500 (0.0500)  grad_norm: 0.7827 (0.7989)  time: 0.8112  data: 0.4875  max mem: 11583
Epoch: [152] Total time: 0:00:50 (0.9142 s / it)
Averaged stats: lr: 0.000108  min_lr: 0.000108  loss: 0.5027 (0.5012)  loss_scale: 1048576.0000 (1048576.0000)  weight_decay: 0.0500 (0.0500)  grad_norm: 0.7827 (0.7989)
Epoch: [153]  [ 0/55]  eta: 0:07:38  lr: 0.000108  min_lr: 0.000108  loss: 0.4877 (0.4877)  loss_scale: 1048576.0000 (1048576.0000)  weight_decay: 0.0500 (0.0500)  grad_norm: 0.8383 (0.8383)  time: 8.3323  data: 7.9293  max mem: 11583
Epoch: [153]  [10/55]  eta: 0:01:06  lr: 0.000108  min_lr: 0.000108  loss: 0.4978 (0.4997)  loss_scale: 1048576.0000 (1048576.0000)  weight_decay: 0.0500 (0.0500)  grad_norm: 0.8653 (0.8646)  time: 1.4722  data: 1.0934  max mem: 11583
Epoch: [153]  [20/55]  eta: 0:00:39  lr: 0.000108  min_lr: 0.000108  loss: 0.5004 (0.4999)  loss_scale: 1048576.0000 (1048576.0000)  weight_decay: 0.0500 (0.0500)  grad_norm: 0.8386 (0.8411)  time: 0.7719  data: 0.4047  max mem: 11583
Epoch: [153]  [30/55]  eta: 0:00:26  lr: 0.000108  min_lr: 0.000108  loss: 0.5016 (0.5009)  loss_scale: 1048576.0000 (1048576.0000)  weight_decay: 0.0500 (0.0500)  grad_norm: 0.8386 (0.8625)  time: 0.8072  data: 0.4546  max mem: 11583
Epoch: [153]  [40/55]  eta: 0:00:14  lr: 0.000108  min_lr: 0.000108  loss: 0.5009 (0.5001)  loss_scale: 1048576.0000 (1048576.0000)  weight_decay: 0.0500 (0.0500)  grad_norm: 0.7576 (0.8278)  time: 0.8328  data: 0.4760  max mem: 11583
Epoch: [153]  [50/55]  eta: 0:00:04  lr: 0.000108  min_lr: 0.000108  loss: 0.4991 (0.5004)  loss_scale: 1048576.0000 (1048576.0000)  weight_decay: 0.0500 (0.0500)  grad_norm: 0.7061 (0.8191)  time: 0.7974  data: 0.4374  max mem: 11583
Epoch: [153]  [54/55]  eta: 0:00:00  lr: 0.000108  min_lr: 0.000108  loss: 0.5009 (0.5005)  loss_scale: 1048576.0000 (1048576.0000)  weight_decay: 0.0500 (0.0500)  grad_norm: 0.7127 (0.8205)  time: 0.7888  data: 0.4342  max mem: 11583
Epoch: [153] Total time: 0:00:49 (0.9089 s / it)
Averaged stats: lr: 0.000108  min_lr: 0.000108  loss: 0.5009 (0.5005)  loss_scale: 1048576.0000 (1048576.0000)  weight_decay: 0.0500 (0.0500)  grad_norm: 0.7127 (0.8205)
Epoch: [154]  [ 0/55]  eta: 0:07:16  lr: 0.000108  min_lr: 0.000108  loss: 0.4856 (0.4856)  loss_scale: 1048576.0000 (1048576.0000)  weight_decay: 0.0500 (0.0500)  grad_norm: 0.7944 (0.7944)  time: 7.9450  data: 7.5378  max mem: 11583
Epoch: [154]  [10/55]  eta: 0:01:05  lr: 0.000108  min_lr: 0.000108  loss: 0.4993 (0.5012)  loss_scale: 1048576.0000 (1048576.0000)  weight_decay: 0.0500 (0.0500)  grad_norm: 0.7944 (0.7853)  time: 1.4533  data: 1.0948  max mem: 11583
Epoch: [154]  [20/55]  eta: 0:00:39  lr: 0.000108  min_lr: 0.000108  loss: 0.4993 (0.5007)  loss_scale: 1048576.0000 (1048576.0000)  weight_decay: 0.0500 (0.0500)  grad_norm: 0.8941 (0.8477)  time: 0.7934  data: 0.4400  max mem: 11583
Epoch: [154]  [30/55]  eta: 0:00:25  lr: 0.000108  min_lr: 0.000108  loss: 0.5020 (0.5019)  loss_scale: 1048576.0000 (1048576.0000)  weight_decay: 0.0500 (0.0500)  grad_norm: 0.7947 (0.8276)  time: 0.7999  data: 0.4375  max mem: 11583
Epoch: [154]  [40/55]  eta: 0:00:15  lr: 0.000108  min_lr: 0.000108  loss: 0.5057 (0.5029)  loss_scale: 1048576.0000 (1048576.0000)  weight_decay: 0.0500 (0.0500)  grad_norm: 0.8996 (0.9065)  time: 0.8616  data: 0.4859  max mem: 11583
Epoch: [154]  [50/55]  eta: 0:00:04  lr: 0.000107  min_lr: 0.000107  loss: 0.5059 (0.5037)  loss_scale: 1048576.0000 (1048576.0000)  weight_decay: 0.0500 (0.0500)  grad_norm: 0.9851 (0.8998)  time: 0.8343  data: 0.4702  max mem: 11583
Epoch: [154]  [54/55]  eta: 0:00:00  lr: 0.000107  min_lr: 0.000107  loss: 0.5059 (0.5036)  loss_scale: 1048576.0000 (1048576.0000)  weight_decay: 0.0500 (0.0500)  grad_norm: 0.8960 (0.8847)  time: 0.8330  data: 0.4701  max mem: 11583
Epoch: [154] Total time: 0:00:50 (0.9120 s / it)
Averaged stats: lr: 0.000107  min_lr: 0.000107  loss: 0.5059 (0.5036)  loss_scale: 1048576.0000 (1048576.0000)  weight_decay: 0.0500 (0.0500)  grad_norm: 0.8960 (0.8847)
Epoch: [155]  [ 0/55]  eta: 0:07:38  lr: 0.000107  min_lr: 0.000107  loss: 0.4928 (0.4928)  loss_scale: 1048576.0000 (1048576.0000)  weight_decay: 0.0500 (0.0500)  grad_norm: 0.6771 (0.6771)  time: 8.3406  data: 7.9236  max mem: 11583
Epoch: [155]  [10/55]  eta: 0:01:06  lr: 0.000107  min_lr: 0.000107  loss: 0.4969 (0.4995)  loss_scale: 1048576.0000 (1048576.0000)  weight_decay: 0.0500 (0.0500)  grad_norm: 0.6722 (0.6741)  time: 1.4870  data: 1.1208  max mem: 11583
Epoch: [155]  [20/55]  eta: 0:00:41  lr: 0.000107  min_lr: 0.000107  loss: 0.4973 (0.5000)  loss_scale: 524288.0000 (798915.0476)  weight_decay: 0.0500 (0.0500)  grad_norm: nan (nan)  time: 0.8325  data: 0.4698  max mem: 11583
Epoch: [155]  [30/55]  eta: 0:00:26  lr: 0.000107  min_lr: 0.000107  loss: 0.5007 (0.5013)  loss_scale: 524288.0000 (710325.6774)  weight_decay: 0.0500 (0.0500)  grad_norm: nan (nan)  time: 0.8391  data: 0.4762  max mem: 11583
Epoch: [155]  [40/55]  eta: 0:00:15  lr: 0.000107  min_lr: 0.000107  loss: 0.4977 (0.5006)  loss_scale: 524288.0000 (664950.6341)  weight_decay: 0.0500 (0.0500)  grad_norm: 0.7383 (nan)  time: 0.8291  data: 0.4741  max mem: 11583
Epoch: [155]  [50/55]  eta: 0:00:04  lr: 0.000107  min_lr: 0.000107  loss: 0.4979 (0.5007)  loss_scale: 524288.0000 (637369.7255)  weight_decay: 0.0500 (0.0500)  grad_norm: 0.7383 (nan)  time: 0.8064  data: 0.4604  max mem: 11583
Epoch: [155]  [54/55]  eta: 0:00:00  lr: 0.000107  min_lr: 0.000107  loss: 0.4979 (0.5004)  loss_scale: 524288.0000 (629145.6000)  weight_decay: 0.0500 (0.0500)  grad_norm: 0.7383 (nan)  time: 0.8063  data: 0.4591  max mem: 11583
Epoch: [155] Total time: 0:00:50 (0.9227 s / it)
Averaged stats: lr: 0.000107  min_lr: 0.000107  loss: 0.4979 (0.5004)  loss_scale: 524288.0000 (629145.6000)  weight_decay: 0.0500 (0.0500)  grad_norm: 0.7383 (nan)
Epoch: [156]  [ 0/55]  eta: 0:07:34  lr: 0.000107  min_lr: 0.000107  loss: 0.4908 (0.4908)  loss_scale: 524288.0000 (524288.0000)  weight_decay: 0.0500 (0.0500)  grad_norm: 0.9387 (0.9387)  time: 8.2691  data: 7.8762  max mem: 11583
Epoch: [156]  [10/55]  eta: 0:01:06  lr: 0.000107  min_lr: 0.000107  loss: 0.5032 (0.5034)  loss_scale: 524288.0000 (524288.0000)  weight_decay: 0.0500 (0.0500)  grad_norm: 0.8108 (0.8274)  time: 1.4788  data: 1.1152  max mem: 11583
Epoch: [156]  [20/55]  eta: 0:00:40  lr: 0.000107  min_lr: 0.000107  loss: 0.5032 (0.5024)  loss_scale: 524288.0000 (524288.0000)  weight_decay: 0.0500 (0.0500)  grad_norm: 0.7551 (0.7894)  time: 0.8064  data: 0.4414  max mem: 11583
Epoch: [156]  [30/55]  eta: 0:00:26  lr: 0.000107  min_lr: 0.000107  loss: 0.5030 (0.5029)  loss_scale: 524288.0000 (524288.0000)  weight_decay: 0.0500 (0.0500)  grad_norm: 0.7934 (0.7932)  time: 0.8198  data: 0.4551  max mem: 11583
Epoch: [156]  [40/55]  eta: 0:00:14  lr: 0.000107  min_lr: 0.000107  loss: 0.5024 (0.5024)  loss_scale: 524288.0000 (524288.0000)  weight_decay: 0.0500 (0.0500)  grad_norm: 0.9031 (0.8289)  time: 0.8211  data: 0.4583  max mem: 11583
Epoch: [156]  [50/55]  eta: 0:00:04  lr: 0.000106  min_lr: 0.000106  loss: 0.5023 (0.5022)  loss_scale: 524288.0000 (524288.0000)  weight_decay: 0.0500 (0.0500)  grad_norm: 0.8078 (0.8033)  time: 0.8026  data: 0.4452  max mem: 11583
Epoch: [156]  [54/55]  eta: 0:00:00  lr: 0.000106  min_lr: 0.000106  loss: 0.5024 (0.5020)  loss_scale: 524288.0000 (524288.0000)  weight_decay: 0.0500 (0.0500)  grad_norm: 0.7758 (0.8036)  time: 0.7944  data: 0.4452  max mem: 11583
Epoch: [156] Total time: 0:00:50 (0.9113 s / it)
Averaged stats: lr: 0.000106  min_lr: 0.000106  loss: 0.5024 (0.5020)  loss_scale: 524288.0000 (524288.0000)  weight_decay: 0.0500 (0.0500)  grad_norm: 0.7758 (0.8036)
Epoch: [157]  [ 0/55]  eta: 0:07:33  lr: 0.000106  min_lr: 0.000106  loss: 0.4951 (0.4951)  loss_scale: 524288.0000 (524288.0000)  weight_decay: 0.0500 (0.0500)  grad_norm: 0.7177 (0.7177)  time: 8.2467  data: 7.8245  max mem: 11583
Epoch: [157]  [10/55]  eta: 0:01:08  lr: 0.000106  min_lr: 0.000106  loss: 0.4982 (0.4996)  loss_scale: 524288.0000 (524288.0000)  weight_decay: 0.0500 (0.0500)  grad_norm: 0.6737 (0.6842)  time: 1.5160  data: 1.1601  max mem: 11583
Epoch: [157]  [20/55]  eta: 0:00:40  lr: 0.000106  min_lr: 0.000106  loss: 0.5020 (0.5012)  loss_scale: 524288.0000 (524288.0000)  weight_decay: 0.0500 (0.0500)  grad_norm: 0.6990 (0.7383)  time: 0.7997  data: 0.4455  max mem: 11583
Epoch: [157]  [30/55]  eta: 0:00:26  lr: 0.000106  min_lr: 0.000106  loss: 0.5023 (0.5015)  loss_scale: 524288.0000 (524288.0000)  weight_decay: 0.0500 (0.0500)  grad_norm: 0.8139 (0.7808)  time: 0.7941  data: 0.4334  max mem: 11583
Epoch: [157]  [40/55]  eta: 0:00:14  lr: 0.000106  min_lr: 0.000106  loss: 0.5014 (0.5013)  loss_scale: 524288.0000 (524288.0000)  weight_decay: 0.0500 (0.0500)  grad_norm: 0.9002 (0.8207)  time: 0.8191  data: 0.4573  max mem: 11583
Epoch: [157]  [50/55]  eta: 0:00:04  lr: 0.000106  min_lr: 0.000106  loss: 0.5008 (0.5011)  loss_scale: 524288.0000 (524288.0000)  weight_decay: 0.0500 (0.0500)  grad_norm: 0.8456 (0.8192)  time: 0.7947  data: 0.4398  max mem: 11583
Epoch: [157]  [54/55]  eta: 0:00:00  lr: 0.000106  min_lr: 0.000106  loss: 0.4998 (0.5012)  loss_scale: 524288.0000 (524288.0000)  weight_decay: 0.0500 (0.0500)  grad_norm: 0.8549 (0.8304)  time: 0.7740  data: 0.4250  max mem: 11583
Epoch: [157] Total time: 0:00:49 (0.9082 s / it)
Averaged stats: lr: 0.000106  min_lr: 0.000106  loss: 0.4998 (0.5012)  loss_scale: 524288.0000 (524288.0000)  weight_decay: 0.0500 (0.0500)  grad_norm: 0.8549 (0.8304)
Epoch: [158]  [ 0/55]  eta: 0:07:13  lr: 0.000106  min_lr: 0.000106  loss: 0.5033 (0.5033)  loss_scale: 524288.0000 (524288.0000)  weight_decay: 0.0500 (0.0500)  grad_norm: 0.6616 (0.6616)  time: 7.8887  data: 7.4972  max mem: 11583
Epoch: [158]  [10/55]  eta: 0:01:03  lr: 0.000106  min_lr: 0.000106  loss: 0.5019 (0.4999)  loss_scale: 524288.0000 (524288.0000)  weight_decay: 0.0500 (0.0500)  grad_norm: 0.7280 (0.7022)  time: 1.4187  data: 1.0607  max mem: 11583
Epoch: [158]  [20/55]  eta: 0:00:40  lr: 0.000106  min_lr: 0.000106  loss: 0.5015 (0.4997)  loss_scale: 524288.0000 (524288.0000)  weight_decay: 0.0500 (0.0500)  grad_norm: 0.7539 (0.7986)  time: 0.8168  data: 0.4777  max mem: 11583
Epoch: [158]  [30/55]  eta: 0:00:26  lr: 0.000106  min_lr: 0.000106  loss: 0.4992 (0.4993)  loss_scale: 524288.0000 (524288.0000)  weight_decay: 0.0500 (0.0500)  grad_norm: 0.7927 (0.7875)  time: 0.8438  data: 0.5011  max mem: 11583
Epoch: [158]  [40/55]  eta: 0:00:14  lr: 0.000105  min_lr: 0.000105  loss: 0.4950 (0.4975)  loss_scale: 524288.0000 (524288.0000)  weight_decay: 0.0500 (0.0500)  grad_norm: 0.7404 (0.7630)  time: 0.8267  data: 0.4686  max mem: 11583
Epoch: [158]  [50/55]  eta: 0:00:04  lr: 0.000105  min_lr: 0.000105  loss: 0.4955 (0.4984)  loss_scale: 524288.0000 (524288.0000)  weight_decay: 0.0500 (0.0500)  grad_norm: 0.6966 (0.7597)  time: 0.7968  data: 0.4505  max mem: 11583
Epoch: [158]  [54/55]  eta: 0:00:00  lr: 0.000105  min_lr: 0.000105  loss: 0.4956 (0.4982)  loss_scale: 524288.0000 (524288.0000)  weight_decay: 0.0500 (0.0500)  grad_norm: 0.6966 (0.7613)  time: 0.7747  data: 0.4331  max mem: 11583
Epoch: [158] Total time: 0:00:49 (0.9082 s / it)
Averaged stats: lr: 0.000105  min_lr: 0.000105  loss: 0.4956 (0.4982)  loss_scale: 524288.0000 (524288.0000)  weight_decay: 0.0500 (0.0500)  grad_norm: 0.6966 (0.7613)
Epoch: [159]  [ 0/55]  eta: 0:07:31  lr: 0.000105  min_lr: 0.000105  loss: 0.4973 (0.4973)  loss_scale: 524288.0000 (524288.0000)  weight_decay: 0.0500 (0.0500)  grad_norm: 0.7717 (0.7717)  time: 8.2159  data: 7.8268  max mem: 11583
Epoch: [159]  [10/55]  eta: 0:01:05  lr: 0.000105  min_lr: 0.000105  loss: 0.4997 (0.4992)  loss_scale: 524288.0000 (524288.0000)  weight_decay: 0.0500 (0.0500)  grad_norm: 0.7859 (0.8491)  time: 1.4581  data: 1.1042  max mem: 11583
Epoch: [159]  [20/55]  eta: 0:00:40  lr: 0.000105  min_lr: 0.000105  loss: 0.4993 (0.4990)  loss_scale: 524288.0000 (524288.0000)  weight_decay: 0.0500 (0.0500)  grad_norm: 0.8847 (0.9305)  time: 0.7997  data: 0.4469  max mem: 11583
Epoch: [159]  [30/55]  eta: 0:00:25  lr: 0.000105  min_lr: 0.000105  loss: 0.4995 (0.4996)  loss_scale: 524288.0000 (524288.0000)  weight_decay: 0.0500 (0.0500)  grad_norm: 0.8859 (0.8953)  time: 0.8007  data: 0.4427  max mem: 11583
Epoch: [159]  [40/55]  eta: 0:00:14  lr: 0.000105  min_lr: 0.000105  loss: 0.5007 (0.4997)  loss_scale: 524288.0000 (524288.0000)  weight_decay: 0.0500 (0.0500)  grad_norm: 0.7889 (0.8652)  time: 0.7949  data: 0.4326  max mem: 11583
Epoch: [159]  [50/55]  eta: 0:00:04  lr: 0.000105  min_lr: 0.000105  loss: 0.4996 (0.4997)  loss_scale: 524288.0000 (524288.0000)  weight_decay: 0.0500 (0.0500)  grad_norm: 0.7310 (0.8529)  time: 0.7981  data: 0.5024  max mem: 11583
Epoch: [159]  [54/55]  eta: 0:00:00  lr: 0.000105  min_lr: 0.000105  loss: 0.4987 (0.5001)  loss_scale: 524288.0000 (524288.0000)  weight_decay: 0.0500 (0.0500)  grad_norm: 0.7310 (0.8598)  time: 0.7847  data: 0.4967  max mem: 11583
Epoch: [159] Total time: 0:00:49 (0.9069 s / it)
Averaged stats: lr: 0.000105  min_lr: 0.000105  loss: 0.4987 (0.5001)  loss_scale: 524288.0000 (524288.0000)  weight_decay: 0.0500 (0.0500)  grad_norm: 0.7310 (0.8598)
Epoch: [160]  [ 0/55]  eta: 0:07:08  lr: 0.000105  min_lr: 0.000105  loss: 0.4957 (0.4957)  loss_scale: 524288.0000 (524288.0000)  weight_decay: 0.0500 (0.0500)  grad_norm: 0.6216 (0.6216)  time: 7.7820  data: 7.3704  max mem: 11583
Epoch: [160]  [10/55]  eta: 0:01:03  lr: 0.000105  min_lr: 0.000105  loss: 0.4957 (0.4975)  loss_scale: 524288.0000 (524288.0000)  weight_decay: 0.0500 (0.0500)  grad_norm: 0.7962 (0.7943)  time: 1.4199  data: 1.0796  max mem: 11583
Epoch: [160]  [20/55]  eta: 0:00:38  lr: 0.000105  min_lr: 0.000105  loss: 0.4994 (0.4989)  loss_scale: 524288.0000 (524288.0000)  weight_decay: 0.0500 (0.0500)  grad_norm: 0.8010 (0.7921)  time: 0.7797  data: 0.4325  max mem: 11583
Epoch: [160]  [30/55]  eta: 0:00:25  lr: 0.000105  min_lr: 0.000105  loss: 0.5006 (0.4997)  loss_scale: 524288.0000 (524288.0000)  weight_decay: 0.0500 (0.0500)  grad_norm: 0.8835 (0.8258)  time: 0.7999  data: 0.4368  max mem: 11583
Epoch: [160]  [40/55]  eta: 0:00:14  lr: 0.000104  min_lr: 0.000104  loss: 0.5013 (0.4999)  loss_scale: 524288.0000 (524288.0000)  weight_decay: 0.0500 (0.0500)  grad_norm: 0.8998 (0.8390)  time: 0.8097  data: 0.4510  max mem: 11583
Epoch: [160]  [50/55]  eta: 0:00:04  lr: 0.000104  min_lr: 0.000104  loss: 0.5010 (0.5002)  loss_scale: 524288.0000 (524288.0000)  weight_decay: 0.0500 (0.0500)  grad_norm: 0.8641 (0.8335)  time: 0.7828  data: 0.4284  max mem: 11583
Epoch: [160]  [54/55]  eta: 0:00:00  lr: 0.000104  min_lr: 0.000104  loss: 0.5008 (0.5001)  loss_scale: 524288.0000 (524288.0000)  weight_decay: 0.0500 (0.0500)  grad_norm: 0.8412 (0.8348)  time: 0.7729  data: 0.4204  max mem: 11583
Epoch: [160] Total time: 0:00:49 (0.9014 s / it)
Averaged stats: lr: 0.000104  min_lr: 0.000104  loss: 0.5008 (0.5001)  loss_scale: 524288.0000 (524288.0000)  weight_decay: 0.0500 (0.0500)  grad_norm: 0.8412 (0.8348)
Epoch: [161]  [ 0/55]  eta: 0:07:21  lr: 0.000104  min_lr: 0.000104  loss: 0.4895 (0.4895)  loss_scale: 524288.0000 (524288.0000)  weight_decay: 0.0500 (0.0500)  grad_norm: 0.6846 (0.6846)  time: 8.0188  data: 7.6115  max mem: 11583
Epoch: [161]  [10/55]  eta: 0:01:05  lr: 0.000104  min_lr: 0.000104  loss: 0.4931 (0.4967)  loss_scale: 524288.0000 (524288.0000)  weight_decay: 0.0500 (0.0500)  grad_norm: 0.8167 (0.8411)  time: 1.4452  data: 1.0793  max mem: 11583
Epoch: [161]  [20/55]  eta: 0:00:40  lr: 0.000104  min_lr: 0.000104  loss: 0.4931 (0.4956)  loss_scale: 524288.0000 (524288.0000)  weight_decay: 0.0500 (0.0500)  grad_norm: 0.7648 (0.7855)  time: 0.8168  data: 0.4658  max mem: 11583
Epoch: [161]  [30/55]  eta: 0:00:25  lr: 0.000104  min_lr: 0.000104  loss: 0.4960 (0.4969)  loss_scale: 524288.0000 (524288.0000)  weight_decay: 0.0500 (0.0500)  grad_norm: 0.7648 (0.7948)  time: 0.8157  data: 0.4653  max mem: 11583
Epoch: [161]  [40/55]  eta: 0:00:14  lr: 0.000104  min_lr: 0.000104  loss: 0.4944 (0.4960)  loss_scale: 524288.0000 (524288.0000)  weight_decay: 0.0500 (0.0500)  grad_norm: 0.8459 (0.8094)  time: 0.8272  data: 0.4593  max mem: 11583
Epoch: [161]  [50/55]  eta: 0:00:04  lr: 0.000104  min_lr: 0.000104  loss: 0.4958 (0.4964)  loss_scale: 524288.0000 (524288.0000)  weight_decay: 0.0500 (0.0500)  grad_norm: 0.7591 (0.7913)  time: 0.8227  data: 0.4625  max mem: 11583
Epoch: [161]  [54/55]  eta: 0:00:00  lr: 0.000104  min_lr: 0.000104  loss: 0.4959 (0.4964)  loss_scale: 524288.0000 (524288.0000)  weight_decay: 0.0500 (0.0500)  grad_norm: 0.7048 (0.7828)  time: 0.8165  data: 0.4624  max mem: 11583
Epoch: [161] Total time: 0:00:50 (0.9213 s / it)
Averaged stats: lr: 0.000104  min_lr: 0.000104  loss: 0.4959 (0.4964)  loss_scale: 524288.0000 (524288.0000)  weight_decay: 0.0500 (0.0500)  grad_norm: 0.7048 (0.7828)
Epoch: [162]  [ 0/55]  eta: 0:07:31  lr: 0.000104  min_lr: 0.000104  loss: 0.4849 (0.4849)  loss_scale: 524288.0000 (524288.0000)  weight_decay: 0.0500 (0.0500)  grad_norm: 0.7460 (0.7460)  time: 8.2136  data: 7.7969  max mem: 11583
Epoch: [162]  [10/55]  eta: 0:01:06  lr: 0.000104  min_lr: 0.000104  loss: 0.4966 (0.4963)  loss_scale: 524288.0000 (524288.0000)  weight_decay: 0.0500 (0.0500)  grad_norm: 0.7460 (0.7587)  time: 1.4681  data: 1.1062  max mem: 11583
Epoch: [162]  [20/55]  eta: 0:00:40  lr: 0.000104  min_lr: 0.000104  loss: 0.4946 (0.4954)  loss_scale: 524288.0000 (524288.0000)  weight_decay: 0.0500 (0.0500)  grad_norm: 0.7611 (0.8084)  time: 0.8061  data: 0.4415  max mem: 11583
Epoch: [162]  [30/55]  eta: 0:00:26  lr: 0.000103  min_lr: 0.000103  loss: 0.4965 (0.4965)  loss_scale: 524288.0000 (524288.0000)  weight_decay: 0.0500 (0.0500)  grad_norm: 0.8959 (0.8683)  time: 0.8095  data: 0.4413  max mem: 11583
Epoch: [162]  [40/55]  eta: 0:00:14  lr: 0.000103  min_lr: 0.000103  loss: 0.4986 (0.4968)  loss_scale: 524288.0000 (524288.0000)  weight_decay: 0.0500 (0.0500)  grad_norm: 0.8690 (0.8549)  time: 0.8156  data: 0.4499  max mem: 11583
Epoch: [162]  [50/55]  eta: 0:00:04  lr: 0.000103  min_lr: 0.000103  loss: 0.4986 (0.4974)  loss_scale: 524288.0000 (524288.0000)  weight_decay: 0.0500 (0.0500)  grad_norm: 0.7439 (0.8331)  time: 0.8051  data: 0.4468  max mem: 11583
Epoch: [162]  [54/55]  eta: 0:00:00  lr: 0.000103  min_lr: 0.000103  loss: 0.4970 (0.4971)  loss_scale: 524288.0000 (524288.0000)  weight_decay: 0.0500 (0.0500)  grad_norm: 0.7241 (0.8235)  time: 0.8029  data: 0.4468  max mem: 11583
Epoch: [162] Total time: 0:00:49 (0.9078 s / it)
Averaged stats: lr: 0.000103  min_lr: 0.000103  loss: 0.4970 (0.4971)  loss_scale: 524288.0000 (524288.0000)  weight_decay: 0.0500 (0.0500)  grad_norm: 0.7241 (0.8235)
Epoch: [163]  [ 0/55]  eta: 0:07:13  lr: 0.000103  min_lr: 0.000103  loss: 0.4863 (0.4863)  loss_scale: 524288.0000 (524288.0000)  weight_decay: 0.0500 (0.0500)  grad_norm: 0.8310 (0.8310)  time: 7.8846  data: 7.5532  max mem: 11583
Epoch: [163]  [10/55]  eta: 0:01:07  lr: 0.000103  min_lr: 0.000103  loss: 0.4965 (0.4949)  loss_scale: 524288.0000 (524288.0000)  weight_decay: 0.0500 (0.0500)  grad_norm: 0.8310 (0.8959)  time: 1.4920  data: 1.1685  max mem: 11583
Epoch: [163]  [20/55]  eta: 0:00:40  lr: 0.000103  min_lr: 0.000103  loss: 0.4982 (0.4977)  loss_scale: 524288.0000 (524288.0000)  weight_decay: 0.0500 (0.0500)  grad_norm: 0.8336 (0.8871)  time: 0.8102  data: 0.4688  max mem: 11583
Epoch: [163]  [30/55]  eta: 0:00:26  lr: 0.000103  min_lr: 0.000103  loss: 0.4981 (0.4984)  loss_scale: 524288.0000 (524288.0000)  weight_decay: 0.0500 (0.0500)  grad_norm: 0.8631 (0.8875)  time: 0.8089  data: 0.4447  max mem: 11583
Epoch: [163]  [40/55]  eta: 0:00:14  lr: 0.000103  min_lr: 0.000103  loss: 0.4948 (0.4977)  loss_scale: 524288.0000 (524288.0000)  weight_decay: 0.0500 (0.0500)  grad_norm: 0.8631 (0.8807)  time: 0.8171  data: 0.4551  max mem: 11583
Epoch: [163]  [50/55]  eta: 0:00:04  lr: 0.000103  min_lr: 0.000103  loss: 0.4952 (0.4981)  loss_scale: 524288.0000 (524288.0000)  weight_decay: 0.0500 (0.0500)  grad_norm: 0.7865 (0.8639)  time: 0.7797  data: 0.4276  max mem: 11583
Epoch: [163]  [54/55]  eta: 0:00:00  lr: 0.000103  min_lr: 0.000103  loss: 0.4981 (0.4982)  loss_scale: 524288.0000 (524288.0000)  weight_decay: 0.0500 (0.0500)  grad_norm: 0.7933 (0.8604)  time: 0.7713  data: 0.4192  max mem: 11583
Epoch: [163] Total time: 0:00:49 (0.9072 s / it)
Averaged stats: lr: 0.000103  min_lr: 0.000103  loss: 0.4981 (0.4982)  loss_scale: 524288.0000 (524288.0000)  weight_decay: 0.0500 (0.0500)  grad_norm: 0.7933 (0.8604)
Epoch: [164]  [ 0/55]  eta: 0:07:30  lr: 0.000103  min_lr: 0.000103  loss: 0.4884 (0.4884)  loss_scale: 524288.0000 (524288.0000)  weight_decay: 0.0500 (0.0500)  grad_norm: 1.0594 (1.0594)  time: 8.1996  data: 7.7759  max mem: 11583
Epoch: [164]  [10/55]  eta: 0:01:04  lr: 0.000103  min_lr: 0.000103  loss: 0.5021 (0.5002)  loss_scale: 524288.0000 (524288.0000)  weight_decay: 0.0500 (0.0500)  grad_norm: 0.9761 (0.9236)  time: 1.4293  data: 1.0754  max mem: 11583
Epoch: [164]  [20/55]  eta: 0:00:40  lr: 0.000103  min_lr: 0.000103  loss: 0.5005 (0.5001)  loss_scale: 524288.0000 (524288.0000)  weight_decay: 0.0500 (0.0500)  grad_norm: 0.8546 (0.8677)  time: 0.7925  data: 0.4684  max mem: 11583
Epoch: [164]  [30/55]  eta: 0:00:25  lr: 0.000102  min_lr: 0.000102  loss: 0.4979 (0.4994)  loss_scale: 524288.0000 (524288.0000)  weight_decay: 0.0500 (0.0500)  grad_norm: 0.7500 (0.8141)  time: 0.8111  data: 0.4790  max mem: 11583
Epoch: [164]  [40/55]  eta: 0:00:14  lr: 0.000102  min_lr: 0.000102  loss: 0.4948 (0.4970)  loss_scale: 524288.0000 (524288.0000)  weight_decay: 0.0500 (0.0500)  grad_norm: 0.7500 (0.8014)  time: 0.8093  data: 0.4480  max mem: 11583
Epoch: [164]  [50/55]  eta: 0:00:04  lr: 0.000102  min_lr: 0.000102  loss: 0.4894 (0.4965)  loss_scale: 524288.0000 (524288.0000)  weight_decay: 0.0500 (0.0500)  grad_norm: 0.7780 (0.8155)  time: 0.8007  data: 0.4477  max mem: 11583
Epoch: [164]  [54/55]  eta: 0:00:00  lr: 0.000102  min_lr: 0.000102  loss: 0.4882 (0.4964)  loss_scale: 524288.0000 (524288.0000)  weight_decay: 0.0500 (0.0500)  grad_norm: 0.8067 (0.8170)  time: 0.7961  data: 0.4488  max mem: 11583
Epoch: [164] Total time: 0:00:49 (0.9045 s / it)
Averaged stats: lr: 0.000102  min_lr: 0.000102  loss: 0.4882 (0.4964)  loss_scale: 524288.0000 (524288.0000)  weight_decay: 0.0500 (0.0500)  grad_norm: 0.8067 (0.8170)
Epoch: [165]  [ 0/55]  eta: 0:07:13  lr: 0.000102  min_lr: 0.000102  loss: 0.4883 (0.4883)  loss_scale: 524288.0000 (524288.0000)  weight_decay: 0.0500 (0.0500)  grad_norm: 0.6511 (0.6511)  time: 7.8901  data: 7.4949  max mem: 11583
Epoch: [165]  [10/55]  eta: 0:01:04  lr: 0.000102  min_lr: 0.000102  loss: 0.4901 (0.4920)  loss_scale: 524288.0000 (524288.0000)  weight_decay: 0.0500 (0.0500)  grad_norm: 0.6816 (0.7135)  time: 1.4250  data: 1.0623  max mem: 11583
Epoch: [165]  [20/55]  eta: 0:00:39  lr: 0.000102  min_lr: 0.000102  loss: 0.4921 (0.4948)  loss_scale: 524288.0000 (524288.0000)  weight_decay: 0.0500 (0.0500)  grad_norm: 0.7533 (0.7682)  time: 0.7908  data: 0.4305  max mem: 11583
Epoch: [165]  [30/55]  eta: 0:00:25  lr: 0.000102  min_lr: 0.000102  loss: 0.4938 (0.4947)  loss_scale: 524288.0000 (524288.0000)  weight_decay: 0.0500 (0.0500)  grad_norm: 0.8747 (0.8289)  time: 0.8076  data: 0.4423  max mem: 11583
Epoch: [165]  [40/55]  eta: 0:00:14  lr: 0.000102  min_lr: 0.000102  loss: 0.4934 (0.4942)  loss_scale: 524288.0000 (524288.0000)  weight_decay: 0.0500 (0.0500)  grad_norm: 0.8498 (0.8263)  time: 0.8184  data: 0.4477  max mem: 11583
Epoch: [165]  [50/55]  eta: 0:00:04  lr: 0.000102  min_lr: 0.000102  loss: 0.4919 (0.4936)  loss_scale: 524288.0000 (524288.0000)  weight_decay: 0.0500 (0.0500)  grad_norm: 0.8246 (0.8241)  time: 0.7990  data: 0.4790  max mem: 11583
Epoch: [165]  [54/55]  eta: 0:00:00  lr: 0.000102  min_lr: 0.000102  loss: 0.4919 (0.4938)  loss_scale: 524288.0000 (524288.0000)  weight_decay: 0.0500 (0.0500)  grad_norm: 0.8246 (0.8282)  time: 0.7692  data: 0.4586  max mem: 11583
Epoch: [165] Total time: 0:00:49 (0.8947 s / it)
Averaged stats: lr: 0.000102  min_lr: 0.000102  loss: 0.4919 (0.4938)  loss_scale: 524288.0000 (524288.0000)  weight_decay: 0.0500 (0.0500)  grad_norm: 0.8246 (0.8282)
Epoch: [166]  [ 0/55]  eta: 0:07:16  lr: 0.000102  min_lr: 0.000102  loss: 0.4834 (0.4834)  loss_scale: 524288.0000 (524288.0000)  weight_decay: 0.0500 (0.0500)  grad_norm: 0.7008 (0.7008)  time: 7.9403  data: 7.5424  max mem: 11583
Epoch: [166]  [10/55]  eta: 0:01:07  lr: 0.000102  min_lr: 0.000102  loss: 0.4982 (0.4934)  loss_scale: 524288.0000 (524288.0000)  weight_decay: 0.0500 (0.0500)  grad_norm: 0.7715 (0.7591)  time: 1.4943  data: 1.1466  max mem: 11583
Epoch: [166]  [20/55]  eta: 0:00:40  lr: 0.000101  min_lr: 0.000101  loss: 0.4942 (0.4931)  loss_scale: 524288.0000 (524288.0000)  weight_decay: 0.0500 (0.0500)  grad_norm: 0.7585 (0.7627)  time: 0.8065  data: 0.4582  max mem: 11583
Epoch: [166]  [30/55]  eta: 0:00:26  lr: 0.000101  min_lr: 0.000101  loss: 0.4927 (0.4939)  loss_scale: 524288.0000 (524288.0000)  weight_decay: 0.0500 (0.0500)  grad_norm: 0.6727 (0.7191)  time: 0.8045  data: 0.4410  max mem: 11583
Epoch: [166]  [40/55]  eta: 0:00:14  lr: 0.000101  min_lr: 0.000101  loss: 0.4950 (0.4941)  loss_scale: 524288.0000 (524288.0000)  weight_decay: 0.0500 (0.0500)  grad_norm: 0.7305 (0.7730)  time: 0.8303  data: 0.4633  max mem: 11583
Epoch: [166]  [50/55]  eta: 0:00:04  lr: 0.000101  min_lr: 0.000101  loss: 0.4950 (0.4946)  loss_scale: 524288.0000 (524288.0000)  weight_decay: 0.0500 (0.0500)  grad_norm: 0.9984 (0.8225)  time: 0.8002  data: 0.4464  max mem: 11583
Epoch: [166]  [54/55]  eta: 0:00:00  lr: 0.000101  min_lr: 0.000101  loss: 0.4922 (0.4952)  loss_scale: 524288.0000 (524288.0000)  weight_decay: 0.0500 (0.0500)  grad_norm: 1.0098 (0.8430)  time: 0.7880  data: 0.4367  max mem: 11583
Epoch: [166] Total time: 0:00:50 (0.9093 s / it)
Averaged stats: lr: 0.000101  min_lr: 0.000101  loss: 0.4922 (0.4952)  loss_scale: 524288.0000 (524288.0000)  weight_decay: 0.0500 (0.0500)  grad_norm: 1.0098 (0.8430)
Epoch: [167]  [ 0/55]  eta: 0:07:24  lr: 0.000101  min_lr: 0.000101  loss: 0.4908 (0.4908)  loss_scale: 524288.0000 (524288.0000)  weight_decay: 0.0500 (0.0500)  grad_norm: 0.9188 (0.9188)  time: 8.0830  data: 7.6702  max mem: 11583
Epoch: [167]  [10/55]  eta: 0:01:05  lr: 0.000101  min_lr: 0.000101  loss: 0.4908 (0.4939)  loss_scale: 524288.0000 (524288.0000)  weight_decay: 0.0500 (0.0500)  grad_norm: 0.8257 (0.8042)  time: 1.4541  data: 1.0901  max mem: 11583
Epoch: [167]  [20/55]  eta: 0:00:39  lr: 0.000101  min_lr: 0.000101  loss: 0.4910 (0.4935)  loss_scale: 524288.0000 (524288.0000)  weight_decay: 0.0500 (0.0500)  grad_norm: 0.6863 (0.7615)  time: 0.7756  data: 0.4210  max mem: 11583
Epoch: [167]  [30/55]  eta: 0:00:25  lr: 0.000101  min_lr: 0.000101  loss: 0.4915 (0.4925)  loss_scale: 524288.0000 (524288.0000)  weight_decay: 0.0500 (0.0500)  grad_norm: 0.6839 (0.7599)  time: 0.8122  data: 0.4540  max mem: 11583
Epoch: [167]  [40/55]  eta: 0:00:14  lr: 0.000101  min_lr: 0.000101  loss: 0.4915 (0.4926)  loss_scale: 524288.0000 (524288.0000)  weight_decay: 0.0500 (0.0500)  grad_norm: 0.7467 (0.7649)  time: 0.8318  data: 0.4700  max mem: 11583
Epoch: [167]  [50/55]  eta: 0:00:04  lr: 0.000101  min_lr: 0.000101  loss: 0.4930 (0.4930)  loss_scale: 524288.0000 (524288.0000)  weight_decay: 0.0500 (0.0500)  grad_norm: 0.7648 (0.7725)  time: 0.8024  data: 0.4486  max mem: 11583
Epoch: [167]  [54/55]  eta: 0:00:00  lr: 0.000101  min_lr: 0.000101  loss: 0.4930 (0.4927)  loss_scale: 524288.0000 (524288.0000)  weight_decay: 0.0500 (0.0500)  grad_norm: 0.7925 (0.7736)  time: 0.7766  data: 0.4296  max mem: 11583
Epoch: [167] Total time: 0:00:50 (0.9126 s / it)
Averaged stats: lr: 0.000101  min_lr: 0.000101  loss: 0.4930 (0.4927)  loss_scale: 524288.0000 (524288.0000)  weight_decay: 0.0500 (0.0500)  grad_norm: 0.7925 (0.7736)
Epoch: [168]  [ 0/55]  eta: 0:07:23  lr: 0.000101  min_lr: 0.000101  loss: 0.4917 (0.4917)  loss_scale: 524288.0000 (524288.0000)  weight_decay: 0.0500 (0.0500)  grad_norm: 0.8242 (0.8242)  time: 8.0685  data: 7.6446  max mem: 11583
Epoch: [168]  [10/55]  eta: 0:01:07  lr: 0.000100  min_lr: 0.000100  loss: 0.4952 (0.4945)  loss_scale: 524288.0000 (524288.0000)  weight_decay: 0.0500 (0.0500)  grad_norm: 0.8242 (0.8421)  time: 1.4963  data: 1.1458  max mem: 11583
Epoch: [168]  [20/55]  eta: 0:00:40  lr: 0.000100  min_lr: 0.000100  loss: 0.4952 (0.4948)  loss_scale: 524288.0000 (524288.0000)  weight_decay: 0.0500 (0.0500)  grad_norm: 0.8439 (0.9013)  time: 0.8068  data: 0.4499  max mem: 11583
Epoch: [168]  [30/55]  eta: 0:00:26  lr: 0.000100  min_lr: 0.000100  loss: 0.4938 (0.4952)  loss_scale: 524288.0000 (524288.0000)  weight_decay: 0.0500 (0.0500)  grad_norm: 0.8685 (0.8779)  time: 0.7921  data: 0.4286  max mem: 11583
Epoch: [168]  [40/55]  eta: 0:00:14  lr: 0.000100  min_lr: 0.000100  loss: 0.4924 (0.4937)  loss_scale: 524288.0000 (524288.0000)  weight_decay: 0.0500 (0.0500)  grad_norm: 0.7866 (0.8517)  time: 0.8179  data: 0.4608  max mem: 11583
Epoch: [168]  [50/55]  eta: 0:00:04  lr: 0.000100  min_lr: 0.000100  loss: 0.4911 (0.4942)  loss_scale: 524288.0000 (524288.0000)  weight_decay: 0.0500 (0.0500)  grad_norm: 0.7472 (0.8361)  time: 0.8077  data: 0.4561  max mem: 11583
Epoch: [168]  [54/55]  eta: 0:00:00  lr: 0.000100  min_lr: 0.000100  loss: 0.4903 (0.4937)  loss_scale: 524288.0000 (524288.0000)  weight_decay: 0.0500 (0.0500)  grad_norm: 0.7472 (0.8222)  time: 0.7928  data: 0.4437  max mem: 11583
Epoch: [168] Total time: 0:00:49 (0.9078 s / it)
Averaged stats: lr: 0.000100  min_lr: 0.000100  loss: 0.4903 (0.4937)  loss_scale: 524288.0000 (524288.0000)  weight_decay: 0.0500 (0.0500)  grad_norm: 0.7472 (0.8222)
Epoch: [169]  [ 0/55]  eta: 0:07:35  lr: 0.000100  min_lr: 0.000100  loss: 0.4837 (0.4837)  loss_scale: 524288.0000 (524288.0000)  weight_decay: 0.0500 (0.0500)  grad_norm: 0.6671 (0.6671)  time: 8.2797  data: 7.8590  max mem: 11583
Epoch: [169]  [10/55]  eta: 0:01:04  lr: 0.000100  min_lr: 0.000100  loss: 0.4969 (0.4961)  loss_scale: 524288.0000 (524288.0000)  weight_decay: 0.0500 (0.0500)  grad_norm: 0.7973 (0.8118)  time: 1.4409  data: 1.0751  max mem: 11583
Epoch: [169]  [20/55]  eta: 0:00:40  lr: 0.000100  min_lr: 0.000100  loss: 0.4936 (0.4929)  loss_scale: 524288.0000 (524288.0000)  weight_decay: 0.0500 (0.0500)  grad_norm: 0.8470 (0.8383)  time: 0.7911  data: 0.4287  max mem: 11583
Epoch: [169]  [30/55]  eta: 0:00:25  lr: 0.000100  min_lr: 0.000100  loss: 0.4903 (0.4920)  loss_scale: 524288.0000 (524288.0000)  weight_decay: 0.0500 (0.0500)  grad_norm: 0.8556 (0.8362)  time: 0.8176  data: 0.4542  max mem: 11583
Epoch: [169]  [40/55]  eta: 0:00:14  lr: 0.000100  min_lr: 0.000100  loss: 0.4875 (0.4908)  loss_scale: 524288.0000 (524288.0000)  weight_decay: 0.0500 (0.0500)  grad_norm: 0.8753 (0.8503)  time: 0.8148  data: 0.4494  max mem: 11583
Epoch: [169]  [50/55]  eta: 0:00:04  lr: 0.000100  min_lr: 0.000100  loss: 0.4875 (0.4911)  loss_scale: 524288.0000 (524288.0000)  weight_decay: 0.0500 (0.0500)  grad_norm: 0.9924 (0.8766)  time: 0.8150  data: 0.4582  max mem: 11583
Epoch: [169]  [54/55]  eta: 0:00:00  lr: 0.000099  min_lr: 0.000099  loss: 0.4875 (0.4912)  loss_scale: 524288.0000 (524288.0000)  weight_decay: 0.0500 (0.0500)  grad_norm: 0.9018 (0.8706)  time: 0.7856  data: 0.4354  max mem: 11583
Epoch: [169] Total time: 0:00:50 (0.9141 s / it)
Averaged stats: lr: 0.000099  min_lr: 0.000099  loss: 0.4875 (0.4912)  loss_scale: 524288.0000 (524288.0000)  weight_decay: 0.0500 (0.0500)  grad_norm: 0.9018 (0.8706)
Epoch: [170]  [ 0/55]  eta: 0:07:08  lr: 0.000099  min_lr: 0.000099  loss: 0.4782 (0.4782)  loss_scale: 524288.0000 (524288.0000)  weight_decay: 0.0500 (0.0500)  grad_norm: 0.8750 (0.8750)  time: 7.7841  data: 7.5849  max mem: 11583
Epoch: [170]  [10/55]  eta: 0:01:18  lr: 0.000099  min_lr: 0.000099  loss: 0.4893 (0.4887)  loss_scale: 524288.0000 (524288.0000)  weight_decay: 0.0500 (0.0500)  grad_norm: 0.7923 (0.7743)  time: 1.7365  data: 1.4639  max mem: 11583
Epoch: [170]  [20/55]  eta: 0:00:47  lr: 0.000099  min_lr: 0.000099  loss: 0.4892 (0.4901)  loss_scale: 524288.0000 (524288.0000)  weight_decay: 0.0500 (0.0500)  grad_norm: 0.7104 (0.7438)  time: 1.0208  data: 0.7049  max mem: 11583
Epoch: [170]  [30/55]  eta: 0:00:29  lr: 0.000099  min_lr: 0.000099  loss: 0.4910 (0.4911)  loss_scale: 524288.0000 (524288.0000)  weight_decay: 0.0500 (0.0500)  grad_norm: 0.6619 (0.7123)  time: 0.8572  data: 0.5036  max mem: 11583
Epoch: [170]  [40/55]  eta: 0:00:16  lr: 0.000099  min_lr: 0.000099  loss: 0.4914 (0.4912)  loss_scale: 524288.0000 (524288.0000)  weight_decay: 0.0500 (0.0500)  grad_norm: 0.6546 (0.7121)  time: 0.8009  data: 0.4447  max mem: 11583
Epoch: [170]  [50/55]  eta: 0:00:05  lr: 0.000099  min_lr: 0.000099  loss: 0.4918 (0.4916)  loss_scale: 524288.0000 (524288.0000)  weight_decay: 0.0500 (0.0500)  grad_norm: 0.6850 (0.7226)  time: 0.8124  data: 0.4908  max mem: 11583
Epoch: [170]  [54/55]  eta: 0:00:01  lr: 0.000099  min_lr: 0.000099  loss: 0.4904 (0.4916)  loss_scale: 524288.0000 (524288.0000)  weight_decay: 0.0500 (0.0500)  grad_norm: 0.6924 (0.7154)  time: 0.9078  data: 0.5905  max mem: 11583
Epoch: [170] Total time: 0:00:57 (1.0378 s / it)
Averaged stats: lr: 0.000099  min_lr: 0.000099  loss: 0.4904 (0.4916)  loss_scale: 524288.0000 (524288.0000)  weight_decay: 0.0500 (0.0500)  grad_norm: 0.6924 (0.7154)
Epoch: [171]  [ 0/55]  eta: 0:08:06  lr: 0.000099  min_lr: 0.000099  loss: 0.4835 (0.4835)  loss_scale: 524288.0000 (524288.0000)  weight_decay: 0.0500 (0.0500)  grad_norm: 0.8186 (0.8186)  time: 8.8533  data: 8.4467  max mem: 11583
Epoch: [171]  [10/55]  eta: 0:01:26  lr: 0.000099  min_lr: 0.000099  loss: 0.4886 (0.4910)  loss_scale: 524288.0000 (524288.0000)  weight_decay: 0.0500 (0.0500)  grad_norm: 0.7581 (0.7673)  time: 1.9138  data: 1.5438  max mem: 11583
Epoch: [171]  [20/55]  eta: 0:00:50  lr: 0.000099  min_lr: 0.000099  loss: 0.4918 (0.4912)  loss_scale: 524288.0000 (524288.0000)  weight_decay: 0.0500 (0.0500)  grad_norm: 0.7681 (0.8078)  time: 1.0643  data: 0.7034  max mem: 11583
Epoch: [171]  [30/55]  eta: 0:00:30  lr: 0.000099  min_lr: 0.000099  loss: 0.4933 (0.4923)  loss_scale: 524288.0000 (524288.0000)  weight_decay: 0.0500 (0.0500)  grad_norm: 0.8267 (0.7993)  time: 0.8528  data: 0.4933  max mem: 11583
Epoch: [171]  [40/55]  eta: 0:00:16  lr: 0.000099  min_lr: 0.000099  loss: 0.4892 (0.4906)  loss_scale: 524288.0000 (524288.0000)  weight_decay: 0.0500 (0.0500)  grad_norm: 0.7734 (0.8115)  time: 0.8134  data: 0.4499  max mem: 11583
Epoch: [171]  [50/55]  eta: 0:00:05  lr: 0.000098  min_lr: 0.000098  loss: 0.4871 (0.4900)  loss_scale: 524288.0000 (524288.0000)  weight_decay: 0.0500 (0.0500)  grad_norm: 0.7660 (0.7997)  time: 0.7966  data: 0.4433  max mem: 11583
Epoch: [171]  [54/55]  eta: 0:00:01  lr: 0.000098  min_lr: 0.000098  loss: 0.4848 (0.4897)  loss_scale: 524288.0000 (524288.0000)  weight_decay: 0.0500 (0.0500)  grad_norm: 0.7358 (0.7902)  time: 0.7747  data: 0.4259  max mem: 11583
Epoch: [171] Total time: 0:00:55 (1.0103 s / it)
Averaged stats: lr: 0.000098  min_lr: 0.000098  loss: 0.4848 (0.4897)  loss_scale: 524288.0000 (524288.0000)  weight_decay: 0.0500 (0.0500)  grad_norm: 0.7358 (0.7902)
Epoch: [172]  [ 0/55]  eta: 0:09:35  lr: 0.000098  min_lr: 0.000098  loss: 0.4804 (0.4804)  loss_scale: 524288.0000 (524288.0000)  weight_decay: 0.0500 (0.0500)  grad_norm: 0.7771 (0.7771)  time: 10.4655  data: 10.1283  max mem: 11583
Epoch: [172]  [10/55]  eta: 0:01:15  lr: 0.000098  min_lr: 0.000098  loss: 0.4877 (0.4865)  loss_scale: 524288.0000 (524288.0000)  weight_decay: 0.0500 (0.0500)  grad_norm: 0.7771 (0.7857)  time: 1.6667  data: 1.3066  max mem: 11583
Epoch: [172]  [20/55]  eta: 0:00:43  lr: 0.000098  min_lr: 0.000098  loss: 0.4864 (0.4869)  loss_scale: 524288.0000 (524288.0000)  weight_decay: 0.0500 (0.0500)  grad_norm: 0.7128 (0.7308)  time: 0.7872  data: 0.4271  max mem: 11583
Epoch: [172]  [30/55]  eta: 0:00:27  lr: 0.000098  min_lr: 0.000098  loss: 0.4864 (0.4874)  loss_scale: 524288.0000 (524288.0000)  weight_decay: 0.0500 (0.0500)  grad_norm: 0.7220 (0.7782)  time: 0.8126  data: 0.4564  max mem: 11583
Epoch: [172]  [40/55]  eta: 0:00:15  lr: 0.000098  min_lr: 0.000098  loss: 0.4885 (0.4878)  loss_scale: 524288.0000 (524288.0000)  weight_decay: 0.0500 (0.0500)  grad_norm: 0.9043 (0.8201)  time: 0.8287  data: 0.4687  max mem: 11583
Epoch: [172]  [50/55]  eta: 0:00:04  lr: 0.000098  min_lr: 0.000098  loss: 0.4885 (0.4877)  loss_scale: 524288.0000 (524288.0000)  weight_decay: 0.0500 (0.0500)  grad_norm: 0.8526 (0.8047)  time: 0.8075  data: 0.4710  max mem: 11583
Epoch: [172]  [54/55]  eta: 0:00:00  lr: 0.000098  min_lr: 0.000098  loss: 0.4873 (0.4876)  loss_scale: 524288.0000 (524288.0000)  weight_decay: 0.0500 (0.0500)  grad_norm: 0.7513 (0.8006)  time: 0.7961  data: 0.4642  max mem: 11583
Epoch: [172] Total time: 0:00:52 (0.9549 s / it)
Averaged stats: lr: 0.000098  min_lr: 0.000098  loss: 0.4873 (0.4876)  loss_scale: 524288.0000 (524288.0000)  weight_decay: 0.0500 (0.0500)  grad_norm: 0.7513 (0.8006)
Epoch: [173]  [ 0/55]  eta: 0:07:21  lr: 0.000098  min_lr: 0.000098  loss: 0.4780 (0.4780)  loss_scale: 524288.0000 (524288.0000)  weight_decay: 0.0500 (0.0500)  grad_norm: 0.7244 (0.7244)  time: 8.0283  data: 7.6089  max mem: 11583
Epoch: [173]  [10/55]  eta: 0:01:07  lr: 0.000098  min_lr: 0.000098  loss: 0.4893 (0.4859)  loss_scale: 524288.0000 (524288.0000)  weight_decay: 0.0500 (0.0500)  grad_norm: 0.7963 (0.7904)  time: 1.5002  data: 1.1492  max mem: 11583
Epoch: [173]  [20/55]  eta: 0:00:40  lr: 0.000098  min_lr: 0.000098  loss: 0.4893 (0.4863)  loss_scale: 524288.0000 (524288.0000)  weight_decay: 0.0500 (0.0500)  grad_norm: 0.8026 (0.8078)  time: 0.8198  data: 0.4641  max mem: 11583
Epoch: [173]  [30/55]  eta: 0:00:26  lr: 0.000098  min_lr: 0.000098  loss: 0.4892 (0.4877)  loss_scale: 524288.0000 (524288.0000)  weight_decay: 0.0500 (0.0500)  grad_norm: 0.8165 (0.7993)  time: 0.8137  data: 0.4502  max mem: 11583
Epoch: [173]  [40/55]  eta: 0:00:14  lr: 0.000097  min_lr: 0.000097  loss: 0.4875 (0.4866)  loss_scale: 524288.0000 (524288.0000)  weight_decay: 0.0500 (0.0500)  grad_norm: 0.7776 (0.8216)  time: 0.8250  data: 0.4623  max mem: 11583
Epoch: [173]  [50/55]  eta: 0:00:04  lr: 0.000097  min_lr: 0.000097  loss: 0.4865 (0.4880)  loss_scale: 524288.0000 (524288.0000)  weight_decay: 0.0500 (0.0500)  grad_norm: 0.7584 (0.8063)  time: 0.8049  data: 0.4470  max mem: 11583
Epoch: [173]  [54/55]  eta: 0:00:00  lr: 0.000097  min_lr: 0.000097  loss: 0.4866 (0.4880)  loss_scale: 524288.0000 (524288.0000)  weight_decay: 0.0500 (0.0500)  grad_norm: 0.7551 (0.8035)  time: 0.7812  data: 0.4275  max mem: 11583
Epoch: [173] Total time: 0:00:50 (0.9178 s / it)
Averaged stats: lr: 0.000097  min_lr: 0.000097  loss: 0.4866 (0.4880)  loss_scale: 524288.0000 (524288.0000)  weight_decay: 0.0500 (0.0500)  grad_norm: 0.7551 (0.8035)
Epoch: [174]  [ 0/55]  eta: 0:07:30  lr: 0.000097  min_lr: 0.000097  loss: 0.4972 (0.4972)  loss_scale: 524288.0000 (524288.0000)  weight_decay: 0.0500 (0.0500)  grad_norm: 1.0259 (1.0259)  time: 8.1996  data: 7.6871  max mem: 11583
Epoch: [174]  [10/55]  eta: 0:01:06  lr: 0.000097  min_lr: 0.000097  loss: 0.4891 (0.4891)  loss_scale: 524288.0000 (524288.0000)  weight_decay: 0.0500 (0.0500)  grad_norm: 0.9655 (0.9359)  time: 1.4755  data: 1.0879  max mem: 11583
Epoch: [174]  [20/55]  eta: 0:00:40  lr: 0.000097  min_lr: 0.000097  loss: 0.4853 (0.4889)  loss_scale: 524288.0000 (524288.0000)  weight_decay: 0.0500 (0.0500)  grad_norm: 0.8336 (0.8601)  time: 0.7905  data: 0.4195  max mem: 11583
Epoch: [174]  [30/55]  eta: 0:00:25  lr: 0.000097  min_lr: 0.000097  loss: 0.4888 (0.4897)  loss_scale: 524288.0000 (524288.0000)  weight_decay: 0.0500 (0.0500)  grad_norm: 0.7612 (0.8449)  time: 0.7966  data: 0.4279  max mem: 11583
Epoch: [174]  [40/55]  eta: 0:00:14  lr: 0.000097  min_lr: 0.000097  loss: 0.4885 (0.4878)  loss_scale: 524288.0000 (524288.0000)  weight_decay: 0.0500 (0.0500)  grad_norm: 0.7612 (0.8215)  time: 0.8346  data: 0.4674  max mem: 11583
Epoch: [174]  [50/55]  eta: 0:00:04  lr: 0.000097  min_lr: 0.000097  loss: 0.4844 (0.4880)  loss_scale: 524288.0000 (524288.0000)  weight_decay: 0.0500 (0.0500)  grad_norm: 0.8479 (0.8508)  time: 0.8164  data: 0.4619  max mem: 11583
Epoch: [174]  [54/55]  eta: 0:00:00  lr: 0.000097  min_lr: 0.000097  loss: 0.4869 (0.4882)  loss_scale: 524288.0000 (524288.0000)  weight_decay: 0.0500 (0.0500)  grad_norm: 0.8516 (0.8532)  time: 0.7786  data: 0.4289  max mem: 11583
Epoch: [174] Total time: 0:00:50 (0.9128 s / it)
Averaged stats: lr: 0.000097  min_lr: 0.000097  loss: 0.4869 (0.4882)  loss_scale: 524288.0000 (524288.0000)  weight_decay: 0.0500 (0.0500)  grad_norm: 0.8516 (0.8532)
Epoch: [175]  [ 0/55]  eta: 0:07:14  lr: 0.000097  min_lr: 0.000097  loss: 0.4864 (0.4864)  loss_scale: 524288.0000 (524288.0000)  weight_decay: 0.0500 (0.0500)  grad_norm: 0.8976 (0.8976)  time: 7.9041  data: 7.5447  max mem: 11583
Epoch: [175]  [10/55]  eta: 0:01:03  lr: 0.000097  min_lr: 0.000097  loss: 0.4864 (0.4884)  loss_scale: 524288.0000 (524288.0000)  weight_decay: 0.0500 (0.0500)  grad_norm: 0.7941 (0.8123)  time: 1.4219  data: 1.0645  max mem: 11583
Epoch: [175]  [20/55]  eta: 0:00:39  lr: 0.000097  min_lr: 0.000097  loss: 0.4859 (0.4879)  loss_scale: 524288.0000 (524288.0000)  weight_decay: 0.0500 (0.0500)  grad_norm: 0.7768 (0.8181)  time: 0.7946  data: 0.4279  max mem: 11583
Epoch: [175]  [30/55]  eta: 0:00:25  lr: 0.000096  min_lr: 0.000096  loss: 0.4859 (0.4878)  loss_scale: 524288.0000 (524288.0000)  weight_decay: 0.0500 (0.0500)  grad_norm: 0.7590 (0.8051)  time: 0.8115  data: 0.4471  max mem: 11583
Epoch: [175]  [40/55]  eta: 0:00:14  lr: 0.000096  min_lr: 0.000096  loss: 0.4848 (0.4870)  loss_scale: 524288.0000 (524288.0000)  weight_decay: 0.0500 (0.0500)  grad_norm: 0.7598 (0.8076)  time: 0.8052  data: 0.4402  max mem: 11583
Epoch: [175]  [50/55]  eta: 0:00:04  lr: 0.000096  min_lr: 0.000096  loss: 0.4921 (0.4875)  loss_scale: 524288.0000 (524288.0000)  weight_decay: 0.0500 (0.0500)  grad_norm: 0.8102 (0.8215)  time: 0.8363  data: 0.4711  max mem: 11583
Epoch: [175]  [54/55]  eta: 0:00:00  lr: 0.000096  min_lr: 0.000096  loss: 0.4928 (0.4878)  loss_scale: 524288.0000 (524288.0000)  weight_decay: 0.0500 (0.0500)  grad_norm: 0.8081 (0.8172)  time: 0.8128  data: 0.4536  max mem: 11583
Epoch: [175] Total time: 0:00:50 (0.9176 s / it)
Averaged stats: lr: 0.000096  min_lr: 0.000096  loss: 0.4928 (0.4878)  loss_scale: 524288.0000 (524288.0000)  weight_decay: 0.0500 (0.0500)  grad_norm: 0.8081 (0.8172)
Epoch: [176]  [ 0/55]  eta: 0:07:16  lr: 0.000096  min_lr: 0.000096  loss: 0.4811 (0.4811)  loss_scale: 524288.0000 (524288.0000)  weight_decay: 0.0500 (0.0500)  grad_norm: 0.7533 (0.7533)  time: 7.9437  data: 7.6880  max mem: 11583
Epoch: [176]  [10/55]  eta: 0:01:06  lr: 0.000096  min_lr: 0.000096  loss: 0.4825 (0.4849)  loss_scale: 524288.0000 (524288.0000)  weight_decay: 0.0500 (0.0500)  grad_norm: 0.6710 (0.6637)  time: 1.4868  data: 1.1524  max mem: 11583
Epoch: [176]  [20/55]  eta: 0:00:40  lr: 0.000096  min_lr: 0.000096  loss: 0.4853 (0.4850)  loss_scale: 524288.0000 (524288.0000)  weight_decay: 0.0500 (0.0500)  grad_norm: 0.6594 (0.6501)  time: 0.8106  data: 0.4594  max mem: 11583
Epoch: [176]  [30/55]  eta: 0:00:26  lr: 0.000096  min_lr: 0.000096  loss: 0.4887 (0.4868)  loss_scale: 524288.0000 (524288.0000)  weight_decay: 0.0500 (0.0500)  grad_norm: 0.6606 (0.6802)  time: 0.8195  data: 0.4591  max mem: 11583
Epoch: [176]  [40/55]  eta: 0:00:14  lr: 0.000096  min_lr: 0.000096  loss: 0.4867 (0.4864)  loss_scale: 524288.0000 (524288.0000)  weight_decay: 0.0500 (0.0500)  grad_norm: 0.7684 (0.7263)  time: 0.8325  data: 0.4732  max mem: 11583
Epoch: [176]  [50/55]  eta: 0:00:04  lr: 0.000096  min_lr: 0.000096  loss: 0.4818 (0.4861)  loss_scale: 524288.0000 (524288.0000)  weight_decay: 0.0500 (0.0500)  grad_norm: 0.8071 (0.7444)  time: 0.8078  data: 0.4551  max mem: 11583
Epoch: [176]  [54/55]  eta: 0:00:00  lr: 0.000096  min_lr: 0.000096  loss: 0.4831 (0.4863)  loss_scale: 524288.0000 (524288.0000)  weight_decay: 0.0500 (0.0500)  grad_norm: 0.7830 (0.7499)  time: 0.7898  data: 0.4397  max mem: 11583
Epoch: [176] Total time: 0:00:50 (0.9179 s / it)
Averaged stats: lr: 0.000096  min_lr: 0.000096  loss: 0.4831 (0.4863)  loss_scale: 524288.0000 (524288.0000)  weight_decay: 0.0500 (0.0500)  grad_norm: 0.7830 (0.7499)
Epoch: [177]  [ 0/55]  eta: 0:07:21  lr: 0.000096  min_lr: 0.000096  loss: 0.4791 (0.4791)  loss_scale: 524288.0000 (524288.0000)  weight_decay: 0.0500 (0.0500)  grad_norm: 0.9645 (0.9645)  time: 8.0265  data: 7.6789  max mem: 11583
Epoch: [177]  [10/55]  eta: 0:01:04  lr: 0.000096  min_lr: 0.000096  loss: 0.4877 (0.4880)  loss_scale: 524288.0000 (524288.0000)  weight_decay: 0.0500 (0.0500)  grad_norm: 0.8768 (0.8688)  time: 1.4294  data: 1.0706  max mem: 11583
Epoch: [177]  [20/55]  eta: 0:00:38  lr: 0.000095  min_lr: 0.000095  loss: 0.4878 (0.4881)  loss_scale: 524288.0000 (524288.0000)  weight_decay: 0.0500 (0.0500)  grad_norm: 0.9102 (0.8958)  time: 0.7663  data: 0.4063  max mem: 11583
Epoch: [177]  [30/55]  eta: 0:00:25  lr: 0.000095  min_lr: 0.000095  loss: 0.4882 (0.4881)  loss_scale: 524288.0000 (524288.0000)  weight_decay: 0.0500 (0.0500)  grad_norm: 0.9172 (0.8909)  time: 0.7765  data: 0.4224  max mem: 11583
Epoch: [177]  [40/55]  eta: 0:00:14  lr: 0.000095  min_lr: 0.000095  loss: 0.4866 (0.4876)  loss_scale: 524288.0000 (524288.0000)  weight_decay: 0.0500 (0.0500)  grad_norm: 0.7644 (0.8590)  time: 0.8178  data: 0.4672  max mem: 11583
Epoch: [177]  [50/55]  eta: 0:00:04  lr: 0.000095  min_lr: 0.000095  loss: 0.4864 (0.4881)  loss_scale: 524288.0000 (524288.0000)  weight_decay: 0.0500 (0.0500)  grad_norm: 0.7437 (0.8454)  time: 0.8027  data: 0.4486  max mem: 11583
Epoch: [177]  [54/55]  eta: 0:00:00  lr: 0.000095  min_lr: 0.000095  loss: 0.4864 (0.4884)  loss_scale: 524288.0000 (524288.0000)  weight_decay: 0.0500 (0.0500)  grad_norm: 0.7644 (0.8494)  time: 0.7990  data: 0.4489  max mem: 11583
Epoch: [177] Total time: 0:00:48 (0.8870 s / it)
Averaged stats: lr: 0.000095  min_lr: 0.000095  loss: 0.4864 (0.4884)  loss_scale: 524288.0000 (524288.0000)  weight_decay: 0.0500 (0.0500)  grad_norm: 0.7644 (0.8494)
Epoch: [178]  [ 0/55]  eta: 0:07:50  lr: 0.000095  min_lr: 0.000095  loss: 0.4806 (0.4806)  loss_scale: 524288.0000 (524288.0000)  weight_decay: 0.0500 (0.0500)  grad_norm: 1.0344 (1.0344)  time: 8.5536  data: 8.1467  max mem: 11583
Epoch: [178]  [10/55]  eta: 0:01:04  lr: 0.000095  min_lr: 0.000095  loss: 0.4865 (0.4875)  loss_scale: 524288.0000 (524288.0000)  weight_decay: 0.0500 (0.0500)  grad_norm: 0.8315 (0.8262)  time: 1.4443  data: 1.0814  max mem: 11583
Epoch: [178]  [20/55]  eta: 0:00:39  lr: 0.000095  min_lr: 0.000095  loss: 0.4850 (0.4844)  loss_scale: 524288.0000 (524288.0000)  weight_decay: 0.0500 (0.0500)  grad_norm: 0.6797 (0.7382)  time: 0.7446  data: 0.3890  max mem: 11583
Epoch: [178]  [30/55]  eta: 0:00:25  lr: 0.000095  min_lr: 0.000095  loss: 0.4841 (0.4854)  loss_scale: 524288.0000 (524288.0000)  weight_decay: 0.0500 (0.0500)  grad_norm: 0.6799 (0.7610)  time: 0.7982  data: 0.4888  max mem: 11583
Epoch: [178]  [40/55]  eta: 0:00:14  lr: 0.000095  min_lr: 0.000095  loss: 0.4833 (0.4849)  loss_scale: 524288.0000 (524288.0000)  weight_decay: 0.0500 (0.0500)  grad_norm: 0.8314 (0.7767)  time: 0.8251  data: 0.5083  max mem: 11583
Epoch: [178]  [50/55]  eta: 0:00:04  lr: 0.000095  min_lr: 0.000095  loss: 0.4833 (0.4848)  loss_scale: 524288.0000 (524288.0000)  weight_decay: 0.0500 (0.0500)  grad_norm: 0.7743 (0.7755)  time: 0.8069  data: 0.4505  max mem: 11583
Epoch: [178]  [54/55]  eta: 0:00:00  lr: 0.000095  min_lr: 0.000095  loss: 0.4830 (0.4846)  loss_scale: 524288.0000 (524288.0000)  weight_decay: 0.0500 (0.0500)  grad_norm: 0.6712 (0.7649)  time: 0.7880  data: 0.4353  max mem: 11583
Epoch: [178] Total time: 0:00:49 (0.8993 s / it)
Averaged stats: lr: 0.000095  min_lr: 0.000095  loss: 0.4830 (0.4846)  loss_scale: 524288.0000 (524288.0000)  weight_decay: 0.0500 (0.0500)  grad_norm: 0.6712 (0.7649)
Epoch: [179]  [ 0/55]  eta: 0:08:10  lr: 0.000095  min_lr: 0.000095  loss: 0.4718 (0.4718)  loss_scale: 524288.0000 (524288.0000)  weight_decay: 0.0500 (0.0500)  grad_norm: 0.9210 (0.9210)  time: 8.9096  data: 8.4924  max mem: 11583
Epoch: [179]  [10/55]  eta: 0:01:07  lr: 0.000094  min_lr: 0.000094  loss: 0.4799 (0.4822)  loss_scale: 524288.0000 (524288.0000)  weight_decay: 0.0500 (0.0500)  grad_norm: 0.8385 (0.8307)  time: 1.5049  data: 1.1348  max mem: 11583
Epoch: [179]  [20/55]  eta: 0:00:40  lr: 0.000094  min_lr: 0.000094  loss: 0.4834 (0.4824)  loss_scale: 524288.0000 (524288.0000)  weight_decay: 0.0500 (0.0500)  grad_norm: 0.6766 (0.7452)  time: 0.7827  data: 0.4184  max mem: 11583
Epoch: [179]  [30/55]  eta: 0:00:26  lr: 0.000094  min_lr: 0.000094  loss: 0.4857 (0.4840)  loss_scale: 524288.0000 (524288.0000)  weight_decay: 0.0500 (0.0500)  grad_norm: 0.6766 (0.7609)  time: 0.7925  data: 0.4341  max mem: 11583
Epoch: [179]  [40/55]  eta: 0:00:14  lr: 0.000094  min_lr: 0.000094  loss: 0.4852 (0.4843)  loss_scale: 524288.0000 (524288.0000)  weight_decay: 0.0500 (0.0500)  grad_norm: 0.7509 (0.7624)  time: 0.7950  data: 0.4364  max mem: 11583
Epoch: [179]  [50/55]  eta: 0:00:04  lr: 0.000094  min_lr: 0.000094  loss: 0.4852 (0.4843)  loss_scale: 524288.0000 (524288.0000)  weight_decay: 0.0500 (0.0500)  grad_norm: 0.7378 (0.7450)  time: 0.8045  data: 0.4545  max mem: 11583
Epoch: [179]  [54/55]  eta: 0:00:00  lr: 0.000094  min_lr: 0.000094  loss: 0.4855 (0.4846)  loss_scale: 524288.0000 (524288.0000)  weight_decay: 0.0500 (0.0500)  grad_norm: 0.7378 (0.7411)  time: 0.8024  data: 0.4542  max mem: 11583
Epoch: [179] Total time: 0:00:49 (0.9084 s / it)
Averaged stats: lr: 0.000094  min_lr: 0.000094  loss: 0.4855 (0.4846)  loss_scale: 524288.0000 (524288.0000)  weight_decay: 0.0500 (0.0500)  grad_norm: 0.7378 (0.7411)
Epoch: [180]  [ 0/55]  eta: 0:07:14  lr: 0.000094  min_lr: 0.000094  loss: 0.4715 (0.4715)  loss_scale: 524288.0000 (524288.0000)  weight_decay: 0.0500 (0.0500)  grad_norm: 0.7770 (0.7770)  time: 7.9066  data: 7.4918  max mem: 11583
Epoch: [180]  [10/55]  eta: 0:01:07  lr: 0.000094  min_lr: 0.000094  loss: 0.4866 (0.4857)  loss_scale: 524288.0000 (524288.0000)  weight_decay: 0.0500 (0.0500)  grad_norm: 0.8969 (0.8587)  time: 1.4932  data: 1.1290  max mem: 11583
Epoch: [180]  [20/55]  eta: 0:00:40  lr: 0.000094  min_lr: 0.000094  loss: 0.4855 (0.4850)  loss_scale: 524288.0000 (524288.0000)  weight_decay: 0.0500 (0.0500)  grad_norm: 0.7516 (0.8141)  time: 0.8128  data: 0.4500  max mem: 11583
Epoch: [180]  [30/55]  eta: 0:00:26  lr: 0.000094  min_lr: 0.000094  loss: 0.4849 (0.4840)  loss_scale: 524288.0000 (524288.0000)  weight_decay: 0.0500 (0.0500)  grad_norm: 0.7516 (0.7942)  time: 0.8018  data: 0.4379  max mem: 11583
Epoch: [180]  [40/55]  eta: 0:00:14  lr: 0.000094  min_lr: 0.000094  loss: 0.4818 (0.4839)  loss_scale: 524288.0000 (524288.0000)  weight_decay: 0.0500 (0.0500)  grad_norm: 0.7566 (0.7928)  time: 0.8162  data: 0.4552  max mem: 11583
Epoch: [180]  [50/55]  eta: 0:00:04  lr: 0.000093  min_lr: 0.000093  loss: 0.4842 (0.4845)  loss_scale: 524288.0000 (524288.0000)  weight_decay: 0.0500 (0.0500)  grad_norm: 0.7816 (0.8071)  time: 0.7880  data: 0.4336  max mem: 11583
Epoch: [180]  [54/55]  eta: 0:00:00  lr: 0.000093  min_lr: 0.000093  loss: 0.4842 (0.4842)  loss_scale: 524288.0000 (524288.0000)  weight_decay: 0.0500 (0.0500)  grad_norm: 0.8098 (0.8077)  time: 0.7947  data: 0.4430  max mem: 11583
Epoch: [180] Total time: 0:00:50 (0.9234 s / it)
Averaged stats: lr: 0.000093  min_lr: 0.000093  loss: 0.4842 (0.4842)  loss_scale: 524288.0000 (524288.0000)  weight_decay: 0.0500 (0.0500)  grad_norm: 0.8098 (0.8077)
Epoch: [181]  [ 0/55]  eta: 0:07:21  lr: 0.000093  min_lr: 0.000093  loss: 0.4828 (0.4828)  loss_scale: 524288.0000 (524288.0000)  weight_decay: 0.0500 (0.0500)  grad_norm: 0.6086 (0.6086)  time: 8.0254  data: 7.6126  max mem: 11583
Epoch: [181]  [10/55]  eta: 0:01:06  lr: 0.000093  min_lr: 0.000093  loss: 0.4852 (0.4842)  loss_scale: 524288.0000 (524288.0000)  weight_decay: 0.0500 (0.0500)  grad_norm: 0.6637 (0.7625)  time: 1.4855  data: 1.1234  max mem: 11583
Epoch: [181]  [20/55]  eta: 0:00:40  lr: 0.000093  min_lr: 0.000093  loss: 0.4860 (0.4847)  loss_scale: 524288.0000 (524288.0000)  weight_decay: 0.0500 (0.0500)  grad_norm: 0.7509 (0.7580)  time: 0.8041  data: 0.4473  max mem: 11583
Epoch: [181]  [30/55]  eta: 0:00:26  lr: 0.000093  min_lr: 0.000093  loss: 0.4883 (0.4865)  loss_scale: 524288.0000 (524288.0000)  weight_decay: 0.0500 (0.0500)  grad_norm: 0.7920 (0.7703)  time: 0.7978  data: 0.4381  max mem: 11583
Epoch: [181]  [40/55]  eta: 0:00:15  lr: 0.000093  min_lr: 0.000093  loss: 0.4845 (0.4849)  loss_scale: 524288.0000 (524288.0000)  weight_decay: 0.0500 (0.0500)  grad_norm: 0.7900 (0.7805)  time: 0.8481  data: 0.4838  max mem: 11583
Epoch: [181]  [50/55]  eta: 0:00:04  lr: 0.000093  min_lr: 0.000093  loss: 0.4810 (0.4846)  loss_scale: 524288.0000 (524288.0000)  weight_decay: 0.0500 (0.0500)  grad_norm: 0.7675 (0.7797)  time: 0.8231  data: 0.4712  max mem: 11583
Epoch: [181]  [54/55]  eta: 0:00:00  lr: 0.000093  min_lr: 0.000093  loss: 0.4822 (0.4847)  loss_scale: 524288.0000 (524288.0000)  weight_decay: 0.0500 (0.0500)  grad_norm: 0.7751 (0.7905)  time: 0.8001  data: 0.4605  max mem: 11583
Epoch: [181] Total time: 0:00:50 (0.9174 s / it)
Averaged stats: lr: 0.000093  min_lr: 0.000093  loss: 0.4822 (0.4847)  loss_scale: 524288.0000 (524288.0000)  weight_decay: 0.0500 (0.0500)  grad_norm: 0.7751 (0.7905)
Epoch: [182]  [ 0/55]  eta: 0:07:41  lr: 0.000093  min_lr: 0.000093  loss: 0.4826 (0.4826)  loss_scale: 524288.0000 (524288.0000)  weight_decay: 0.0500 (0.0500)  grad_norm: 0.7567 (0.7567)  time: 8.3885  data: 7.9941  max mem: 11583
Epoch: [182]  [10/55]  eta: 0:01:05  lr: 0.000093  min_lr: 0.000093  loss: 0.4826 (0.4870)  loss_scale: 524288.0000 (524288.0000)  weight_decay: 0.0500 (0.0500)  grad_norm: 0.7875 (0.7937)  time: 1.4487  data: 1.0851  max mem: 11583
Epoch: [182]  [20/55]  eta: 0:00:39  lr: 0.000093  min_lr: 0.000093  loss: 0.4868 (0.4864)  loss_scale: 524288.0000 (524288.0000)  weight_decay: 0.0500 (0.0500)  grad_norm: 0.7745 (0.7997)  time: 0.7720  data: 0.4125  max mem: 11583
Epoch: [182]  [30/55]  eta: 0:00:25  lr: 0.000093  min_lr: 0.000093  loss: 0.4874 (0.4868)  loss_scale: 524288.0000 (524288.0000)  weight_decay: 0.0500 (0.0500)  grad_norm: 0.7869 (0.8115)  time: 0.7943  data: 0.4367  max mem: 11583
Epoch: [182]  [40/55]  eta: 0:00:14  lr: 0.000092  min_lr: 0.000092  loss: 0.4867 (0.4862)  loss_scale: 524288.0000 (524288.0000)  weight_decay: 0.0500 (0.0500)  grad_norm: 0.8268 (0.8171)  time: 0.8000  data: 0.4361  max mem: 11583
Epoch: [182]  [50/55]  eta: 0:00:04  lr: 0.000092  min_lr: 0.000092  loss: 0.4842 (0.4864)  loss_scale: 524288.0000 (524288.0000)  weight_decay: 0.0500 (0.0500)  grad_norm: 0.8916 (0.8516)  time: 0.7944  data: 0.5022  max mem: 11583
Epoch: [182]  [54/55]  eta: 0:00:00  lr: 0.000092  min_lr: 0.000092  loss: 0.4837 (0.4861)  loss_scale: 524288.0000 (524288.0000)  weight_decay: 0.0500 (0.0500)  grad_norm: 0.8767 (0.8484)  time: 0.7908  data: 0.5025  max mem: 11583
Epoch: [182] Total time: 0:00:50 (0.9145 s / it)
Averaged stats: lr: 0.000092  min_lr: 0.000092  loss: 0.4837 (0.4861)  loss_scale: 524288.0000 (524288.0000)  weight_decay: 0.0500 (0.0500)  grad_norm: 0.8767 (0.8484)
Epoch: [183]  [ 0/55]  eta: 0:07:12  lr: 0.000092  min_lr: 0.000092  loss: 0.4797 (0.4797)  loss_scale: 524288.0000 (524288.0000)  weight_decay: 0.0500 (0.0500)  grad_norm: 0.8401 (0.8401)  time: 7.8625  data: 7.4529  max mem: 11583
Epoch: [183]  [10/55]  eta: 0:01:07  lr: 0.000092  min_lr: 0.000092  loss: 0.4845 (0.4836)  loss_scale: 524288.0000 (524288.0000)  weight_decay: 0.0500 (0.0500)  grad_norm: 0.7614 (0.7633)  time: 1.5002  data: 1.1140  max mem: 11583
Epoch: [183]  [20/55]  eta: 0:00:40  lr: 0.000092  min_lr: 0.000092  loss: 0.4807 (0.4828)  loss_scale: 524288.0000 (524288.0000)  weight_decay: 0.0500 (0.0500)  grad_norm: 0.6846 (0.7209)  time: 0.8220  data: 0.4428  max mem: 11583
Epoch: [183]  [30/55]  eta: 0:00:26  lr: 0.000092  min_lr: 0.000092  loss: 0.4774 (0.4816)  loss_scale: 524288.0000 (524288.0000)  weight_decay: 0.0500 (0.0500)  grad_norm: 0.6712 (0.7181)  time: 0.7976  data: 0.4241  max mem: 11583
Epoch: [183]  [40/55]  eta: 0:00:14  lr: 0.000092  min_lr: 0.000092  loss: 0.4813 (0.4819)  loss_scale: 524288.0000 (524288.0000)  weight_decay: 0.0500 (0.0500)  grad_norm: 0.8214 (0.7661)  time: 0.8100  data: 0.4402  max mem: 11583
Epoch: [183]  [50/55]  eta: 0:00:04  lr: 0.000092  min_lr: 0.000092  loss: 0.4852 (0.4828)  loss_scale: 524288.0000 (524288.0000)  weight_decay: 0.0500 (0.0500)  grad_norm: 0.8909 (0.7889)  time: 0.7897  data: 0.4326  max mem: 11583
Epoch: [183]  [54/55]  eta: 0:00:00  lr: 0.000092  min_lr: 0.000092  loss: 0.4856 (0.4833)  loss_scale: 524288.0000 (524288.0000)  weight_decay: 0.0500 (0.0500)  grad_norm: 0.9180 (0.8065)  time: 0.7738  data: 0.4224  max mem: 11583
Epoch: [183] Total time: 0:00:49 (0.9046 s / it)
Averaged stats: lr: 0.000092  min_lr: 0.000092  loss: 0.4856 (0.4833)  loss_scale: 524288.0000 (524288.0000)  weight_decay: 0.0500 (0.0500)  grad_norm: 0.9180 (0.8065)
Epoch: [184]  [ 0/55]  eta: 0:10:48  lr: 0.000092  min_lr: 0.000092  loss: 0.4746 (0.4746)  loss_scale: 524288.0000 (524288.0000)  weight_decay: 0.0500 (0.0500)  grad_norm: 0.7385 (0.7385)  time: 11.7929  data: 11.4488  max mem: 11583
Epoch: [184]  [10/55]  eta: 0:01:26  lr: 0.000092  min_lr: 0.000092  loss: 0.4855 (0.4827)  loss_scale: 524288.0000 (524288.0000)  weight_decay: 0.0500 (0.0500)  grad_norm: 0.7961 (0.8071)  time: 1.9211  data: 1.5695  max mem: 11583
Epoch: [184]  [20/55]  eta: 0:00:50  lr: 0.000092  min_lr: 0.000092  loss: 0.4814 (0.4810)  loss_scale: 524288.0000 (524288.0000)  weight_decay: 0.0500 (0.0500)  grad_norm: 0.7213 (0.7571)  time: 0.9168  data: 0.5583  max mem: 11583
Epoch: [184]  [30/55]  eta: 0:00:31  lr: 0.000091  min_lr: 0.000091  loss: 0.4814 (0.4820)  loss_scale: 524288.0000 (524288.0000)  weight_decay: 0.0500 (0.0500)  grad_norm: 0.7462 (0.7816)  time: 0.9079  data: 0.5450  max mem: 11583
Epoch: [184]  [40/55]  eta: 0:00:19  lr: 0.000091  min_lr: 0.000091  loss: 0.4805 (0.4805)  loss_scale: 524288.0000 (524288.0000)  weight_decay: 0.0500 (0.0500)  grad_norm: 0.7878 (0.7845)  time: 1.0942  data: 0.7777  max mem: 11583
Epoch: [184]  [50/55]  eta: 0:00:06  lr: 0.000091  min_lr: 0.000091  loss: 0.4763 (0.4806)  loss_scale: 524288.0000 (524288.0000)  weight_decay: 0.0500 (0.0500)  grad_norm: 0.7878 (0.7850)  time: 1.1096  data: 0.7968  max mem: 11583
Epoch: [184]  [54/55]  eta: 0:00:01  lr: 0.000091  min_lr: 0.000091  loss: 0.4786 (0.4808)  loss_scale: 524288.0000 (524288.0000)  weight_decay: 0.0500 (0.0500)  grad_norm: 0.6982 (0.7762)  time: 1.2229  data: 0.9050  max mem: 11583
Epoch: [184] Total time: 0:01:06 (1.2051 s / it)
Averaged stats: lr: 0.000091  min_lr: 0.000091  loss: 0.4786 (0.4808)  loss_scale: 524288.0000 (524288.0000)  weight_decay: 0.0500 (0.0500)  grad_norm: 0.6982 (0.7762)
Epoch: [185]  [ 0/55]  eta: 0:14:35  lr: 0.000091  min_lr: 0.000091  loss: 0.4687 (0.4687)  loss_scale: 524288.0000 (524288.0000)  weight_decay: 0.0500 (0.0500)  grad_norm: 0.6772 (0.6772)  time: 15.9151  data: 15.5740  max mem: 11583
Epoch: [185]  [10/55]  eta: 0:01:41  lr: 0.000091  min_lr: 0.000091  loss: 0.4797 (0.4804)  loss_scale: 524288.0000 (524288.0000)  weight_decay: 0.0500 (0.0500)  grad_norm: 0.6896 (0.7002)  time: 2.2524  data: 1.8967  max mem: 11583
Epoch: [185]  [20/55]  eta: 0:00:55  lr: 0.000091  min_lr: 0.000091  loss: 0.4842 (0.4821)  loss_scale: 524288.0000 (524288.0000)  weight_decay: 0.0500 (0.0500)  grad_norm: 0.7213 (0.7572)  time: 0.8598  data: 0.5052  max mem: 11583
Epoch: [185]  [30/55]  eta: 0:00:33  lr: 0.000091  min_lr: 0.000091  loss: 0.4802 (0.4821)  loss_scale: 524288.0000 (524288.0000)  weight_decay: 0.0500 (0.0500)  grad_norm: 0.8215 (0.7724)  time: 0.8484  data: 0.4957  max mem: 11583
Epoch: [185]  [40/55]  eta: 0:00:20  lr: 0.000091  min_lr: 0.000091  loss: 0.4765 (0.4808)  loss_scale: 524288.0000 (524288.0000)  weight_decay: 0.0500 (0.0500)  grad_norm: 0.8135 (0.7854)  time: 1.1137  data: 0.7576  max mem: 11583
Epoch: [185]  [50/55]  eta: 0:00:06  lr: 0.000091  min_lr: 0.000091  loss: 0.4795 (0.4816)  loss_scale: 524288.0000 (524288.0000)  weight_decay: 0.0500 (0.0500)  grad_norm: 0.8065 (0.7739)  time: 1.0664  data: 0.7172  max mem: 11583
Epoch: [185]  [54/55]  eta: 0:00:01  lr: 0.000091  min_lr: 0.000091  loss: 0.4829 (0.4818)  loss_scale: 524288.0000 (524288.0000)  weight_decay: 0.0500 (0.0500)  grad_norm: 0.7465 (0.7735)  time: 1.0229  data: 0.6788  max mem: 11583
Epoch: [185] Total time: 0:01:04 (1.1722 s / it)
Averaged stats: lr: 0.000091  min_lr: 0.000091  loss: 0.4829 (0.4818)  loss_scale: 524288.0000 (524288.0000)  weight_decay: 0.0500 (0.0500)  grad_norm: 0.7465 (0.7735)
Epoch: [186]  [ 0/55]  eta: 0:07:21  lr: 0.000091  min_lr: 0.000091  loss: 0.4723 (0.4723)  loss_scale: 524288.0000 (524288.0000)  weight_decay: 0.0500 (0.0500)  grad_norm: 0.6848 (0.6848)  time: 8.0186  data: 7.6486  max mem: 11583
Epoch: [186]  [10/55]  eta: 0:01:04  lr: 0.000091  min_lr: 0.000091  loss: 0.4816 (0.4807)  loss_scale: 524288.0000 (524288.0000)  weight_decay: 0.0500 (0.0500)  grad_norm: 0.7061 (0.7347)  time: 1.4368  data: 1.0790  max mem: 11583
Epoch: [186]  [20/55]  eta: 0:00:40  lr: 0.000090  min_lr: 0.000090  loss: 0.4782 (0.4810)  loss_scale: 524288.0000 (524288.0000)  weight_decay: 0.0500 (0.0500)  grad_norm: 0.7146 (0.7377)  time: 0.8281  data: 0.4710  max mem: 11583
Epoch: [186]  [30/55]  eta: 0:00:26  lr: 0.000090  min_lr: 0.000090  loss: 0.4803 (0.4818)  loss_scale: 524288.0000 (524288.0000)  weight_decay: 0.0500 (0.0500)  grad_norm: 0.7146 (0.7569)  time: 0.8435  data: 0.4818  max mem: 11583
Epoch: [186]  [40/55]  eta: 0:00:16  lr: 0.000090  min_lr: 0.000090  loss: 0.4807 (0.4804)  loss_scale: 524288.0000 (524288.0000)  weight_decay: 0.0500 (0.0500)  grad_norm: 0.8206 (0.7895)  time: 0.9764  data: 0.6548  max mem: 11583
Epoch: [186]  [50/55]  eta: 0:00:05  lr: 0.000090  min_lr: 0.000090  loss: 0.4776 (0.4803)  loss_scale: 524288.0000 (524288.0000)  weight_decay: 0.0500 (0.0500)  grad_norm: 0.7672 (0.7850)  time: 1.2267  data: 0.9135  max mem: 11583
Epoch: [186]  [54/55]  eta: 0:00:01  lr: 0.000090  min_lr: 0.000090  loss: 0.4776 (0.4806)  loss_scale: 524288.0000 (524288.0000)  weight_decay: 0.0500 (0.0500)  grad_norm: 0.7326 (0.7757)  time: 1.0895  data: 0.7439  max mem: 11583
Epoch: [186] Total time: 0:01:03 (1.1628 s / it)
Averaged stats: lr: 0.000090  min_lr: 0.000090  loss: 0.4776 (0.4806)  loss_scale: 524288.0000 (524288.0000)  weight_decay: 0.0500 (0.0500)  grad_norm: 0.7326 (0.7757)
Epoch: [187]  [ 0/55]  eta: 0:11:07  lr: 0.000090  min_lr: 0.000090  loss: 0.4720 (0.4720)  loss_scale: 524288.0000 (524288.0000)  weight_decay: 0.0500 (0.0500)  grad_norm: 0.5413 (0.5413)  time: 12.1389  data: 11.7504  max mem: 11583
Epoch: [187]  [10/55]  eta: 0:01:23  lr: 0.000090  min_lr: 0.000090  loss: 0.4734 (0.4746)  loss_scale: 524288.0000 (524288.0000)  weight_decay: 0.0500 (0.0500)  grad_norm: 0.7363 (0.7086)  time: 1.8642  data: 1.5079  max mem: 11583
Epoch: [187]  [20/55]  eta: 0:00:48  lr: 0.000090  min_lr: 0.000090  loss: 0.4754 (0.4764)  loss_scale: 524288.0000 (524288.0000)  weight_decay: 0.0500 (0.0500)  grad_norm: 0.7645 (0.7430)  time: 0.8615  data: 0.5042  max mem: 11583
Epoch: [187]  [30/55]  eta: 0:00:36  lr: 0.000090  min_lr: 0.000090  loss: 0.4802 (0.4790)  loss_scale: 524288.0000 (524288.0000)  weight_decay: 0.0500 (0.0500)  grad_norm: 0.8251 (0.8019)  time: 1.2137  data: 0.8598  max mem: 11583
Epoch: [187]  [40/55]  eta: 0:00:20  lr: 0.000090  min_lr: 0.000090  loss: 0.4814 (0.4792)  loss_scale: 524288.0000 (524288.0000)  weight_decay: 0.0500 (0.0500)  grad_norm: 0.8037 (0.7970)  time: 1.3499  data: 1.0048  max mem: 11583
Epoch: [187]  [50/55]  eta: 0:00:06  lr: 0.000090  min_lr: 0.000090  loss: 0.4790 (0.4793)  loss_scale: 524288.0000 (524288.0000)  weight_decay: 0.0500 (0.0500)  grad_norm: 0.6954 (0.7587)  time: 1.2275  data: 0.8859  max mem: 11583
Epoch: [187]  [54/55]  eta: 0:00:01  lr: 0.000090  min_lr: 0.000090  loss: 0.4782 (0.4793)  loss_scale: 524288.0000 (524288.0000)  weight_decay: 0.0500 (0.0500)  grad_norm: 0.6954 (0.7589)  time: 1.0778  data: 0.7335  max mem: 11583
Epoch: [187] Total time: 0:01:11 (1.3009 s / it)
Averaged stats: lr: 0.000090  min_lr: 0.000090  loss: 0.4782 (0.4793)  loss_scale: 524288.0000 (524288.0000)  weight_decay: 0.0500 (0.0500)  grad_norm: 0.6954 (0.7589)
Epoch: [188]  [ 0/55]  eta: 0:08:47  lr: 0.000090  min_lr: 0.000090  loss: 0.4721 (0.4721)  loss_scale: 524288.0000 (524288.0000)  weight_decay: 0.0500 (0.0500)  grad_norm: 0.6967 (0.6967)  time: 9.5953  data: 9.1988  max mem: 11583
Epoch: [188]  [10/55]  eta: 0:01:13  lr: 0.000089  min_lr: 0.000089  loss: 0.4823 (0.4813)  loss_scale: 524288.0000 (524288.0000)  weight_decay: 0.0500 (0.0500)  grad_norm: 0.7601 (0.7571)  time: 1.6307  data: 1.2696  max mem: 11583
Epoch: [188]  [20/55]  eta: 0:00:46  lr: 0.000089  min_lr: 0.000089  loss: 0.4823 (0.4820)  loss_scale: 524288.0000 (524288.0000)  weight_decay: 0.0500 (0.0500)  grad_norm: 0.8130 (0.8109)  time: 0.9123  data: 0.5514  max mem: 11583
Epoch: [188]  [30/55]  eta: 0:00:32  lr: 0.000089  min_lr: 0.000089  loss: 0.4797 (0.4813)  loss_scale: 524288.0000 (524288.0000)  weight_decay: 0.0500 (0.0500)  grad_norm: 0.8940 (0.8283)  time: 1.1354  data: 0.7825  max mem: 11583
Epoch: [188]  [40/55]  eta: 0:00:18  lr: 0.000089  min_lr: 0.000089  loss: 0.4787 (0.4810)  loss_scale: 524288.0000 (524288.0000)  weight_decay: 0.0500 (0.0500)  grad_norm: 0.8314 (0.8167)  time: 1.1732  data: 0.8262  max mem: 11583
Epoch: [188]  [50/55]  eta: 0:00:05  lr: 0.000089  min_lr: 0.000089  loss: 0.4795 (0.4814)  loss_scale: 524288.0000 (524288.0000)  weight_decay: 0.0500 (0.0500)  grad_norm: 0.7214 (0.8070)  time: 0.9980  data: 0.6484  max mem: 11583
Epoch: [188]  [54/55]  eta: 0:00:01  lr: 0.000089  min_lr: 0.000089  loss: 0.4804 (0.4817)  loss_scale: 524288.0000 (524288.0000)  weight_decay: 0.0500 (0.0500)  grad_norm: 0.7458 (0.8015)  time: 1.3273  data: 0.9830  max mem: 11583
Epoch: [188] Total time: 0:01:15 (1.3788 s / it)
Averaged stats: lr: 0.000089  min_lr: 0.000089  loss: 0.4804 (0.4817)  loss_scale: 524288.0000 (524288.0000)  weight_decay: 0.0500 (0.0500)  grad_norm: 0.7458 (0.8015)
Epoch: [189]  [ 0/55]  eta: 0:09:55  lr: 0.000089  min_lr: 0.000089  loss: 0.4749 (0.4749)  loss_scale: 524288.0000 (524288.0000)  weight_decay: 0.0500 (0.0500)  grad_norm: 0.7049 (0.7049)  time: 10.8303  data: 10.4597  max mem: 11583
Epoch: [189]  [10/55]  eta: 0:01:29  lr: 0.000089  min_lr: 0.000089  loss: 0.4824 (0.4810)  loss_scale: 524288.0000 (524288.0000)  weight_decay: 0.0500 (0.0500)  grad_norm: 0.7049 (0.7387)  time: 1.9882  data: 1.6387  max mem: 11583
Epoch: [189]  [20/55]  eta: 0:00:53  lr: 0.000089  min_lr: 0.000089  loss: 0.4814 (0.4817)  loss_scale: 524288.0000 (524288.0000)  weight_decay: 0.0500 (0.0500)  grad_norm: 0.7100 (0.7619)  time: 1.0539  data: 0.7025  max mem: 11583
Epoch: [189]  [30/55]  eta: 0:00:37  lr: 0.000089  min_lr: 0.000089  loss: 0.4814 (0.4820)  loss_scale: 524288.0000 (524288.0000)  weight_decay: 0.0500 (0.0500)  grad_norm: 0.7730 (0.7970)  time: 1.2039  data: 0.8501  max mem: 11583
Epoch: [189]  [40/55]  eta: 0:00:20  lr: 0.000089  min_lr: 0.000089  loss: 0.4797 (0.4810)  loss_scale: 524288.0000 (524288.0000)  weight_decay: 0.0500 (0.0500)  grad_norm: 0.9559 (0.8417)  time: 1.1972  data: 0.8497  max mem: 11583
Epoch: [189]  [50/55]  eta: 0:00:06  lr: 0.000088  min_lr: 0.000088  loss: 0.4797 (0.4811)  loss_scale: 524288.0000 (524288.0000)  weight_decay: 0.0500 (0.0500)  grad_norm: 0.8094 (0.8287)  time: 0.9239  data: 0.5814  max mem: 11583
Epoch: [189]  [54/55]  eta: 0:00:01  lr: 0.000088  min_lr: 0.000088  loss: 0.4781 (0.4808)  loss_scale: 524288.0000 (524288.0000)  weight_decay: 0.0500 (0.0500)  grad_norm: 0.7536 (0.8160)  time: 1.1196  data: 0.7774  max mem: 11583
Epoch: [189] Total time: 0:01:14 (1.3618 s / it)
Averaged stats: lr: 0.000088  min_lr: 0.000088  loss: 0.4781 (0.4808)  loss_scale: 524288.0000 (524288.0000)  weight_decay: 0.0500 (0.0500)  grad_norm: 0.7536 (0.8160)
Epoch: [190]  [ 0/55]  eta: 0:08:46  lr: 0.000088  min_lr: 0.000088  loss: 0.4700 (0.4700)  loss_scale: 524288.0000 (524288.0000)  weight_decay: 0.0500 (0.0500)  grad_norm: 0.8109 (0.8109)  time: 9.5715  data: 9.2385  max mem: 11583
Epoch: [190]  [10/55]  eta: 0:01:31  lr: 0.000088  min_lr: 0.000088  loss: 0.4787 (0.4806)  loss_scale: 524288.0000 (524288.0000)  weight_decay: 0.0500 (0.0500)  grad_norm: 0.8109 (0.8287)  time: 2.0271  data: 1.6714  max mem: 11583
Epoch: [190]  [20/55]  eta: 0:00:51  lr: 0.000088  min_lr: 0.000088  loss: 0.4787 (0.4788)  loss_scale: 524288.0000 (524288.0000)  weight_decay: 0.0500 (0.0500)  grad_norm: 0.7746 (0.7786)  time: 1.0645  data: 0.7080  max mem: 11583
Epoch: [190]  [30/55]  eta: 0:00:36  lr: 0.000088  min_lr: 0.000088  loss: 0.4774 (0.4786)  loss_scale: 524288.0000 (524288.0000)  weight_decay: 0.0500 (0.0500)  grad_norm: 0.7102 (0.7611)  time: 1.1382  data: 0.7846  max mem: 11583
Epoch: [190]  [40/55]  eta: 0:00:20  lr: 0.000088  min_lr: 0.000088  loss: 0.4757 (0.4779)  loss_scale: 524288.0000 (524288.0000)  weight_decay: 0.0500 (0.0500)  grad_norm: 0.7572 (0.7786)  time: 1.2202  data: 0.8634  max mem: 11583
Epoch: [190]  [50/55]  eta: 0:00:06  lr: 0.000088  min_lr: 0.000088  loss: 0.4775 (0.4785)  loss_scale: 524288.0000 (524288.0000)  weight_decay: 0.0500 (0.0500)  grad_norm: 0.7218 (0.7687)  time: 1.0494  data: 0.6986  max mem: 11583
Epoch: [190]  [54/55]  eta: 0:00:01  lr: 0.000088  min_lr: 0.000088  loss: 0.4756 (0.4783)  loss_scale: 524288.0000 (524288.0000)  weight_decay: 0.0500 (0.0500)  grad_norm: 0.7218 (0.7753)  time: 1.0457  data: 0.6986  max mem: 11583
Epoch: [190] Total time: 0:01:07 (1.2264 s / it)
Averaged stats: lr: 0.000088  min_lr: 0.000088  loss: 0.4756 (0.4783)  loss_scale: 524288.0000 (524288.0000)  weight_decay: 0.0500 (0.0500)  grad_norm: 0.7218 (0.7753)
Epoch: [191]  [ 0/55]  eta: 0:07:42  lr: 0.000088  min_lr: 0.000088  loss: 0.4807 (0.4807)  loss_scale: 524288.0000 (524288.0000)  weight_decay: 0.0500 (0.0500)  grad_norm: 0.6721 (0.6721)  time: 8.4024  data: 8.0260  max mem: 11583
Epoch: [191]  [10/55]  eta: 0:01:06  lr: 0.000088  min_lr: 0.000088  loss: 0.4773 (0.4773)  loss_scale: 524288.0000 (524288.0000)  weight_decay: 0.0500 (0.0500)  grad_norm: 0.8159 (0.8110)  time: 1.4681  data: 1.1113  max mem: 11583
Epoch: [191]  [20/55]  eta: 0:00:50  lr: 0.000088  min_lr: 0.000088  loss: 0.4761 (0.4791)  loss_scale: 524288.0000 (524288.0000)  weight_decay: 0.0500 (0.0500)  grad_norm: 0.8292 (0.8454)  time: 1.0930  data: 0.7430  max mem: 11583
Epoch: [191]  [30/55]  eta: 0:00:36  lr: 0.000088  min_lr: 0.000088  loss: 0.4787 (0.4790)  loss_scale: 524288.0000 (524288.0000)  weight_decay: 0.0500 (0.0500)  grad_norm: 0.8174 (0.8246)  time: 1.4669  data: 1.1238  max mem: 11583
Epoch: [191]  [40/55]  eta: 0:00:23  lr: 0.000087  min_lr: 0.000087  loss: 0.4757 (0.4777)  loss_scale: 524288.0000 (652163.1220)  weight_decay: 0.0500 (0.0500)  grad_norm: 0.7749 (0.8305)  time: 1.6562  data: 1.3123  max mem: 11583
Epoch: [191]  [50/55]  eta: 0:00:07  lr: 0.000087  min_lr: 0.000087  loss: 0.4757 (0.4779)  loss_scale: 1048576.0000 (729891.1373)  weight_decay: 0.0500 (0.0500)  grad_norm: 0.6993 (0.7969)  time: 1.6548  data: 1.3079  max mem: 11583
Epoch: [191]  [54/55]  eta: 0:00:01  lr: 0.000087  min_lr: 0.000087  loss: 0.4759 (0.4779)  loss_scale: 1048576.0000 (753068.2182)  weight_decay: 0.0500 (0.0500)  grad_norm: 0.6852 (0.7866)  time: 1.4023  data: 1.0591  max mem: 11583
Epoch: [191] Total time: 0:01:29 (1.6264 s / it)
Averaged stats: lr: 0.000087  min_lr: 0.000087  loss: 0.4759 (0.4779)  loss_scale: 1048576.0000 (753068.2182)  weight_decay: 0.0500 (0.0500)  grad_norm: 0.6852 (0.7866)
Epoch: [192]  [ 0/55]  eta: 0:08:33  lr: 0.000087  min_lr: 0.000087  loss: 0.4635 (0.4635)  loss_scale: 1048576.0000 (1048576.0000)  weight_decay: 0.0500 (0.0500)  grad_norm: 0.7491 (0.7491)  time: 9.3287  data: 8.9144  max mem: 11583
Epoch: [192]  [10/55]  eta: 0:01:20  lr: 0.000087  min_lr: 0.000087  loss: 0.4773 (0.4767)  loss_scale: 1048576.0000 (1048576.0000)  weight_decay: 0.0500 (0.0500)  grad_norm: 0.8164 (0.8448)  time: 1.7847  data: 1.4120  max mem: 11583
Epoch: [192]  [20/55]  eta: 0:00:48  lr: 0.000087  min_lr: 0.000087  loss: 0.4791 (0.4790)  loss_scale: 1048576.0000 (1048576.0000)  weight_decay: 0.0500 (0.0500)  grad_norm: 0.8622 (0.8687)  time: 0.9816  data: 0.6172  max mem: 11583
Epoch: [192]  [30/55]  eta: 0:00:29  lr: 0.000087  min_lr: 0.000087  loss: 0.4776 (0.4781)  loss_scale: 1048576.0000 (1048576.0000)  weight_decay: 0.0500 (0.0500)  grad_norm: 0.8899 (0.8506)  time: 0.8720  data: 0.5246  max mem: 11583
Epoch: [192]  [40/55]  eta: 0:00:16  lr: 0.000087  min_lr: 0.000087  loss: 0.4766 (0.4774)  loss_scale: 1048576.0000 (1048576.0000)  weight_decay: 0.0500 (0.0500)  grad_norm: 0.7078 (0.8138)  time: 0.8136  data: 0.5089  max mem: 11583
Epoch: [192]  [50/55]  eta: 0:00:05  lr: 0.000087  min_lr: 0.000087  loss: 0.4755 (0.4768)  loss_scale: 1048576.0000 (1048576.0000)  weight_decay: 0.0500 (0.0500)  grad_norm: 0.7849 (0.8156)  time: 0.9577  data: 0.6487  max mem: 11583
Epoch: [192]  [54/55]  eta: 0:00:01  lr: 0.000087  min_lr: 0.000087  loss: 0.4755 (0.4767)  loss_scale: 1048576.0000 (1048576.0000)  weight_decay: 0.0500 (0.0500)  grad_norm: 0.7881 (0.8152)  time: 1.4276  data: 1.0862  max mem: 11583
Epoch: [192] Total time: 0:01:09 (1.2639 s / it)
Averaged stats: lr: 0.000087  min_lr: 0.000087  loss: 0.4755 (0.4767)  loss_scale: 1048576.0000 (1048576.0000)  weight_decay: 0.0500 (0.0500)  grad_norm: 0.7881 (0.8152)
Epoch: [193]  [ 0/55]  eta: 0:08:00  lr: 0.000087  min_lr: 0.000087  loss: 0.4742 (0.4742)  loss_scale: 1048576.0000 (1048576.0000)  weight_decay: 0.0500 (0.0500)  grad_norm: 0.5052 (0.5052)  time: 8.7305  data: 8.3357  max mem: 11583
Epoch: [193]  [10/55]  eta: 0:01:06  lr: 0.000087  min_lr: 0.000087  loss: 0.4764 (0.4761)  loss_scale: 1048576.0000 (1048576.0000)  weight_decay: 0.0500 (0.0500)  grad_norm: 0.6911 (0.7070)  time: 1.4810  data: 1.1230  max mem: 11583
Epoch: [193]  [20/55]  eta: 0:00:40  lr: 0.000087  min_lr: 0.000087  loss: 0.4740 (0.4742)  loss_scale: 1048576.0000 (1048576.0000)  weight_decay: 0.0500 (0.0500)  grad_norm: 0.6808 (0.7162)  time: 0.7850  data: 0.4287  max mem: 11583
Epoch: [193]  [30/55]  eta: 0:00:26  lr: 0.000086  min_lr: 0.000086  loss: 0.4740 (0.4755)  loss_scale: 1048576.0000 (1048576.0000)  weight_decay: 0.0500 (0.0500)  grad_norm: 0.6996 (0.7409)  time: 0.8313  data: 0.4710  max mem: 11583
Epoch: [193]  [40/55]  eta: 0:00:15  lr: 0.000086  min_lr: 0.000086  loss: 0.4724 (0.4747)  loss_scale: 1048576.0000 (1048576.0000)  weight_decay: 0.0500 (0.0500)  grad_norm: 0.8103 (0.7625)  time: 0.8308  data: 0.4689  max mem: 11583
Epoch: [193]  [50/55]  eta: 0:00:04  lr: 0.000086  min_lr: 0.000086  loss: 0.4731 (0.4760)  loss_scale: 1048576.0000 (1048576.0000)  weight_decay: 0.0500 (0.0500)  grad_norm: 0.7852 (0.7561)  time: 0.8009  data: 0.5202  max mem: 11583
Epoch: [193]  [54/55]  eta: 0:00:01  lr: 0.000086  min_lr: 0.000086  loss: 0.4731 (0.4759)  loss_scale: 1048576.0000 (1048576.0000)  weight_decay: 0.0500 (0.0500)  grad_norm: 0.7376 (0.7506)  time: 1.1647  data: 0.8891  max mem: 11583
Epoch: [193] Total time: 0:01:00 (1.0918 s / it)
Averaged stats: lr: 0.000086  min_lr: 0.000086  loss: 0.4731 (0.4759)  loss_scale: 1048576.0000 (1048576.0000)  weight_decay: 0.0500 (0.0500)  grad_norm: 0.7376 (0.7506)
Epoch: [194]  [ 0/55]  eta: 0:07:16  lr: 0.000086  min_lr: 0.000086  loss: 0.4663 (0.4663)  loss_scale: 1048576.0000 (1048576.0000)  weight_decay: 0.0500 (0.0500)  grad_norm: 0.7334 (0.7334)  time: 7.9388  data: 7.6581  max mem: 11583
Epoch: [194]  [10/55]  eta: 0:01:07  lr: 0.000086  min_lr: 0.000086  loss: 0.4815 (0.4806)  loss_scale: 1048576.0000 (1048576.0000)  weight_decay: 0.0500 (0.0500)  grad_norm: 0.7351 (0.7353)  time: 1.4890  data: 1.1504  max mem: 11583
Epoch: [194]  [20/55]  eta: 0:00:40  lr: 0.000086  min_lr: 0.000086  loss: 0.4810 (0.4797)  loss_scale: 1048576.0000 (1048576.0000)  weight_decay: 0.0500 (0.0500)  grad_norm: 0.7485 (0.7927)  time: 0.8242  data: 0.4631  max mem: 11583
Epoch: [194]  [30/55]  eta: 0:00:26  lr: 0.000086  min_lr: 0.000086  loss: 0.4799 (0.4799)  loss_scale: 1048576.0000 (1048576.0000)  weight_decay: 0.0500 (0.0500)  grad_norm: 0.7974 (0.7990)  time: 0.8249  data: 0.4565  max mem: 11583
Epoch: [194]  [40/55]  eta: 0:00:14  lr: 0.000086  min_lr: 0.000086  loss: 0.4776 (0.4791)  loss_scale: 1048576.0000 (1048576.0000)  weight_decay: 0.0500 (0.0500)  grad_norm: 0.7701 (0.7958)  time: 0.8251  data: 0.4664  max mem: 11583
Epoch: [194]  [50/55]  eta: 0:00:04  lr: 0.000086  min_lr: 0.000086  loss: 0.4771 (0.4795)  loss_scale: 1048576.0000 (1048576.0000)  weight_decay: 0.0500 (0.0500)  grad_norm: 0.7701 (0.8106)  time: 0.8000  data: 0.4509  max mem: 11583
Epoch: [194]  [54/55]  eta: 0:00:00  lr: 0.000086  min_lr: 0.000086  loss: 0.4794 (0.4796)  loss_scale: 1048576.0000 (1048576.0000)  weight_decay: 0.0500 (0.0500)  grad_norm: 0.7413 (0.8025)  time: 0.7721  data: 0.4266  max mem: 11583
Epoch: [194] Total time: 0:00:50 (0.9197 s / it)
Averaged stats: lr: 0.000086  min_lr: 0.000086  loss: 0.4794 (0.4796)  loss_scale: 1048576.0000 (1048576.0000)  weight_decay: 0.0500 (0.0500)  grad_norm: 0.7413 (0.8025)
Epoch: [195]  [ 0/55]  eta: 0:07:09  lr: 0.000086  min_lr: 0.000086  loss: 0.4676 (0.4676)  loss_scale: 1048576.0000 (1048576.0000)  weight_decay: 0.0500 (0.0500)  grad_norm: 0.8099 (0.8099)  time: 7.8024  data: 7.3956  max mem: 11583
Epoch: [195]  [10/55]  eta: 0:01:05  lr: 0.000086  min_lr: 0.000086  loss: 0.4759 (0.4767)  loss_scale: 1048576.0000 (1048576.0000)  weight_decay: 0.0500 (0.0500)  grad_norm: 0.7756 (0.7827)  time: 1.4543  data: 1.0889  max mem: 11583
Epoch: [195]  [20/55]  eta: 0:00:40  lr: 0.000085  min_lr: 0.000085  loss: 0.4759 (0.4775)  loss_scale: 1048576.0000 (1048576.0000)  weight_decay: 0.0500 (0.0500)  grad_norm: 0.7756 (0.8145)  time: 0.8127  data: 0.4505  max mem: 11583
Epoch: [195]  [30/55]  eta: 0:00:25  lr: 0.000085  min_lr: 0.000085  loss: 0.4776 (0.4781)  loss_scale: 1048576.0000 (1048576.0000)  weight_decay: 0.0500 (0.0500)  grad_norm: 0.8218 (0.8064)  time: 0.8050  data: 0.4407  max mem: 11583
Epoch: [195]  [40/55]  eta: 0:00:14  lr: 0.000085  min_lr: 0.000085  loss: 0.4724 (0.4768)  loss_scale: 1048576.0000 (1048576.0000)  weight_decay: 0.0500 (0.0500)  grad_norm: 0.8303 (0.8081)  time: 0.8424  data: 0.4914  max mem: 11583
Epoch: [195]  [50/55]  eta: 0:00:04  lr: 0.000085  min_lr: 0.000085  loss: 0.4738 (0.4773)  loss_scale: 1048576.0000 (1048576.0000)  weight_decay: 0.0500 (0.0500)  grad_norm: 0.7405 (0.7910)  time: 0.8282  data: 0.4898  max mem: 11583
Epoch: [195]  [54/55]  eta: 0:00:00  lr: 0.000085  min_lr: 0.000085  loss: 0.4750 (0.4775)  loss_scale: 1048576.0000 (1048576.0000)  weight_decay: 0.0500 (0.0500)  grad_norm: 0.7337 (0.7836)  time: 0.8079  data: 0.4652  max mem: 11583
Epoch: [195] Total time: 0:00:50 (0.9176 s / it)
Averaged stats: lr: 0.000085  min_lr: 0.000085  loss: 0.4750 (0.4775)  loss_scale: 1048576.0000 (1048576.0000)  weight_decay: 0.0500 (0.0500)  grad_norm: 0.7337 (0.7836)
Epoch: [196]  [ 0/55]  eta: 0:07:41  lr: 0.000085  min_lr: 0.000085  loss: 0.4727 (0.4727)  loss_scale: 1048576.0000 (1048576.0000)  weight_decay: 0.0500 (0.0500)  grad_norm: 0.5008 (0.5008)  time: 8.3922  data: 7.9951  max mem: 11583
Epoch: [196]  [10/55]  eta: 0:01:07  lr: 0.000085  min_lr: 0.000085  loss: 0.4735 (0.4754)  loss_scale: 1048576.0000 (1048576.0000)  weight_decay: 0.0500 (0.0500)  grad_norm: 0.7098 (0.7024)  time: 1.5015  data: 1.1353  max mem: 11583
Epoch: [196]  [20/55]  eta: 0:00:41  lr: 0.000085  min_lr: 0.000085  loss: 0.4735 (0.4749)  loss_scale: 1048576.0000 (1048576.0000)  weight_decay: 0.0500 (0.0500)  grad_norm: 0.7098 (0.7016)  time: 0.8126  data: 0.4574  max mem: 11583
Epoch: [196]  [30/55]  eta: 0:00:26  lr: 0.000085  min_lr: 0.000085  loss: 0.4764 (0.4765)  loss_scale: 1048576.0000 (1048576.0000)  weight_decay: 0.0500 (0.0500)  grad_norm: 0.7211 (0.7319)  time: 0.8123  data: 0.4558  max mem: 11583
Epoch: [196]  [40/55]  eta: 0:00:15  lr: 0.000085  min_lr: 0.000085  loss: 0.4762 (0.4754)  loss_scale: 1048576.0000 (1048576.0000)  weight_decay: 0.0500 (0.0500)  grad_norm: 0.7765 (0.7499)  time: 0.8236  data: 0.4648  max mem: 11583
Epoch: [196]  [50/55]  eta: 0:00:04  lr: 0.000085  min_lr: 0.000085  loss: 0.4762 (0.4762)  loss_scale: 1048576.0000 (1048576.0000)  weight_decay: 0.0500 (0.0500)  grad_norm: 0.7088 (0.7378)  time: 0.8001  data: 0.4524  max mem: 11583
Epoch: [196]  [54/55]  eta: 0:00:00  lr: 0.000085  min_lr: 0.000085  loss: 0.4764 (0.4763)  loss_scale: 1048576.0000 (1048576.0000)  weight_decay: 0.0500 (0.0500)  grad_norm: 0.6679 (0.7329)  time: 0.7926  data: 0.4486  max mem: 11583
Epoch: [196] Total time: 0:00:50 (0.9124 s / it)
Averaged stats: lr: 0.000085  min_lr: 0.000085  loss: 0.4764 (0.4763)  loss_scale: 1048576.0000 (1048576.0000)  weight_decay: 0.0500 (0.0500)  grad_norm: 0.6679 (0.7329)
Epoch: [197]  [ 0/55]  eta: 0:07:30  lr: 0.000085  min_lr: 0.000085  loss: 0.4575 (0.4575)  loss_scale: 1048576.0000 (1048576.0000)  weight_decay: 0.0500 (0.0500)  grad_norm: 0.4929 (0.4929)  time: 8.1905  data: 7.7566  max mem: 11583
Epoch: [197]  [10/55]  eta: 0:01:05  lr: 0.000084  min_lr: 0.000084  loss: 0.4777 (0.4773)  loss_scale: 1048576.0000 (1048576.0000)  weight_decay: 0.0500 (0.0500)  grad_norm: 0.7531 (0.7874)  time: 1.4464  data: 1.0801  max mem: 11583
Epoch: [197]  [20/55]  eta: 0:00:39  lr: 0.000084  min_lr: 0.000084  loss: 0.4766 (0.4766)  loss_scale: 1048576.0000 (1048576.0000)  weight_decay: 0.0500 (0.0500)  grad_norm: 0.7666 (0.8223)  time: 0.7730  data: 0.4128  max mem: 11583
Epoch: [197]  [30/55]  eta: 0:00:25  lr: 0.000084  min_lr: 0.000084  loss: 0.4766 (0.4766)  loss_scale: 1048576.0000 (1048576.0000)  weight_decay: 0.0500 (0.0500)  grad_norm: 0.7597 (0.8138)  time: 0.8088  data: 0.4428  max mem: 11583
Epoch: [197]  [40/55]  eta: 0:00:14  lr: 0.000084  min_lr: 0.000084  loss: 0.4733 (0.4757)  loss_scale: 1048576.0000 (1048576.0000)  weight_decay: 0.0500 (0.0500)  grad_norm: 0.7597 (0.8055)  time: 0.8320  data: 0.4662  max mem: 11583
Epoch: [197]  [50/55]  eta: 0:00:04  lr: 0.000084  min_lr: 0.000084  loss: 0.4733 (0.4758)  loss_scale: 1048576.0000 (1048576.0000)  weight_decay: 0.0500 (0.0500)  grad_norm: 0.7283 (0.7836)  time: 0.7948  data: 0.4628  max mem: 11583
Epoch: [197]  [54/55]  eta: 0:00:00  lr: 0.000084  min_lr: 0.000084  loss: 0.4723 (0.4756)  loss_scale: 1048576.0000 (1048576.0000)  weight_decay: 0.0500 (0.0500)  grad_norm: 0.7283 (0.7857)  time: 0.7713  data: 0.4480  max mem: 11583
Epoch: [197] Total time: 0:00:50 (0.9096 s / it)
Averaged stats: lr: 0.000084  min_lr: 0.000084  loss: 0.4723 (0.4756)  loss_scale: 1048576.0000 (1048576.0000)  weight_decay: 0.0500 (0.0500)  grad_norm: 0.7283 (0.7857)
Epoch: [198]  [ 0/55]  eta: 0:07:24  lr: 0.000084  min_lr: 0.000084  loss: 0.4615 (0.4615)  loss_scale: 1048576.0000 (1048576.0000)  weight_decay: 0.0500 (0.0500)  grad_norm: 0.6249 (0.6249)  time: 8.0830  data: 7.5780  max mem: 11583
Epoch: [198]  [10/55]  eta: 0:01:06  lr: 0.000084  min_lr: 0.000084  loss: 0.4732 (0.4707)  loss_scale: 1048576.0000 (1048576.0000)  weight_decay: 0.0500 (0.0500)  grad_norm: 0.6579 (0.7261)  time: 1.4776  data: 1.1014  max mem: 11583
Epoch: [198]  [20/55]  eta: 0:00:40  lr: 0.000084  min_lr: 0.000084  loss: 0.4742 (0.4745)  loss_scale: 1048576.0000 (1048576.0000)  weight_decay: 0.0500 (0.0500)  grad_norm: 0.7791 (0.8429)  time: 0.8005  data: 0.4420  max mem: 11583
Epoch: [198]  [30/55]  eta: 0:00:26  lr: 0.000084  min_lr: 0.000084  loss: 0.4772 (0.4745)  loss_scale: 1048576.0000 (1048576.0000)  weight_decay: 0.0500 (0.0500)  grad_norm: 0.7466 (0.8013)  time: 0.8042  data: 0.4436  max mem: 11583
Epoch: [198]  [40/55]  eta: 0:00:15  lr: 0.000084  min_lr: 0.000084  loss: 0.4708 (0.4728)  loss_scale: 1048576.0000 (1048576.0000)  weight_decay: 0.0500 (0.0500)  grad_norm: 0.7268 (0.8271)  time: 0.8543  data: 0.4939  max mem: 11583
Epoch: [198]  [50/55]  eta: 0:00:04  lr: 0.000083  min_lr: 0.000083  loss: 0.4706 (0.4729)  loss_scale: 1048576.0000 (1048576.0000)  weight_decay: 0.0500 (0.0500)  grad_norm: 0.8588 (0.8372)  time: 0.8211  data: 0.4732  max mem: 11583
Epoch: [198]  [54/55]  eta: 0:00:00  lr: 0.000083  min_lr: 0.000083  loss: 0.4706 (0.4730)  loss_scale: 1048576.0000 (1048576.0000)  weight_decay: 0.0500 (0.0500)  grad_norm: 0.8588 (0.8292)  time: 0.8036  data: 0.4645  max mem: 11583
Epoch: [198] Total time: 0:00:50 (0.9126 s / it)
Averaged stats: lr: 0.000083  min_lr: 0.000083  loss: 0.4706 (0.4730)  loss_scale: 1048576.0000 (1048576.0000)  weight_decay: 0.0500 (0.0500)  grad_norm: 0.8588 (0.8292)
Epoch: [199]  [ 0/55]  eta: 0:07:42  lr: 0.000083  min_lr: 0.000083  loss: 0.4744 (0.4744)  loss_scale: 1048576.0000 (1048576.0000)  weight_decay: 0.0500 (0.0500)  grad_norm: 0.6172 (0.6172)  time: 8.4074  data: 8.0066  max mem: 11583
Epoch: [199]  [10/55]  eta: 0:01:06  lr: 0.000083  min_lr: 0.000083  loss: 0.4737 (0.4735)  loss_scale: 1048576.0000 (1048576.0000)  weight_decay: 0.0500 (0.0500)  grad_norm: 0.6834 (0.6762)  time: 1.4864  data: 1.1101  max mem: 11583
Epoch: [199]  [20/55]  eta: 0:00:41  lr: 0.000083  min_lr: 0.000083  loss: 0.4685 (0.4719)  loss_scale: 1048576.0000 (1048576.0000)  weight_decay: 0.0500 (0.0500)  grad_norm: 0.7289 (0.7119)  time: 0.8190  data: 0.4406  max mem: 11583
Epoch: [199]  [30/55]  eta: 0:00:26  lr: 0.000083  min_lr: 0.000083  loss: 0.4716 (0.4727)  loss_scale: 1048576.0000 (1048576.0000)  weight_decay: 0.0500 (0.0500)  grad_norm: 0.7596 (0.7295)  time: 0.8329  data: 0.4566  max mem: 11583
Epoch: [199]  [40/55]  eta: 0:00:15  lr: 0.000083  min_lr: 0.000083  loss: 0.4751 (0.4732)  loss_scale: 1048576.0000 (1048576.0000)  weight_decay: 0.0500 (0.0500)  grad_norm: 0.7891 (0.7767)  time: 0.8187  data: 0.4577  max mem: 11583
Epoch: [199]  [50/55]  eta: 0:00:04  lr: 0.000083  min_lr: 0.000083  loss: 0.4743 (0.4741)  loss_scale: 1048576.0000 (1048576.0000)  weight_decay: 0.0500 (0.0500)  grad_norm: 0.8408 (0.7781)  time: 0.8249  data: 0.5258  max mem: 11583
Epoch: [199]  [54/55]  eta: 0:00:00  lr: 0.000083  min_lr: 0.000083  loss: 0.4748 (0.4742)  loss_scale: 1048576.0000 (1048576.0000)  weight_decay: 0.0500 (0.0500)  grad_norm: 0.8025 (0.7769)  time: 0.8013  data: 0.5088  max mem: 11583
Epoch: [199] Total time: 0:00:50 (0.9267 s / it)
Averaged stats: lr: 0.000083  min_lr: 0.000083  loss: 0.4748 (0.4742)  loss_scale: 1048576.0000 (1048576.0000)  weight_decay: 0.0500 (0.0500)  grad_norm: 0.8025 (0.7769)
Epoch: [200]  [ 0/55]  eta: 0:07:08  lr: 0.000083  min_lr: 0.000083  loss: 0.4816 (0.4816)  loss_scale: 1048576.0000 (1048576.0000)  weight_decay: 0.0500 (0.0500)  grad_norm: 0.4313 (0.4313)  time: 7.7883  data: 7.5290  max mem: 11583
Epoch: [200]  [10/55]  eta: 0:01:06  lr: 0.000083  min_lr: 0.000083  loss: 0.4763 (0.4762)  loss_scale: 1048576.0000 (1048576.0000)  weight_decay: 0.0500 (0.0500)  grad_norm: 0.7346 (0.7495)  time: 1.4715  data: 1.1922  max mem: 11583
Epoch: [200]  [20/55]  eta: 0:00:39  lr: 0.000083  min_lr: 0.000083  loss: 0.4737 (0.4752)  loss_scale: 1048576.0000 (1048576.0000)  weight_decay: 0.0500 (0.0500)  grad_norm: 0.7526 (0.7615)  time: 0.8105  data: 0.4893  max mem: 11583
Epoch: [200]  [30/55]  eta: 0:00:26  lr: 0.000083  min_lr: 0.000083  loss: 0.4721 (0.4745)  loss_scale: 1048576.0000 (1048576.0000)  weight_decay: 0.0500 (0.0500)  grad_norm: 0.8022 (0.7729)  time: 0.8134  data: 0.4532  max mem: 11583
Epoch: [200]  [40/55]  eta: 0:00:14  lr: 0.000082  min_lr: 0.000082  loss: 0.4724 (0.4740)  loss_scale: 1048576.0000 (1048576.0000)  weight_decay: 0.0500 (0.0500)  grad_norm: 0.7370 (0.7662)  time: 0.8378  data: 0.4731  max mem: 11583
Epoch: [200]  [50/55]  eta: 0:00:04  lr: 0.000082  min_lr: 0.000082  loss: 0.4752 (0.4747)  loss_scale: 1048576.0000 (1048576.0000)  weight_decay: 0.0500 (0.0500)  grad_norm: 0.7262 (0.7723)  time: 0.8249  data: 0.4623  max mem: 11583
Epoch: [200]  [54/55]  eta: 0:00:00  lr: 0.000082  min_lr: 0.000082  loss: 0.4752 (0.4748)  loss_scale: 1048576.0000 (1048576.0000)  weight_decay: 0.0500 (0.0500)  grad_norm: 0.6992 (0.7618)  time: 0.8262  data: 0.4653  max mem: 11583
Epoch: [200] Total time: 0:00:50 (0.9216 s / it)
Averaged stats: lr: 0.000082  min_lr: 0.000082  loss: 0.4752 (0.4748)  loss_scale: 1048576.0000 (1048576.0000)  weight_decay: 0.0500 (0.0500)  grad_norm: 0.6992 (0.7618)
Epoch: [201]  [ 0/55]  eta: 0:07:21  lr: 0.000082  min_lr: 0.000082  loss: 0.4668 (0.4668)  loss_scale: 1048576.0000 (1048576.0000)  weight_decay: 0.0500 (0.0500)  grad_norm: 0.5782 (0.5782)  time: 8.0231  data: 7.6264  max mem: 11583
Epoch: [201]  [10/55]  eta: 0:01:05  lr: 0.000082  min_lr: 0.000082  loss: 0.4699 (0.4717)  loss_scale: 1048576.0000 (1048576.0000)  weight_decay: 0.0500 (0.0500)  grad_norm: 0.6415 (0.6814)  time: 1.4650  data: 1.1072  max mem: 11583
Epoch: [201]  [20/55]  eta: 0:00:40  lr: 0.000082  min_lr: 0.000082  loss: 0.4709 (0.4717)  loss_scale: 1048576.0000 (1048576.0000)  weight_decay: 0.0500 (0.0500)  grad_norm: 0.6452 (0.6784)  time: 0.8007  data: 0.4435  max mem: 11583
Epoch: [201]  [30/55]  eta: 0:00:26  lr: 0.000082  min_lr: 0.000082  loss: 0.4709 (0.4720)  loss_scale: 1048576.0000 (1048576.0000)  weight_decay: 0.0500 (0.0500)  grad_norm: 0.6345 (0.6797)  time: 0.8179  data: 0.4472  max mem: 11583
Epoch: [201]  [40/55]  eta: 0:00:15  lr: 0.000082  min_lr: 0.000082  loss: 0.4687 (0.4714)  loss_scale: 1048576.0000 (1048576.0000)  weight_decay: 0.0500 (0.0500)  grad_norm: 0.6505 (0.6874)  time: 0.8680  data: 0.5049  max mem: 11583
Epoch: [201]  [50/55]  eta: 0:00:04  lr: 0.000082  min_lr: 0.000082  loss: 0.4728 (0.4723)  loss_scale: 1048576.0000 (1048576.0000)  weight_decay: 0.0500 (0.0500)  grad_norm: 0.7394 (0.7167)  time: 0.8267  data: 0.4823  max mem: 11583
Epoch: [201]  [54/55]  eta: 0:00:00  lr: 0.000082  min_lr: 0.000082  loss: 0.4729 (0.4725)  loss_scale: 1048576.0000 (1048576.0000)  weight_decay: 0.0500 (0.0500)  grad_norm: 0.7877 (0.7255)  time: 0.8436  data: 0.4918  max mem: 11583
Epoch: [201] Total time: 0:00:50 (0.9242 s / it)
Averaged stats: lr: 0.000082  min_lr: 0.000082  loss: 0.4729 (0.4725)  loss_scale: 1048576.0000 (1048576.0000)  weight_decay: 0.0500 (0.0500)  grad_norm: 0.7877 (0.7255)
Epoch: [202]  [ 0/55]  eta: 0:07:31  lr: 0.000082  min_lr: 0.000082  loss: 0.4715 (0.4715)  loss_scale: 1048576.0000 (1048576.0000)  weight_decay: 0.0500 (0.0500)  grad_norm: 0.7426 (0.7426)  time: 8.2096  data: 7.8004  max mem: 11583
Epoch: [202]  [10/55]  eta: 0:01:05  lr: 0.000082  min_lr: 0.000082  loss: 0.4734 (0.4740)  loss_scale: 1048576.0000 (1048576.0000)  weight_decay: 0.0500 (0.0500)  grad_norm: 0.7310 (0.7824)  time: 1.4560  data: 1.0869  max mem: 11583
Epoch: [202]  [20/55]  eta: 0:00:40  lr: 0.000081  min_lr: 0.000081  loss: 0.4734 (0.4733)  loss_scale: 1048576.0000 (1048576.0000)  weight_decay: 0.0500 (0.0500)  grad_norm: 0.7310 (0.7721)  time: 0.7971  data: 0.4435  max mem: 11583
Epoch: [202]  [30/55]  eta: 0:00:25  lr: 0.000081  min_lr: 0.000081  loss: 0.4733 (0.4740)  loss_scale: 1048576.0000 (1048576.0000)  weight_decay: 0.0500 (0.0500)  grad_norm: 0.6739 (0.7355)  time: 0.8096  data: 0.4597  max mem: 11583
Epoch: [202]  [40/55]  eta: 0:00:14  lr: 0.000081  min_lr: 0.000081  loss: 0.4708 (0.4722)  loss_scale: 1048576.0000 (1048576.0000)  weight_decay: 0.0500 (0.0500)  grad_norm: 0.6966 (0.7641)  time: 0.8251  data: 0.4606  max mem: 11583
Epoch: [202]  [50/55]  eta: 0:00:04  lr: 0.000081  min_lr: 0.000081  loss: 0.4710 (0.4731)  loss_scale: 1048576.0000 (1048576.0000)  weight_decay: 0.0500 (0.0500)  grad_norm: 0.8928 (0.7959)  time: 0.8190  data: 0.4589  max mem: 11583
Epoch: [202]  [54/55]  eta: 0:00:00  lr: 0.000081  min_lr: 0.000081  loss: 0.4723 (0.4735)  loss_scale: 1048576.0000 (1048576.0000)  weight_decay: 0.0500 (0.0500)  grad_norm: 0.9217 (0.8010)  time: 0.7864  data: 0.4331  max mem: 11583
Epoch: [202] Total time: 0:00:50 (0.9095 s / it)
Averaged stats: lr: 0.000081  min_lr: 0.000081  loss: 0.4723 (0.4735)  loss_scale: 1048576.0000 (1048576.0000)  weight_decay: 0.0500 (0.0500)  grad_norm: 0.9217 (0.8010)
Epoch: [203]  [ 0/55]  eta: 0:07:44  lr: 0.000081  min_lr: 0.000081  loss: 0.4718 (0.4718)  loss_scale: 1048576.0000 (1048576.0000)  weight_decay: 0.0500 (0.0500)  grad_norm: 0.8657 (0.8657)  time: 8.4384  data: 8.0164  max mem: 11583
Epoch: [203]  [10/55]  eta: 0:01:06  lr: 0.000081  min_lr: 0.000081  loss: 0.4730 (0.4751)  loss_scale: 1048576.0000 (1048576.0000)  weight_decay: 0.0500 (0.0500)  grad_norm: 0.8321 (0.8544)  time: 1.4773  data: 1.1073  max mem: 11583
Epoch: [203]  [20/55]  eta: 0:00:39  lr: 0.000081  min_lr: 0.000081  loss: 0.4759 (0.4755)  loss_scale: 1048576.0000 (1048576.0000)  weight_decay: 0.0500 (0.0500)  grad_norm: 0.8321 (0.8799)  time: 0.7641  data: 0.4095  max mem: 11583
Epoch: [203]  [30/55]  eta: 0:00:26  lr: 0.000081  min_lr: 0.000081  loss: 0.4751 (0.4748)  loss_scale: 1048576.0000 (1048576.0000)  weight_decay: 0.0500 (0.0500)  grad_norm: 0.7760 (0.8333)  time: 0.8217  data: 0.4556  max mem: 11583
Epoch: [203]  [40/55]  eta: 0:00:14  lr: 0.000081  min_lr: 0.000081  loss: 0.4718 (0.4736)  loss_scale: 1048576.0000 (1048576.0000)  weight_decay: 0.0500 (0.0500)  grad_norm: 0.7210 (0.8117)  time: 0.8503  data: 0.4749  max mem: 11583
Epoch: [203]  [50/55]  eta: 0:00:04  lr: 0.000081  min_lr: 0.000081  loss: 0.4698 (0.4732)  loss_scale: 1048576.0000 (1048576.0000)  weight_decay: 0.0500 (0.0500)  grad_norm: 0.7454 (0.8128)  time: 0.7930  data: 0.4390  max mem: 11583
Epoch: [203]  [54/55]  eta: 0:00:00  lr: 0.000081  min_lr: 0.000081  loss: 0.4701 (0.4733)  loss_scale: 1048576.0000 (1048576.0000)  weight_decay: 0.0500 (0.0500)  grad_norm: 0.7454 (0.8102)  time: 0.7726  data: 0.4280  max mem: 11583
Epoch: [203] Total time: 0:00:50 (0.9094 s / it)
Averaged stats: lr: 0.000081  min_lr: 0.000081  loss: 0.4701 (0.4733)  loss_scale: 1048576.0000 (1048576.0000)  weight_decay: 0.0500 (0.0500)  grad_norm: 0.7454 (0.8102)
Epoch: [204]  [ 0/55]  eta: 0:07:29  lr: 0.000081  min_lr: 0.000081  loss: 0.4695 (0.4695)  loss_scale: 1048576.0000 (1048576.0000)  weight_decay: 0.0500 (0.0500)  grad_norm: 0.7399 (0.7399)  time: 8.1754  data: 7.7687  max mem: 11583
Epoch: [204]  [10/55]  eta: 0:01:07  lr: 0.000080  min_lr: 0.000080  loss: 0.4739 (0.4710)  loss_scale: 1048576.0000 (1048576.0000)  weight_decay: 0.0500 (0.0500)  grad_norm: 0.7075 (0.7272)  time: 1.5064  data: 1.1877  max mem: 11583
Epoch: [204]  [20/55]  eta: 0:00:40  lr: 0.000080  min_lr: 0.000080  loss: 0.4724 (0.4717)  loss_scale: 1048576.0000 (1048576.0000)  weight_decay: 0.0500 (0.0500)  grad_norm: 0.7077 (0.7428)  time: 0.8174  data: 0.4801  max mem: 11583
Epoch: [204]  [30/55]  eta: 0:00:26  lr: 0.000080  min_lr: 0.000080  loss: 0.4741 (0.4735)  loss_scale: 1048576.0000 (1048576.0000)  weight_decay: 0.0500 (0.0500)  grad_norm: 0.7734 (0.7696)  time: 0.8166  data: 0.4518  max mem: 11583
Epoch: [204]  [40/55]  eta: 0:00:15  lr: 0.000080  min_lr: 0.000080  loss: 0.4732 (0.4727)  loss_scale: 1048576.0000 (1048576.0000)  weight_decay: 0.0500 (0.0500)  grad_norm: 0.7460 (0.7662)  time: 0.8298  data: 0.4616  max mem: 11583
Epoch: [204]  [50/55]  eta: 0:00:04  lr: 0.000080  min_lr: 0.000080  loss: 0.4702 (0.4726)  loss_scale: 1048576.0000 (1048576.0000)  weight_decay: 0.0500 (0.0500)  grad_norm: 0.6762 (0.7510)  time: 0.7969  data: 0.4397  max mem: 11583
Epoch: [204]  [54/55]  eta: 0:00:00  lr: 0.000080  min_lr: 0.000080  loss: 0.4698 (0.4725)  loss_scale: 1048576.0000 (1048576.0000)  weight_decay: 0.0500 (0.0500)  grad_norm: 0.6608 (0.7402)  time: 0.7910  data: 0.4396  max mem: 11583
Epoch: [204] Total time: 0:00:50 (0.9138 s / it)
Averaged stats: lr: 0.000080  min_lr: 0.000080  loss: 0.4698 (0.4725)  loss_scale: 1048576.0000 (1048576.0000)  weight_decay: 0.0500 (0.0500)  grad_norm: 0.6608 (0.7402)
Epoch: [205]  [ 0/55]  eta: 0:07:23  lr: 0.000080  min_lr: 0.000080  loss: 0.4632 (0.4632)  loss_scale: 1048576.0000 (1048576.0000)  weight_decay: 0.0500 (0.0500)  grad_norm: 0.5683 (0.5683)  time: 8.0656  data: 7.6463  max mem: 11583
Epoch: [205]  [10/55]  eta: 0:01:03  lr: 0.000080  min_lr: 0.000080  loss: 0.4699 (0.4725)  loss_scale: 1048576.0000 (1048576.0000)  weight_decay: 0.0500 (0.0500)  grad_norm: 0.7211 (0.6908)  time: 1.4170  data: 1.0575  max mem: 11583
Epoch: [205]  [20/55]  eta: 0:00:39  lr: 0.000080  min_lr: 0.000080  loss: 0.4736 (0.4735)  loss_scale: 1048576.0000 (1048576.0000)  weight_decay: 0.0500 (0.0500)  grad_norm: 0.7418 (0.7438)  time: 0.7880  data: 0.4265  max mem: 11583
Epoch: [205]  [30/55]  eta: 0:00:25  lr: 0.000080  min_lr: 0.000080  loss: 0.4750 (0.4738)  loss_scale: 1048576.0000 (1048576.0000)  weight_decay: 0.0500 (0.0500)  grad_norm: 0.7963 (0.7757)  time: 0.8169  data: 0.4530  max mem: 11583
Epoch: [205]  [40/55]  eta: 0:00:14  lr: 0.000080  min_lr: 0.000080  loss: 0.4689 (0.4722)  loss_scale: 1048576.0000 (1048576.0000)  weight_decay: 0.0500 (0.0500)  grad_norm: 0.7626 (0.7635)  time: 0.8249  data: 0.4680  max mem: 11583
Epoch: [205]  [50/55]  eta: 0:00:04  lr: 0.000079  min_lr: 0.000079  loss: 0.4681 (0.4727)  loss_scale: 1048576.0000 (1048576.0000)  weight_decay: 0.0500 (0.0500)  grad_norm: 0.6843 (0.7488)  time: 0.8143  data: 0.4647  max mem: 11583
Epoch: [205]  [54/55]  eta: 0:00:00  lr: 0.000079  min_lr: 0.000079  loss: 0.4689 (0.4724)  loss_scale: 1048576.0000 (1048576.0000)  weight_decay: 0.0500 (0.0500)  grad_norm: 0.6843 (0.7417)  time: 0.8012  data: 0.4544  max mem: 11583
Epoch: [205] Total time: 0:00:49 (0.9033 s / it)
Averaged stats: lr: 0.000079  min_lr: 0.000079  loss: 0.4689 (0.4724)  loss_scale: 1048576.0000 (1048576.0000)  weight_decay: 0.0500 (0.0500)  grad_norm: 0.6843 (0.7417)
Epoch: [206]  [ 0/55]  eta: 0:07:28  lr: 0.000079  min_lr: 0.000079  loss: 0.4701 (0.4701)  loss_scale: 1048576.0000 (1048576.0000)  weight_decay: 0.0500 (0.0500)  grad_norm: 0.5559 (0.5559)  time: 8.1549  data: 7.7512  max mem: 11583
Epoch: [206]  [10/55]  eta: 0:01:05  lr: 0.000079  min_lr: 0.000079  loss: 0.4723 (0.4721)  loss_scale: 1048576.0000 (1048576.0000)  weight_decay: 0.0500 (0.0500)  grad_norm: 0.7714 (0.7519)  time: 1.4604  data: 1.0860  max mem: 11583
Epoch: [206]  [20/55]  eta: 0:00:40  lr: 0.000079  min_lr: 0.000079  loss: 0.4723 (0.4718)  loss_scale: 1048576.0000 (1048576.0000)  weight_decay: 0.0500 (0.0500)  grad_norm: 0.8485 (0.8491)  time: 0.8063  data: 0.4375  max mem: 11583
Epoch: [206]  [30/55]  eta: 0:00:26  lr: 0.000079  min_lr: 0.000079  loss: 0.4710 (0.4721)  loss_scale: 1048576.0000 (1048576.0000)  weight_decay: 0.0500 (0.0500)  grad_norm: 0.7957 (0.8147)  time: 0.8190  data: 0.4522  max mem: 11583
Epoch: [206]  [40/55]  eta: 0:00:14  lr: 0.000079  min_lr: 0.000079  loss: 0.4703 (0.4706)  loss_scale: 1048576.0000 (1048576.0000)  weight_decay: 0.0500 (0.0500)  grad_norm: 0.7355 (0.8084)  time: 0.8097  data: 0.4440  max mem: 11583
Epoch: [206]  [50/55]  eta: 0:00:04  lr: 0.000079  min_lr: 0.000079  loss: 0.4684 (0.4714)  loss_scale: 1048576.0000 (1048576.0000)  weight_decay: 0.0500 (0.0500)  grad_norm: 0.7977 (0.8200)  time: 0.8416  data: 0.4739  max mem: 11583
Epoch: [206]  [54/55]  eta: 0:00:00  lr: 0.000079  min_lr: 0.000079  loss: 0.4718 (0.4715)  loss_scale: 1048576.0000 (1048576.0000)  weight_decay: 0.0500 (0.0500)  grad_norm: 0.8138 (0.8112)  time: 0.8199  data: 0.4568  max mem: 11583
Epoch: [206] Total time: 0:00:50 (0.9264 s / it)
Averaged stats: lr: 0.000079  min_lr: 0.000079  loss: 0.4718 (0.4715)  loss_scale: 1048576.0000 (1048576.0000)  weight_decay: 0.0500 (0.0500)  grad_norm: 0.8138 (0.8112)
Epoch: [207]  [ 0/55]  eta: 0:07:25  lr: 0.000079  min_lr: 0.000079  loss: 0.4720 (0.4720)  loss_scale: 1048576.0000 (1048576.0000)  weight_decay: 0.0500 (0.0500)  grad_norm: 0.7527 (0.7527)  time: 8.1037  data: 7.6121  max mem: 11583
Epoch: [207]  [10/55]  eta: 0:01:07  lr: 0.000079  min_lr: 0.000079  loss: 0.4696 (0.4707)  loss_scale: 1048576.0000 (1048576.0000)  weight_decay: 0.0500 (0.0500)  grad_norm: 0.7324 (0.7176)  time: 1.5011  data: 1.1418  max mem: 11583
Epoch: [207]  [20/55]  eta: 0:00:40  lr: 0.000079  min_lr: 0.000079  loss: 0.4715 (0.4726)  loss_scale: 1048576.0000 (1048576.0000)  weight_decay: 0.0500 (0.0500)  grad_norm: 0.7537 (0.7359)  time: 0.8070  data: 0.4506  max mem: 11583
Epoch: [207]  [30/55]  eta: 0:00:26  lr: 0.000079  min_lr: 0.000079  loss: 0.4737 (0.4721)  loss_scale: 1048576.0000 (1048576.0000)  weight_decay: 0.0500 (0.0500)  grad_norm: 0.7472 (0.7155)  time: 0.7993  data: 0.4336  max mem: 11583
Epoch: [207]  [40/55]  eta: 0:00:14  lr: 0.000078  min_lr: 0.000078  loss: 0.4672 (0.4705)  loss_scale: 1048576.0000 (1048576.0000)  weight_decay: 0.0500 (0.0500)  grad_norm: 0.6384 (0.7149)  time: 0.8083  data: 0.4454  max mem: 11583
Epoch: [207]  [50/55]  eta: 0:00:04  lr: 0.000078  min_lr: 0.000078  loss: 0.4673 (0.4708)  loss_scale: 1048576.0000 (1048576.0000)  weight_decay: 0.0500 (0.0500)  grad_norm: 0.6893 (0.7229)  time: 0.7692  data: 0.4228  max mem: 11583
Epoch: [207]  [54/55]  eta: 0:00:00  lr: 0.000078  min_lr: 0.000078  loss: 0.4710 (0.4710)  loss_scale: 1048576.0000 (1048576.0000)  weight_decay: 0.0500 (0.0500)  grad_norm: 0.7060 (0.7219)  time: 0.7354  data: 0.4243  max mem: 11583
Epoch: [207] Total time: 0:00:49 (0.8952 s / it)
Averaged stats: lr: 0.000078  min_lr: 0.000078  loss: 0.4710 (0.4710)  loss_scale: 1048576.0000 (1048576.0000)  weight_decay: 0.0500 (0.0500)  grad_norm: 0.7060 (0.7219)
Epoch: [208]  [ 0/55]  eta: 0:07:01  lr: 0.000078  min_lr: 0.000078  loss: 0.4811 (0.4811)  loss_scale: 1048576.0000 (1048576.0000)  weight_decay: 0.0500 (0.0500)  grad_norm: 0.8428 (0.8428)  time: 7.6686  data: 7.2618  max mem: 11583
Epoch: [208]  [10/55]  eta: 0:01:03  lr: 0.000078  min_lr: 0.000078  loss: 0.4717 (0.4729)  loss_scale: 1048576.0000 (1048576.0000)  weight_decay: 0.0500 (0.0500)  grad_norm: 0.7806 (0.8007)  time: 1.4160  data: 1.0377  max mem: 11583
Epoch: [208]  [20/55]  eta: 0:00:40  lr: 0.000078  min_lr: 0.000078  loss: 0.4675 (0.4703)  loss_scale: 1048576.0000 (1048576.0000)  weight_decay: 0.0500 (0.0500)  grad_norm: 0.6994 (0.7538)  time: 0.8246  data: 0.4628  max mem: 11583
Epoch: [208]  [30/55]  eta: 0:00:25  lr: 0.000078  min_lr: 0.000078  loss: 0.4652 (0.4695)  loss_scale: 1048576.0000 (1048576.0000)  weight_decay: 0.0500 (0.0500)  grad_norm: 0.7927 (0.7946)  time: 0.8297  data: 0.4715  max mem: 11583
Epoch: [208]  [40/55]  eta: 0:00:14  lr: 0.000078  min_lr: 0.000078  loss: 0.4700 (0.4692)  loss_scale: 1048576.0000 (1048576.0000)  weight_decay: 0.0500 (0.0500)  grad_norm: 0.8844 (0.8286)  time: 0.8235  data: 0.4548  max mem: 11583
Epoch: [208]  [50/55]  eta: 0:00:04  lr: 0.000078  min_lr: 0.000078  loss: 0.4705 (0.4694)  loss_scale: 1048576.0000 (1048576.0000)  weight_decay: 0.0500 (0.0500)  grad_norm: 0.8733 (0.8376)  time: 0.8084  data: 0.4515  max mem: 11583
Epoch: [208]  [54/55]  eta: 0:00:00  lr: 0.000078  min_lr: 0.000078  loss: 0.4700 (0.4697)  loss_scale: 1048576.0000 (1048576.0000)  weight_decay: 0.0500 (0.0500)  grad_norm: 0.8658 (0.8285)  time: 0.7921  data: 0.4414  max mem: 11583
Epoch: [208] Total time: 0:00:50 (0.9207 s / it)
Averaged stats: lr: 0.000078  min_lr: 0.000078  loss: 0.4700 (0.4697)  loss_scale: 1048576.0000 (1048576.0000)  weight_decay: 0.0500 (0.0500)  grad_norm: 0.8658 (0.8285)
Epoch: [209]  [ 0/55]  eta: 0:07:38  lr: 0.000078  min_lr: 0.000078  loss: 0.4585 (0.4585)  loss_scale: 1048576.0000 (1048576.0000)  weight_decay: 0.0500 (0.0500)  grad_norm: 0.6517 (0.6517)  time: 8.3381  data: 7.9364  max mem: 11583
Epoch: [209]  [10/55]  eta: 0:01:07  lr: 0.000078  min_lr: 0.000078  loss: 0.4705 (0.4687)  loss_scale: 1048576.0000 (1048576.0000)  weight_decay: 0.0500 (0.0500)  grad_norm: 0.6625 (0.6829)  time: 1.4916  data: 1.1145  max mem: 11583
Epoch: [209]  [20/55]  eta: 0:00:40  lr: 0.000078  min_lr: 0.000078  loss: 0.4680 (0.4687)  loss_scale: 1048576.0000 (1048576.0000)  weight_decay: 0.0500 (0.0500)  grad_norm: 0.6436 (0.6694)  time: 0.7982  data: 0.4286  max mem: 11583
Epoch: [209]  [30/55]  eta: 0:00:26  lr: 0.000077  min_lr: 0.000077  loss: 0.4669 (0.4683)  loss_scale: 1048576.0000 (1048576.0000)  weight_decay: 0.0500 (0.0500)  grad_norm: 0.7174 (0.7358)  time: 0.7949  data: 0.4321  max mem: 11583
Epoch: [209]  [40/55]  eta: 0:00:14  lr: 0.000077  min_lr: 0.000077  loss: 0.4659 (0.4678)  loss_scale: 1048576.0000 (1048576.0000)  weight_decay: 0.0500 (0.0500)  grad_norm: 0.8525 (0.7711)  time: 0.8099  data: 0.4421  max mem: 11583
Epoch: [209]  [50/55]  eta: 0:00:04  lr: 0.000077  min_lr: 0.000077  loss: 0.4655 (0.4677)  loss_scale: 1048576.0000 (1048576.0000)  weight_decay: 0.0500 (0.0500)  grad_norm: 0.8067 (0.7738)  time: 0.8245  data: 0.4786  max mem: 11583
Epoch: [209]  [54/55]  eta: 0:00:00  lr: 0.000077  min_lr: 0.000077  loss: 0.4655 (0.4680)  loss_scale: 1048576.0000 (1048576.0000)  weight_decay: 0.0500 (0.0500)  grad_norm: 0.7664 (0.7667)  time: 0.8023  data: 0.4676  max mem: 11583
Epoch: [209] Total time: 0:00:50 (0.9180 s / it)
Averaged stats: lr: 0.000077  min_lr: 0.000077  loss: 0.4655 (0.4680)  loss_scale: 1048576.0000 (1048576.0000)  weight_decay: 0.0500 (0.0500)  grad_norm: 0.7664 (0.7667)
Epoch: [210]  [ 0/55]  eta: 0:07:25  lr: 0.000077  min_lr: 0.000077  loss: 0.4637 (0.4637)  loss_scale: 1048576.0000 (1048576.0000)  weight_decay: 0.0500 (0.0500)  grad_norm: 0.5552 (0.5552)  time: 8.1027  data: 7.8426  max mem: 11583
Epoch: [210]  [10/55]  eta: 0:01:07  lr: 0.000077  min_lr: 0.000077  loss: 0.4669 (0.4690)  loss_scale: 1048576.0000 (1048576.0000)  weight_decay: 0.0500 (0.0500)  grad_norm: 0.6524 (0.6982)  time: 1.4952  data: 1.1228  max mem: 11583
Epoch: [210]  [20/55]  eta: 0:00:40  lr: 0.000077  min_lr: 0.000077  loss: 0.4675 (0.4682)  loss_scale: 1048576.0000 (1048576.0000)  weight_decay: 0.0500 (0.0500)  grad_norm: 0.6930 (0.7576)  time: 0.7996  data: 0.4276  max mem: 11583
Epoch: [210]  [30/55]  eta: 0:00:26  lr: 0.000077  min_lr: 0.000077  loss: 0.4683 (0.4687)  loss_scale: 1048576.0000 (1048576.0000)  weight_decay: 0.0500 (0.0500)  grad_norm: 0.8058 (0.7502)  time: 0.8021  data: 0.4349  max mem: 11583
Epoch: [210]  [40/55]  eta: 0:00:14  lr: 0.000077  min_lr: 0.000077  loss: 0.4694 (0.4682)  loss_scale: 1048576.0000 (1048576.0000)  weight_decay: 0.0500 (0.0500)  grad_norm: 0.6444 (0.7373)  time: 0.8250  data: 0.4547  max mem: 11583
Epoch: [210]  [50/55]  eta: 0:00:04  lr: 0.000077  min_lr: 0.000077  loss: 0.4661 (0.4683)  loss_scale: 1048576.0000 (1048576.0000)  weight_decay: 0.0500 (0.0500)  grad_norm: 0.7107 (0.7400)  time: 0.7995  data: 0.4380  max mem: 11583
Epoch: [210]  [54/55]  eta: 0:00:00  lr: 0.000077  min_lr: 0.000077  loss: 0.4659 (0.4683)  loss_scale: 1048576.0000 (1048576.0000)  weight_decay: 0.0500 (0.0500)  grad_norm: 0.7273 (0.7498)  time: 0.7981  data: 0.4379  max mem: 11583
Epoch: [210] Total time: 0:00:50 (0.9149 s / it)
Averaged stats: lr: 0.000077  min_lr: 0.000077  loss: 0.4659 (0.4683)  loss_scale: 1048576.0000 (1048576.0000)  weight_decay: 0.0500 (0.0500)  grad_norm: 0.7273 (0.7498)
Epoch: [211]  [ 0/55]  eta: 0:07:24  lr: 0.000077  min_lr: 0.000077  loss: 0.4582 (0.4582)  loss_scale: 1048576.0000 (1048576.0000)  weight_decay: 0.0500 (0.0500)  grad_norm: 0.7617 (0.7617)  time: 8.0897  data: 7.6986  max mem: 11583
Epoch: [211]  [10/55]  eta: 0:01:07  lr: 0.000077  min_lr: 0.000077  loss: 0.4728 (0.4694)  loss_scale: 1048576.0000 (1048576.0000)  weight_decay: 0.0500 (0.0500)  grad_norm: 0.7806 (0.7759)  time: 1.5015  data: 1.1304  max mem: 11583
Epoch: [211]  [20/55]  eta: 0:00:41  lr: 0.000076  min_lr: 0.000076  loss: 0.4728 (0.4695)  loss_scale: 1048576.0000 (1048576.0000)  weight_decay: 0.0500 (0.0500)  grad_norm: 0.6471 (0.7193)  time: 0.8338  data: 0.4623  max mem: 11583
Epoch: [211]  [30/55]  eta: 0:00:26  lr: 0.000076  min_lr: 0.000076  loss: 0.4691 (0.4694)  loss_scale: 1048576.0000 (1048576.0000)  weight_decay: 0.0500 (0.0500)  grad_norm: 0.6471 (0.7228)  time: 0.8171  data: 0.4500  max mem: 11583
Epoch: [211]  [40/55]  eta: 0:00:15  lr: 0.000076  min_lr: 0.000076  loss: 0.4665 (0.4685)  loss_scale: 1048576.0000 (1048576.0000)  weight_decay: 0.0500 (0.0500)  grad_norm: 0.7345 (0.7317)  time: 0.8576  data: 0.5034  max mem: 11583
Epoch: [211]  [50/55]  eta: 0:00:04  lr: 0.000076  min_lr: 0.000076  loss: 0.4700 (0.4692)  loss_scale: 1048576.0000 (1048576.0000)  weight_decay: 0.0500 (0.0500)  grad_norm: 0.7172 (0.7273)  time: 0.8357  data: 0.4895  max mem: 11583
Epoch: [211]  [54/55]  eta: 0:00:00  lr: 0.000076  min_lr: 0.000076  loss: 0.4702 (0.4692)  loss_scale: 1048576.0000 (1048576.0000)  weight_decay: 0.0500 (0.0500)  grad_norm: 0.7172 (0.7305)  time: 0.8314  data: 0.4777  max mem: 11583
Epoch: [211] Total time: 0:00:51 (0.9283 s / it)
Averaged stats: lr: 0.000076  min_lr: 0.000076  loss: 0.4702 (0.4692)  loss_scale: 1048576.0000 (1048576.0000)  weight_decay: 0.0500 (0.0500)  grad_norm: 0.7172 (0.7305)
Epoch: [212]  [ 0/55]  eta: 0:07:27  lr: 0.000076  min_lr: 0.000076  loss: 0.4656 (0.4656)  loss_scale: 1048576.0000 (1048576.0000)  weight_decay: 0.0500 (0.0500)  grad_norm: 0.5365 (0.5365)  time: 8.1427  data: 7.7362  max mem: 11583
Epoch: [212]  [10/55]  eta: 0:01:06  lr: 0.000076  min_lr: 0.000076  loss: 0.4662 (0.4689)  loss_scale: 1048576.0000 (1048576.0000)  weight_decay: 0.0500 (0.0500)  grad_norm: 0.7339 (0.7073)  time: 1.4704  data: 1.1045  max mem: 11583
Epoch: [212]  [20/55]  eta: 0:00:40  lr: 0.000076  min_lr: 0.000076  loss: 0.4662 (0.4678)  loss_scale: 1048576.0000 (1048576.0000)  weight_decay: 0.0500 (0.0500)  grad_norm: 0.7511 (0.7358)  time: 0.8178  data: 0.4615  max mem: 11583
Epoch: [212]  [30/55]  eta: 0:00:26  lr: 0.000076  min_lr: 0.000076  loss: 0.4678 (0.4691)  loss_scale: 1048576.0000 (1048576.0000)  weight_decay: 0.0500 (0.0500)  grad_norm: 0.7731 (0.7543)  time: 0.8177  data: 0.4606  max mem: 11583
Epoch: [212]  [40/55]  eta: 0:00:14  lr: 0.000076  min_lr: 0.000076  loss: 0.4653 (0.4677)  loss_scale: 1048576.0000 (1048576.0000)  weight_decay: 0.0500 (0.0500)  grad_norm: 0.7845 (0.7485)  time: 0.8118  data: 0.4511  max mem: 11583
Epoch: [212]  [50/55]  eta: 0:00:04  lr: 0.000076  min_lr: 0.000076  loss: 0.4651 (0.4683)  loss_scale: 1048576.0000 (1048576.0000)  weight_decay: 0.0500 (0.0500)  grad_norm: 0.7375 (0.7506)  time: 0.8031  data: 0.4498  max mem: 11583
Epoch: [212]  [54/55]  eta: 0:00:00  lr: 0.000076  min_lr: 0.000076  loss: 0.4651 (0.4684)  loss_scale: 1048576.0000 (1048576.0000)  weight_decay: 0.0500 (0.0500)  grad_norm: 0.7585 (0.7541)  time: 0.7811  data: 0.4341  max mem: 11583
Epoch: [212] Total time: 0:00:50 (0.9142 s / it)
Averaged stats: lr: 0.000076  min_lr: 0.000076  loss: 0.4651 (0.4684)  loss_scale: 1048576.0000 (1048576.0000)  weight_decay: 0.0500 (0.0500)  grad_norm: 0.7585 (0.7541)
Epoch: [213]  [ 0/55]  eta: 0:07:29  lr: 0.000075  min_lr: 0.000075  loss: 0.4619 (0.4619)  loss_scale: 1048576.0000 (1048576.0000)  weight_decay: 0.0500 (0.0500)  grad_norm: 0.6902 (0.6902)  time: 8.1746  data: 7.7475  max mem: 11583
Epoch: [213]  [10/55]  eta: 0:01:05  lr: 0.000075  min_lr: 0.000075  loss: 0.4697 (0.4701)  loss_scale: 1048576.0000 (1048576.0000)  weight_decay: 0.0500 (0.0500)  grad_norm: 0.8001 (0.8275)  time: 1.4641  data: 1.0905  max mem: 11583
Epoch: [213]  [20/55]  eta: 0:00:40  lr: 0.000075  min_lr: 0.000075  loss: 0.4697 (0.4693)  loss_scale: 1048576.0000 (1048576.0000)  weight_decay: 0.0500 (0.0500)  grad_norm: 0.7744 (0.7770)  time: 0.8033  data: 0.4304  max mem: 11583
Epoch: [213]  [30/55]  eta: 0:00:26  lr: 0.000075  min_lr: 0.000075  loss: 0.4679 (0.4685)  loss_scale: 1048576.0000 (1048576.0000)  weight_decay: 0.0500 (0.0500)  grad_norm: 0.6659 (0.7466)  time: 0.8181  data: 0.4544  max mem: 11583
Epoch: [213]  [40/55]  eta: 0:00:14  lr: 0.000075  min_lr: 0.000075  loss: 0.4654 (0.4674)  loss_scale: 1048576.0000 (1048576.0000)  weight_decay: 0.0500 (0.0500)  grad_norm: 0.7259 (0.7772)  time: 0.8365  data: 0.4767  max mem: 11583
Epoch: [213]  [50/55]  eta: 0:00:04  lr: 0.000075  min_lr: 0.000075  loss: 0.4665 (0.4678)  loss_scale: 1048576.0000 (1048576.0000)  weight_decay: 0.0500 (0.0500)  grad_norm: 0.7575 (0.7596)  time: 0.8425  data: 0.4941  max mem: 11583
Epoch: [213]  [54/55]  eta: 0:00:00  lr: 0.000075  min_lr: 0.000075  loss: 0.4665 (0.4678)  loss_scale: 1048576.0000 (1048576.0000)  weight_decay: 0.0500 (0.0500)  grad_norm: 0.7575 (0.7589)  time: 0.8291  data: 0.4887  max mem: 11583
Epoch: [213] Total time: 0:00:50 (0.9221 s / it)
Averaged stats: lr: 0.000075  min_lr: 0.000075  loss: 0.4665 (0.4678)  loss_scale: 1048576.0000 (1048576.0000)  weight_decay: 0.0500 (0.0500)  grad_norm: 0.7575 (0.7589)
Epoch: [214]  [ 0/55]  eta: 0:07:16  lr: 0.000075  min_lr: 0.000075  loss: 0.4635 (0.4635)  loss_scale: 1048576.0000 (1048576.0000)  weight_decay: 0.0500 (0.0500)  grad_norm: 0.7336 (0.7336)  time: 7.9407  data: 7.6435  max mem: 11583
Epoch: [214]  [10/55]  eta: 0:01:08  lr: 0.000075  min_lr: 0.000075  loss: 0.4669 (0.4654)  loss_scale: 1048576.0000 (1048576.0000)  weight_decay: 0.0500 (0.0500)  grad_norm: 0.7336 (0.7177)  time: 1.5171  data: 1.2561  max mem: 11583
Epoch: [214]  [20/55]  eta: 0:00:40  lr: 0.000075  min_lr: 0.000075  loss: 0.4669 (0.4659)  loss_scale: 1048576.0000 (1048576.0000)  weight_decay: 0.0500 (0.0500)  grad_norm: 0.7100 (0.7564)  time: 0.8215  data: 0.5145  max mem: 11583
Epoch: [214]  [30/55]  eta: 0:00:26  lr: 0.000075  min_lr: 0.000075  loss: 0.4680 (0.4669)  loss_scale: 1048576.0000 (1048576.0000)  weight_decay: 0.0500 (0.0500)  grad_norm: 0.7243 (0.8134)  time: 0.8111  data: 0.4522  max mem: 11583
Epoch: [214]  [40/55]  eta: 0:00:15  lr: 0.000075  min_lr: 0.000075  loss: 0.4650 (0.4657)  loss_scale: 1048576.0000 (1048576.0000)  weight_decay: 0.0500 (0.0500)  grad_norm: 0.8619 (0.8183)  time: 0.8350  data: 0.4649  max mem: 11583
Epoch: [214]  [50/55]  eta: 0:00:04  lr: 0.000074  min_lr: 0.000074  loss: 0.4630 (0.4655)  loss_scale: 1048576.0000 (1048576.0000)  weight_decay: 0.0500 (0.0500)  grad_norm: 0.7577 (0.8084)  time: 0.8003  data: 0.4359  max mem: 11583
Epoch: [214]  [54/55]  eta: 0:00:00  lr: 0.000074  min_lr: 0.000074  loss: 0.4630 (0.4653)  loss_scale: 1048576.0000 (1048576.0000)  weight_decay: 0.0500 (0.0500)  grad_norm: 0.7545 (0.8069)  time: 0.7874  data: 0.4315  max mem: 11583
Epoch: [214] Total time: 0:00:50 (0.9144 s / it)
Averaged stats: lr: 0.000074  min_lr: 0.000074  loss: 0.4630 (0.4653)  loss_scale: 1048576.0000 (1048576.0000)  weight_decay: 0.0500 (0.0500)  grad_norm: 0.7545 (0.8069)
Epoch: [215]  [ 0/55]  eta: 0:07:26  lr: 0.000074  min_lr: 0.000074  loss: 0.4445 (0.4445)  loss_scale: 1048576.0000 (1048576.0000)  weight_decay: 0.0500 (0.0500)  grad_norm: 0.6624 (0.6624)  time: 8.1193  data: 7.7301  max mem: 11583
Epoch: [215]  [10/55]  eta: 0:01:07  lr: 0.000074  min_lr: 0.000074  loss: 0.4653 (0.4651)  loss_scale: 1048576.0000 (1048576.0000)  weight_decay: 0.0500 (0.0500)  grad_norm: 0.7136 (0.7483)  time: 1.4923  data: 1.1154  max mem: 11583
Epoch: [215]  [20/55]  eta: 0:00:40  lr: 0.000074  min_lr: 0.000074  loss: 0.4646 (0.4651)  loss_scale: 1048576.0000 (1048576.0000)  weight_decay: 0.0500 (0.0500)  grad_norm: 0.7136 (0.7220)  time: 0.7979  data: 0.4311  max mem: 11583
Epoch: [215]  [30/55]  eta: 0:00:25  lr: 0.000074  min_lr: 0.000074  loss: 0.4646 (0.4657)  loss_scale: 1048576.0000 (1048576.0000)  weight_decay: 0.0500 (0.0500)  grad_norm: 0.6504 (0.7037)  time: 0.7848  data: 0.4259  max mem: 11583
Epoch: [215]  [40/55]  eta: 0:00:15  lr: 0.000074  min_lr: 0.000074  loss: 0.4642 (0.4656)  loss_scale: 1048576.0000 (1048576.0000)  weight_decay: 0.0500 (0.0500)  grad_norm: 0.7116 (0.7088)  time: 0.8517  data: 0.4844  max mem: 11583
Epoch: [215]  [50/55]  eta: 0:00:04  lr: 0.000074  min_lr: 0.000074  loss: 0.4677 (0.4667)  loss_scale: 1048576.0000 (1048576.0000)  weight_decay: 0.0500 (0.0500)  grad_norm: 0.7670 (0.7576)  time: 0.8388  data: 0.4752  max mem: 11583
Epoch: [215]  [54/55]  eta: 0:00:00  lr: 0.000074  min_lr: 0.000074  loss: 0.4680 (0.4668)  loss_scale: 1048576.0000 (1048576.0000)  weight_decay: 0.0500 (0.0500)  grad_norm: 0.7736 (0.7617)  time: 0.8263  data: 0.4681  max mem: 11583
Epoch: [215] Total time: 0:00:50 (0.9154 s / it)
Averaged stats: lr: 0.000074  min_lr: 0.000074  loss: 0.4680 (0.4668)  loss_scale: 1048576.0000 (1048576.0000)  weight_decay: 0.0500 (0.0500)  grad_norm: 0.7736 (0.7617)
Epoch: [216]  [ 0/55]  eta: 0:07:53  lr: 0.000074  min_lr: 0.000074  loss: 0.4565 (0.4565)  loss_scale: 1048576.0000 (1048576.0000)  weight_decay: 0.0500 (0.0500)  grad_norm: 1.0389 (1.0389)  time: 8.6162  data: 8.2260  max mem: 11583
Epoch: [216]  [10/55]  eta: 0:01:06  lr: 0.000074  min_lr: 0.000074  loss: 0.4660 (0.4676)  loss_scale: 1048576.0000 (1048576.0000)  weight_decay: 0.0500 (0.0500)  grad_norm: 0.8617 (0.8562)  time: 1.4784  data: 1.1167  max mem: 11583
Epoch: [216]  [20/55]  eta: 0:00:40  lr: 0.000074  min_lr: 0.000074  loss: 0.4680 (0.4676)  loss_scale: 1048576.0000 (1048576.0000)  weight_decay: 0.0500 (0.0500)  grad_norm: 0.7527 (0.8026)  time: 0.7900  data: 0.4328  max mem: 11583
Epoch: [216]  [30/55]  eta: 0:00:26  lr: 0.000073  min_lr: 0.000073  loss: 0.4692 (0.4686)  loss_scale: 1048576.0000 (1048576.0000)  weight_decay: 0.0500 (0.0500)  grad_norm: 0.6970 (0.7624)  time: 0.8007  data: 0.4451  max mem: 11583
Epoch: [216]  [40/55]  eta: 0:00:14  lr: 0.000073  min_lr: 0.000073  loss: 0.4664 (0.4667)  loss_scale: 1048576.0000 (1048576.0000)  weight_decay: 0.0500 (0.0500)  grad_norm: 0.6518 (0.7359)  time: 0.8243  data: 0.4647  max mem: 11583
Epoch: [216]  [50/55]  eta: 0:00:04  lr: 0.000073  min_lr: 0.000073  loss: 0.4636 (0.4663)  loss_scale: 1048576.0000 (1048576.0000)  weight_decay: 0.0500 (0.0500)  grad_norm: 0.6515 (0.7243)  time: 0.8134  data: 0.4609  max mem: 11583
Epoch: [216]  [54/55]  eta: 0:00:00  lr: 0.000073  min_lr: 0.000073  loss: 0.4639 (0.4666)  loss_scale: 1048576.0000 (1048576.0000)  weight_decay: 0.0500 (0.0500)  grad_norm: 0.6146 (0.7285)  time: 0.7871  data: 0.4384  max mem: 11583
Epoch: [216] Total time: 0:00:50 (0.9103 s / it)
Averaged stats: lr: 0.000073  min_lr: 0.000073  loss: 0.4639 (0.4666)  loss_scale: 1048576.0000 (1048576.0000)  weight_decay: 0.0500 (0.0500)  grad_norm: 0.6146 (0.7285)
Epoch: [217]  [ 0/55]  eta: 0:07:41  lr: 0.000073  min_lr: 0.000073  loss: 0.4571 (0.4571)  loss_scale: 1048576.0000 (1048576.0000)  weight_decay: 0.0500 (0.0500)  grad_norm: 0.8218 (0.8218)  time: 8.3852  data: 7.9943  max mem: 11583
Epoch: [217]  [10/55]  eta: 0:01:05  lr: 0.000073  min_lr: 0.000073  loss: 0.4597 (0.4622)  loss_scale: 1048576.0000 (1048576.0000)  weight_decay: 0.0500 (0.0500)  grad_norm: 0.9169 (0.9274)  time: 1.4474  data: 1.0930  max mem: 11583
Epoch: [217]  [20/55]  eta: 0:00:39  lr: 0.000073  min_lr: 0.000073  loss: 0.4625 (0.4634)  loss_scale: 1048576.0000 (1048576.0000)  weight_decay: 0.0500 (0.0500)  grad_norm: 0.7970 (0.8268)  time: 0.7581  data: 0.4076  max mem: 11583
Epoch: [217]  [30/55]  eta: 0:00:26  lr: 0.000073  min_lr: 0.000073  loss: 0.4674 (0.4653)  loss_scale: 1048576.0000 (1048576.0000)  weight_decay: 0.0500 (0.0500)  grad_norm: 0.7484 (0.8093)  time: 0.8225  data: 0.4615  max mem: 11583
Epoch: [217]  [40/55]  eta: 0:00:14  lr: 0.000073  min_lr: 0.000073  loss: 0.4676 (0.4648)  loss_scale: 1048576.0000 (1048576.0000)  weight_decay: 0.0500 (0.0500)  grad_norm: 0.7395 (0.7938)  time: 0.8484  data: 0.4800  max mem: 11583
Epoch: [217]  [50/55]  eta: 0:00:04  lr: 0.000073  min_lr: 0.000073  loss: 0.4688 (0.4659)  loss_scale: 1048576.0000 (1048576.0000)  weight_decay: 0.0500 (0.0500)  grad_norm: 0.7069 (0.7831)  time: 0.8101  data: 0.4531  max mem: 11583
Epoch: [217]  [54/55]  eta: 0:00:00  lr: 0.000073  min_lr: 0.000073  loss: 0.4688 (0.4660)  loss_scale: 1048576.0000 (1048576.0000)  weight_decay: 0.0500 (0.0500)  grad_norm: 0.7027 (0.7751)  time: 0.7993  data: 0.4484  max mem: 11583
Epoch: [217] Total time: 0:00:49 (0.9087 s / it)
Averaged stats: lr: 0.000073  min_lr: 0.000073  loss: 0.4688 (0.4660)  loss_scale: 1048576.0000 (1048576.0000)  weight_decay: 0.0500 (0.0500)  grad_norm: 0.7027 (0.7751)
Epoch: [218]  [ 0/55]  eta: 0:07:07  lr: 0.000073  min_lr: 0.000073  loss: 0.4544 (0.4544)  loss_scale: 1048576.0000 (1048576.0000)  weight_decay: 0.0500 (0.0500)  grad_norm: 0.7790 (0.7790)  time: 7.7754  data: 7.3744  max mem: 11583
Epoch: [218]  [10/55]  eta: 0:01:05  lr: 0.000073  min_lr: 0.000073  loss: 0.4676 (0.4660)  loss_scale: 1048576.0000 (1048576.0000)  weight_decay: 0.0500 (0.0500)  grad_norm: 0.7790 (0.7533)  time: 1.4560  data: 1.0978  max mem: 11583
Epoch: [218]  [20/55]  eta: 0:00:39  lr: 0.000072  min_lr: 0.000072  loss: 0.4684 (0.4683)  loss_scale: 1048576.0000 (1048576.0000)  weight_decay: 0.0500 (0.0500)  grad_norm: 0.8033 (0.8080)  time: 0.8067  data: 0.4484  max mem: 11583
Epoch: [218]  [30/55]  eta: 0:00:26  lr: 0.000072  min_lr: 0.000072  loss: 0.4685 (0.4687)  loss_scale: 1048576.0000 (1048576.0000)  weight_decay: 0.0500 (0.0500)  grad_norm: 0.7118 (0.7682)  time: 0.8177  data: 0.4554  max mem: 11583
Epoch: [218]  [40/55]  eta: 0:00:14  lr: 0.000072  min_lr: 0.000072  loss: 0.4659 (0.4674)  loss_scale: 1048576.0000 (1048576.0000)  weight_decay: 0.0500 (0.0500)  grad_norm: 0.6270 (0.7411)  time: 0.8380  data: 0.4760  max mem: 11583
Epoch: [218]  [50/55]  eta: 0:00:04  lr: 0.000072  min_lr: 0.000072  loss: 0.4648 (0.4674)  loss_scale: 1048576.0000 (1048576.0000)  weight_decay: 0.0500 (0.0500)  grad_norm: 0.6619 (0.7454)  time: 0.8022  data: 0.4481  max mem: 11583
Epoch: [218]  [54/55]  eta: 0:00:00  lr: 0.000072  min_lr: 0.000072  loss: 0.4625 (0.4669)  loss_scale: 1048576.0000 (1048576.0000)  weight_decay: 0.0500 (0.0500)  grad_norm: 0.6640 (0.7363)  time: 0.7826  data: 0.4338  max mem: 11583
Epoch: [218] Total time: 0:00:49 (0.9062 s / it)
Averaged stats: lr: 0.000072  min_lr: 0.000072  loss: 0.4625 (0.4669)  loss_scale: 1048576.0000 (1048576.0000)  weight_decay: 0.0500 (0.0500)  grad_norm: 0.6640 (0.7363)
Epoch: [219]  [ 0/55]  eta: 0:07:01  lr: 0.000072  min_lr: 0.000072  loss: 0.4533 (0.4533)  loss_scale: 1048576.0000 (1048576.0000)  weight_decay: 0.0500 (0.0500)  grad_norm: 0.6818 (0.6818)  time: 7.6691  data: 7.2781  max mem: 11583
Epoch: [219]  [10/55]  eta: 0:01:03  lr: 0.000072  min_lr: 0.000072  loss: 0.4667 (0.4657)  loss_scale: 1048576.0000 (1048576.0000)  weight_decay: 0.0500 (0.0500)  grad_norm: 0.7336 (0.7204)  time: 1.4104  data: 1.0427  max mem: 11583
Epoch: [219]  [20/55]  eta: 0:00:39  lr: 0.000072  min_lr: 0.000072  loss: 0.4658 (0.4653)  loss_scale: 1048576.0000 (1048576.0000)  weight_decay: 0.0500 (0.0500)  grad_norm: 0.7676 (0.7360)  time: 0.8124  data: 0.4540  max mem: 11583
Epoch: [219]  [30/55]  eta: 0:00:25  lr: 0.000072  min_lr: 0.000072  loss: 0.4663 (0.4663)  loss_scale: 1048576.0000 (1048576.0000)  weight_decay: 0.0500 (0.0500)  grad_norm: 0.6805 (0.7288)  time: 0.8197  data: 0.4671  max mem: 11583
Epoch: [219]  [40/55]  eta: 0:00:14  lr: 0.000072  min_lr: 0.000072  loss: 0.4661 (0.4656)  loss_scale: 1048576.0000 (1048576.0000)  weight_decay: 0.0500 (0.0500)  grad_norm: 0.7443 (0.7506)  time: 0.8178  data: 0.4589  max mem: 11583
Epoch: [219]  [50/55]  eta: 0:00:04  lr: 0.000072  min_lr: 0.000072  loss: 0.4648 (0.4654)  loss_scale: 1048576.0000 (1048576.0000)  weight_decay: 0.0500 (0.0500)  grad_norm: 0.7635 (0.7496)  time: 0.8080  data: 0.4539  max mem: 11583
Epoch: [219]  [54/55]  eta: 0:00:00  lr: 0.000072  min_lr: 0.000072  loss: 0.4648 (0.4657)  loss_scale: 1048576.0000 (1048576.0000)  weight_decay: 0.0500 (0.0500)  grad_norm: 0.7617 (0.7504)  time: 0.8044  data: 0.4581  max mem: 11583
Epoch: [219] Total time: 0:00:50 (0.9179 s / it)
Averaged stats: lr: 0.000072  min_lr: 0.000072  loss: 0.4648 (0.4657)  loss_scale: 1048576.0000 (1048576.0000)  weight_decay: 0.0500 (0.0500)  grad_norm: 0.7617 (0.7504)
Epoch: [220]  [ 0/55]  eta: 0:07:14  lr: 0.000072  min_lr: 0.000072  loss: 0.4513 (0.4513)  loss_scale: 1048576.0000 (1048576.0000)  weight_decay: 0.0500 (0.0500)  grad_norm: 0.5221 (0.5221)  time: 7.8999  data: 7.4887  max mem: 11583
Epoch: [220]  [10/55]  eta: 0:01:04  lr: 0.000071  min_lr: 0.000071  loss: 0.4645 (0.4655)  loss_scale: 1048576.0000 (1048576.0000)  weight_decay: 0.0500 (0.0500)  grad_norm: 0.8023 (0.7601)  time: 1.4240  data: 1.0712  max mem: 11583
Epoch: [220]  [20/55]  eta: 0:00:39  lr: 0.000071  min_lr: 0.000071  loss: 0.4645 (0.4653)  loss_scale: 1048576.0000 (1048576.0000)  weight_decay: 0.0500 (0.0500)  grad_norm: 0.8023 (0.8057)  time: 0.7777  data: 0.4246  max mem: 11583
Epoch: [220]  [30/55]  eta: 0:00:25  lr: 0.000071  min_lr: 0.000071  loss: 0.4681 (0.4671)  loss_scale: 1048576.0000 (1048576.0000)  weight_decay: 0.0500 (0.0500)  grad_norm: 0.7886 (0.7798)  time: 0.8123  data: 0.4498  max mem: 11583
Epoch: [220]  [40/55]  eta: 0:00:14  lr: 0.000071  min_lr: 0.000071  loss: 0.4679 (0.4666)  loss_scale: 1048576.0000 (1048576.0000)  weight_decay: 0.0500 (0.0500)  grad_norm: 0.7051 (0.7615)  time: 0.8309  data: 0.4655  max mem: 11583
Epoch: [220]  [50/55]  eta: 0:00:04  lr: 0.000071  min_lr: 0.000071  loss: 0.4652 (0.4665)  loss_scale: 1048576.0000 (1048576.0000)  weight_decay: 0.0500 (0.0500)  grad_norm: 0.7223 (0.7678)  time: 0.8149  data: 0.4544  max mem: 11583
Epoch: [220]  [54/55]  eta: 0:00:00  lr: 0.000071  min_lr: 0.000071  loss: 0.4632 (0.4665)  loss_scale: 1048576.0000 (1048576.0000)  weight_decay: 0.0500 (0.0500)  grad_norm: 0.7223 (0.7741)  time: 0.7974  data: 0.4403  max mem: 11583
Epoch: [220] Total time: 0:00:49 (0.9033 s / it)
Averaged stats: lr: 0.000071  min_lr: 0.000071  loss: 0.4632 (0.4665)  loss_scale: 1048576.0000 (1048576.0000)  weight_decay: 0.0500 (0.0500)  grad_norm: 0.7223 (0.7741)
Epoch: [221]  [ 0/55]  eta: 0:07:20  lr: 0.000071  min_lr: 0.000071  loss: 0.4569 (0.4569)  loss_scale: 1048576.0000 (1048576.0000)  weight_decay: 0.0500 (0.0500)  grad_norm: 1.1613 (1.1613)  time: 8.0178  data: 7.5955  max mem: 11583
Epoch: [221]  [10/55]  eta: 0:01:08  lr: 0.000071  min_lr: 0.000071  loss: 0.4646 (0.4650)  loss_scale: 1048576.0000 (1048576.0000)  weight_decay: 0.0500 (0.0500)  grad_norm: 0.7489 (0.7856)  time: 1.5123  data: 1.1499  max mem: 11583
Epoch: [221]  [20/55]  eta: 0:00:40  lr: 0.000071  min_lr: 0.000071  loss: 0.4644 (0.4644)  loss_scale: 1048576.0000 (1048576.0000)  weight_decay: 0.0500 (0.0500)  grad_norm: 0.7281 (0.7507)  time: 0.8139  data: 0.4591  max mem: 11583
Epoch: [221]  [30/55]  eta: 0:00:26  lr: 0.000071  min_lr: 0.000071  loss: 0.4641 (0.4653)  loss_scale: 1048576.0000 (1048576.0000)  weight_decay: 0.0500 (0.0500)  grad_norm: 0.7218 (0.7437)  time: 0.7908  data: 0.4386  max mem: 11583
Epoch: [221]  [40/55]  eta: 0:00:14  lr: 0.000071  min_lr: 0.000071  loss: 0.4640 (0.4648)  loss_scale: 1048576.0000 (1048576.0000)  weight_decay: 0.0500 (0.0500)  grad_norm: 0.7218 (0.7440)  time: 0.7953  data: 0.4416  max mem: 11583
Epoch: [221]  [50/55]  eta: 0:00:04  lr: 0.000070  min_lr: 0.000070  loss: 0.4632 (0.4646)  loss_scale: 1048576.0000 (1048576.0000)  weight_decay: 0.0500 (0.0500)  grad_norm: 0.7175 (0.7314)  time: 0.7702  data: 0.4183  max mem: 11583
Epoch: [221]  [54/55]  eta: 0:00:00  lr: 0.000070  min_lr: 0.000070  loss: 0.4632 (0.4647)  loss_scale: 1048576.0000 (1048576.0000)  weight_decay: 0.0500 (0.0500)  grad_norm: 0.6702 (0.7234)  time: 0.7530  data: 0.4252  max mem: 11583
Epoch: [221] Total time: 0:00:49 (0.8975 s / it)
Averaged stats: lr: 0.000070  min_lr: 0.000070  loss: 0.4632 (0.4647)  loss_scale: 1048576.0000 (1048576.0000)  weight_decay: 0.0500 (0.0500)  grad_norm: 0.6702 (0.7234)
Epoch: [222]  [ 0/55]  eta: 0:07:10  lr: 0.000070  min_lr: 0.000070  loss: 0.4592 (0.4592)  loss_scale: 1048576.0000 (1048576.0000)  weight_decay: 0.0500 (0.0500)  grad_norm: 0.5120 (0.5120)  time: 7.8218  data: 7.3850  max mem: 11583
Epoch: [222]  [10/55]  eta: 0:01:04  lr: 0.000070  min_lr: 0.000070  loss: 0.4629 (0.4633)  loss_scale: 1048576.0000 (1048576.0000)  weight_decay: 0.0500 (0.0500)  grad_norm: 0.6641 (0.6557)  time: 1.4426  data: 1.0740  max mem: 11583
Epoch: [222]  [20/55]  eta: 0:00:39  lr: 0.000070  min_lr: 0.000070  loss: 0.4660 (0.4644)  loss_scale: 1048576.0000 (1048576.0000)  weight_decay: 0.0500 (0.0500)  grad_norm: 0.7837 (0.7951)  time: 0.7876  data: 0.4222  max mem: 11583
Epoch: [222]  [30/55]  eta: 0:00:25  lr: 0.000070  min_lr: 0.000070  loss: 0.4657 (0.4640)  loss_scale: 1048576.0000 (1048576.0000)  weight_decay: 0.0500 (0.0500)  grad_norm: 0.7955 (0.7692)  time: 0.7857  data: 0.4269  max mem: 11583
Epoch: [222]  [40/55]  eta: 0:00:14  lr: 0.000070  min_lr: 0.000070  loss: 0.4620 (0.4627)  loss_scale: 1048576.0000 (1048576.0000)  weight_decay: 0.0500 (0.0500)  grad_norm: 0.7458 (0.7777)  time: 0.8417  data: 0.4914  max mem: 11583
Epoch: [222]  [50/55]  eta: 0:00:04  lr: 0.000070  min_lr: 0.000070  loss: 0.4605 (0.4631)  loss_scale: 1048576.0000 (1048576.0000)  weight_decay: 0.0500 (0.0500)  grad_norm: 0.8018 (0.7806)  time: 0.8300  data: 0.4825  max mem: 11583
Epoch: [222]  [54/55]  eta: 0:00:00  lr: 0.000070  min_lr: 0.000070  loss: 0.4605 (0.4632)  loss_scale: 1048576.0000 (1048576.0000)  weight_decay: 0.0500 (0.0500)  grad_norm: 0.8018 (0.7776)  time: 0.8042  data: 0.4654  max mem: 11583
Epoch: [222] Total time: 0:00:49 (0.9012 s / it)
Averaged stats: lr: 0.000070  min_lr: 0.000070  loss: 0.4605 (0.4632)  loss_scale: 1048576.0000 (1048576.0000)  weight_decay: 0.0500 (0.0500)  grad_norm: 0.8018 (0.7776)
Epoch: [223]  [ 0/55]  eta: 0:07:21  lr: 0.000070  min_lr: 0.000070  loss: 0.4489 (0.4489)  loss_scale: 1048576.0000 (1048576.0000)  weight_decay: 0.0500 (0.0500)  grad_norm: 0.6373 (0.6373)  time: 8.0299  data: 7.5312  max mem: 11583
Epoch: [223]  [10/55]  eta: 0:01:04  lr: 0.000070  min_lr: 0.000070  loss: 0.4633 (0.4636)  loss_scale: 1048576.0000 (1048576.0000)  weight_decay: 0.0500 (0.0500)  grad_norm: 0.7388 (0.7580)  time: 1.4391  data: 1.0663  max mem: 11583
Epoch: [223]  [20/55]  eta: 0:00:40  lr: 0.000070  min_lr: 0.000070  loss: 0.4633 (0.4646)  loss_scale: 1048576.0000 (1048576.0000)  weight_decay: 0.0500 (0.0500)  grad_norm: 0.7388 (0.7405)  time: 0.7997  data: 0.4361  max mem: 11583
Epoch: [223]  [30/55]  eta: 0:00:25  lr: 0.000070  min_lr: 0.000070  loss: 0.4621 (0.4638)  loss_scale: 1048576.0000 (1048576.0000)  weight_decay: 0.0500 (0.0500)  grad_norm: 0.6681 (0.7161)  time: 0.8202  data: 0.4558  max mem: 11583
Epoch: [223]  [40/55]  eta: 0:00:14  lr: 0.000069  min_lr: 0.000069  loss: 0.4625 (0.4633)  loss_scale: 1048576.0000 (1048576.0000)  weight_decay: 0.0500 (0.0500)  grad_norm: 0.6558 (0.7022)  time: 0.8159  data: 0.4569  max mem: 11583
Epoch: [223]  [50/55]  eta: 0:00:04  lr: 0.000069  min_lr: 0.000069  loss: 0.4627 (0.4641)  loss_scale: 1048576.0000 (1048576.0000)  weight_decay: 0.0500 (0.0500)  grad_norm: 0.6942 (0.7336)  time: 0.8125  data: 0.5288  max mem: 11583
Epoch: [223]  [54/55]  eta: 0:00:00  lr: 0.000069  min_lr: 0.000069  loss: 0.4621 (0.4640)  loss_scale: 1048576.0000 (1048576.0000)  weight_decay: 0.0500 (0.0500)  grad_norm: 0.7174 (0.7340)  time: 0.7844  data: 0.5071  max mem: 11583
Epoch: [223] Total time: 0:00:50 (0.9127 s / it)
Averaged stats: lr: 0.000069  min_lr: 0.000069  loss: 0.4621 (0.4640)  loss_scale: 1048576.0000 (1048576.0000)  weight_decay: 0.0500 (0.0500)  grad_norm: 0.7174 (0.7340)
Epoch: [224]  [ 0/55]  eta: 0:07:14  lr: 0.000069  min_lr: 0.000069  loss: 0.4603 (0.4603)  loss_scale: 1048576.0000 (1048576.0000)  weight_decay: 0.0500 (0.0500)  grad_norm: 0.6626 (0.6626)  time: 7.8949  data: 7.5161  max mem: 11583
Epoch: [224]  [10/55]  eta: 0:01:07  lr: 0.000069  min_lr: 0.000069  loss: 0.4620 (0.4638)  loss_scale: 1048576.0000 (1048576.0000)  weight_decay: 0.0500 (0.0500)  grad_norm: 0.7923 (0.8464)  time: 1.4945  data: 1.1341  max mem: 11583
Epoch: [224]  [20/55]  eta: 0:00:40  lr: 0.000069  min_lr: 0.000069  loss: 0.4628 (0.4649)  loss_scale: 1048576.0000 (1048576.0000)  weight_decay: 0.0500 (0.0500)  grad_norm: 0.7245 (0.7751)  time: 0.8166  data: 0.4585  max mem: 11583
Epoch: [224]  [30/55]  eta: 0:00:26  lr: 0.000069  min_lr: 0.000069  loss: 0.4628 (0.4640)  loss_scale: 1048576.0000 (1048576.0000)  weight_decay: 0.0500 (0.0500)  grad_norm: 0.6825 (0.7512)  time: 0.8085  data: 0.4469  max mem: 11583
Epoch: [224]  [40/55]  eta: 0:00:14  lr: 0.000069  min_lr: 0.000069  loss: 0.4607 (0.4638)  loss_scale: 1048576.0000 (1048576.0000)  weight_decay: 0.0500 (0.0500)  grad_norm: 0.7335 (0.7736)  time: 0.8227  data: 0.4586  max mem: 11583
Epoch: [224]  [50/55]  eta: 0:00:04  lr: 0.000069  min_lr: 0.000069  loss: 0.4641 (0.4640)  loss_scale: 1048576.0000 (1048576.0000)  weight_decay: 0.0500 (0.0500)  grad_norm: 0.8593 (0.7884)  time: 0.7963  data: 0.4456  max mem: 11583
Epoch: [224]  [54/55]  eta: 0:00:00  lr: 0.000069  min_lr: 0.000069  loss: 0.4637 (0.4638)  loss_scale: 1048576.0000 (1048576.0000)  weight_decay: 0.0500 (0.0500)  grad_norm: 0.8619 (0.7896)  time: 0.7904  data: 0.4456  max mem: 11583
Epoch: [224] Total time: 0:00:49 (0.9086 s / it)
Averaged stats: lr: 0.000069  min_lr: 0.000069  loss: 0.4637 (0.4638)  loss_scale: 1048576.0000 (1048576.0000)  weight_decay: 0.0500 (0.0500)  grad_norm: 0.8619 (0.7896)
Epoch: [225]  [ 0/55]  eta: 0:07:20  lr: 0.000069  min_lr: 0.000069  loss: 0.4502 (0.4502)  loss_scale: 1048576.0000 (1048576.0000)  weight_decay: 0.0500 (0.0500)  grad_norm: 0.5746 (0.5746)  time: 8.0062  data: 7.5858  max mem: 11583
Epoch: [225]  [10/55]  eta: 0:01:04  lr: 0.000069  min_lr: 0.000069  loss: 0.4594 (0.4603)  loss_scale: 1048576.0000 (1048576.0000)  weight_decay: 0.0500 (0.0500)  grad_norm: 0.7348 (0.7239)  time: 1.4252  data: 1.0625  max mem: 11583
Epoch: [225]  [20/55]  eta: 0:00:40  lr: 0.000069  min_lr: 0.000069  loss: 0.4623 (0.4615)  loss_scale: 1048576.0000 (1048576.0000)  weight_decay: 0.0500 (0.0500)  grad_norm: 0.7288 (0.7363)  time: 0.8267  data: 0.4528  max mem: 11583
Epoch: [225]  [30/55]  eta: 0:00:26  lr: 0.000068  min_lr: 0.000068  loss: 0.4627 (0.4626)  loss_scale: 1048576.0000 (1048576.0000)  weight_decay: 0.0500 (0.0500)  grad_norm: 0.6999 (0.7303)  time: 0.8580  data: 0.4774  max mem: 11583
Epoch: [225]  [40/55]  eta: 0:00:14  lr: 0.000068  min_lr: 0.000068  loss: 0.4613 (0.4615)  loss_scale: 1048576.0000 (1048576.0000)  weight_decay: 0.0500 (0.0500)  grad_norm: 0.7068 (0.7181)  time: 0.8179  data: 0.4514  max mem: 11583
Epoch: [225]  [50/55]  eta: 0:00:04  lr: 0.000068  min_lr: 0.000068  loss: 0.4603 (0.4619)  loss_scale: 1048576.0000 (1048576.0000)  weight_decay: 0.0500 (0.0500)  grad_norm: 0.6840 (0.7119)  time: 0.8127  data: 0.4722  max mem: 11583
Epoch: [225]  [54/55]  eta: 0:00:00  lr: 0.000068  min_lr: 0.000068  loss: 0.4601 (0.4619)  loss_scale: 1048576.0000 (1048576.0000)  weight_decay: 0.0500 (0.0500)  grad_norm: 0.6840 (0.7166)  time: 0.8020  data: 0.4665  max mem: 11583
Epoch: [225] Total time: 0:00:50 (0.9221 s / it)
Averaged stats: lr: 0.000068  min_lr: 0.000068  loss: 0.4601 (0.4619)  loss_scale: 1048576.0000 (1048576.0000)  weight_decay: 0.0500 (0.0500)  grad_norm: 0.6840 (0.7166)
Epoch: [226]  [ 0/55]  eta: 0:07:04  lr: 0.000068  min_lr: 0.000068  loss: 0.4573 (0.4573)  loss_scale: 1048576.0000 (1048576.0000)  weight_decay: 0.0500 (0.0500)  grad_norm: 0.5852 (0.5852)  time: 7.7106  data: 7.4276  max mem: 11583
Epoch: [226]  [10/55]  eta: 0:01:08  lr: 0.000068  min_lr: 0.000068  loss: 0.4590 (0.4620)  loss_scale: 1048576.0000 (1048576.0000)  weight_decay: 0.0500 (0.0500)  grad_norm: 0.7830 (0.7542)  time: 1.5186  data: 1.1381  max mem: 11583
Epoch: [226]  [20/55]  eta: 0:00:40  lr: 0.000068  min_lr: 0.000068  loss: 0.4590 (0.4612)  loss_scale: 1048576.0000 (1048576.0000)  weight_decay: 0.0500 (0.0500)  grad_norm: 0.7476 (0.7579)  time: 0.8395  data: 0.4634  max mem: 11583
Epoch: [226]  [30/55]  eta: 0:00:26  lr: 0.000068  min_lr: 0.000068  loss: 0.4621 (0.4620)  loss_scale: 1048576.0000 (1048576.0000)  weight_decay: 0.0500 (0.0500)  grad_norm: 0.7538 (0.7662)  time: 0.7925  data: 0.4353  max mem: 11583
Epoch: [226]  [40/55]  eta: 0:00:14  lr: 0.000068  min_lr: 0.000068  loss: 0.4621 (0.4610)  loss_scale: 1048576.0000 (1048576.0000)  weight_decay: 0.0500 (0.0500)  grad_norm: 0.7864 (0.7660)  time: 0.7999  data: 0.4422  max mem: 11583
Epoch: [226]  [50/55]  eta: 0:00:04  lr: 0.000068  min_lr: 0.000068  loss: 0.4623 (0.4615)  loss_scale: 1048576.0000 (1048576.0000)  weight_decay: 0.0500 (0.0500)  grad_norm: 0.7766 (0.7768)  time: 0.7902  data: 0.4332  max mem: 11583
Epoch: [226]  [54/55]  eta: 0:00:00  lr: 0.000068  min_lr: 0.000068  loss: 0.4625 (0.4612)  loss_scale: 1048576.0000 (1048576.0000)  weight_decay: 0.0500 (0.0500)  grad_norm: 0.8098 (0.7798)  time: 0.7772  data: 0.4260  max mem: 11583
Epoch: [226] Total time: 0:00:50 (0.9134 s / it)
Averaged stats: lr: 0.000068  min_lr: 0.000068  loss: 0.4625 (0.4612)  loss_scale: 1048576.0000 (1048576.0000)  weight_decay: 0.0500 (0.0500)  grad_norm: 0.8098 (0.7798)
Epoch: [227]  [ 0/55]  eta: 0:07:19  lr: 0.000068  min_lr: 0.000068  loss: 0.4547 (0.4547)  loss_scale: 1048576.0000 (1048576.0000)  weight_decay: 0.0500 (0.0500)  grad_norm: 0.6209 (0.6209)  time: 7.9913  data: 7.5935  max mem: 11583
Epoch: [227]  [10/55]  eta: 0:01:05  lr: 0.000068  min_lr: 0.000068  loss: 0.4624 (0.4606)  loss_scale: 1048576.0000 (1048576.0000)  weight_decay: 0.0500 (0.0500)  grad_norm: 0.6553 (0.6976)  time: 1.4576  data: 1.0816  max mem: 11583
Epoch: [227]  [20/55]  eta: 0:00:39  lr: 0.000067  min_lr: 0.000067  loss: 0.4589 (0.4595)  loss_scale: 1048576.0000 (1048576.0000)  weight_decay: 0.0500 (0.0500)  grad_norm: 0.6416 (0.6637)  time: 0.7968  data: 0.4273  max mem: 11583
Epoch: [227]  [30/55]  eta: 0:00:25  lr: 0.000067  min_lr: 0.000067  loss: 0.4586 (0.4601)  loss_scale: 1048576.0000 (1048576.0000)  weight_decay: 0.0500 (0.0500)  grad_norm: 0.6694 (0.7029)  time: 0.7930  data: 0.4336  max mem: 11583
Epoch: [227]  [40/55]  eta: 0:00:14  lr: 0.000067  min_lr: 0.000067  loss: 0.4571 (0.4588)  loss_scale: 1048576.0000 (1048576.0000)  weight_decay: 0.0500 (0.0500)  grad_norm: 0.6961 (0.6967)  time: 0.8316  data: 0.4682  max mem: 11583
Epoch: [227]  [50/55]  eta: 0:00:04  lr: 0.000067  min_lr: 0.000067  loss: 0.4558 (0.4592)  loss_scale: 1048576.0000 (1048576.0000)  weight_decay: 0.0500 (0.0500)  grad_norm: 0.7360 (0.7143)  time: 0.8150  data: 0.4559  max mem: 11583
Epoch: [227]  [54/55]  eta: 0:00:00  lr: 0.000067  min_lr: 0.000067  loss: 0.4592 (0.4595)  loss_scale: 1048576.0000 (1124836.0727)  weight_decay: 0.0500 (0.0500)  grad_norm: 0.7378 (0.7126)  time: 0.7665  data: 0.4132  max mem: 11583
Epoch: [227] Total time: 0:00:49 (0.9061 s / it)
Averaged stats: lr: 0.000067  min_lr: 0.000067  loss: 0.4592 (0.4595)  loss_scale: 1048576.0000 (1124836.0727)  weight_decay: 0.0500 (0.0500)  grad_norm: 0.7378 (0.7126)
Epoch: [228]  [ 0/55]  eta: 0:07:35  lr: 0.000067  min_lr: 0.000067  loss: 0.4473 (0.4473)  loss_scale: 2097152.0000 (2097152.0000)  weight_decay: 0.0500 (0.0500)  grad_norm: 0.7615 (0.7615)  time: 8.2854  data: 7.8915  max mem: 11583
Epoch: [228]  [10/55]  eta: 0:01:05  lr: 0.000067  min_lr: 0.000067  loss: 0.4651 (0.4612)  loss_scale: 2097152.0000 (2097152.0000)  weight_decay: 0.0500 (0.0500)  grad_norm: 0.7615 (0.7868)  time: 1.4520  data: 1.0846  max mem: 11583
Epoch: [228]  [20/55]  eta: 0:00:40  lr: 0.000067  min_lr: 0.000067  loss: 0.4651 (0.4615)  loss_scale: 2097152.0000 (2097152.0000)  weight_decay: 0.0500 (0.0500)  grad_norm: 0.7835 (0.8049)  time: 0.8049  data: 0.4457  max mem: 11583
Epoch: [228]  [30/55]  eta: 0:00:26  lr: 0.000067  min_lr: 0.000067  loss: 0.4619 (0.4620)  loss_scale: 1048576.0000 (1758901.6774)  weight_decay: 0.0500 (0.0500)  grad_norm: 0.8316 (inf)  time: 0.8140  data: 0.4581  max mem: 11583
Epoch: [228]  [40/55]  eta: 0:00:14  lr: 0.000067  min_lr: 0.000067  loss: 0.4587 (0.4609)  loss_scale: 1048576.0000 (1585651.5122)  weight_decay: 0.0500 (0.0500)  grad_norm: 0.8468 (inf)  time: 0.8095  data: 0.4463  max mem: 11583
Epoch: [228]  [50/55]  eta: 0:00:04  lr: 0.000067  min_lr: 0.000067  loss: 0.4601 (0.4613)  loss_scale: 1048576.0000 (1480342.5882)  weight_decay: 0.0500 (0.0500)  grad_norm: 0.8351 (inf)  time: 0.8010  data: 0.4445  max mem: 11583
Epoch: [228]  [54/55]  eta: 0:00:00  lr: 0.000067  min_lr: 0.000067  loss: 0.4602 (0.4613)  loss_scale: 1048576.0000 (1448941.3818)  weight_decay: 0.0500 (0.0500)  grad_norm: 0.8044 (inf)  time: 0.7808  data: 0.4286  max mem: 11583
Epoch: [228] Total time: 0:00:50 (0.9188 s / it)
Averaged stats: lr: 0.000067  min_lr: 0.000067  loss: 0.4602 (0.4613)  loss_scale: 1048576.0000 (1448941.3818)  weight_decay: 0.0500 (0.0500)  grad_norm: 0.8044 (inf)
Epoch: [229]  [ 0/55]  eta: 0:07:31  lr: 0.000067  min_lr: 0.000067  loss: 0.4492 (0.4492)  loss_scale: 1048576.0000 (1048576.0000)  weight_decay: 0.0500 (0.0500)  grad_norm: 0.6897 (0.6897)  time: 8.2139  data: 7.8039  max mem: 11583
Epoch: [229]  [10/55]  eta: 0:01:05  lr: 0.000066  min_lr: 0.000066  loss: 0.4628 (0.4612)  loss_scale: 1048576.0000 (1048576.0000)  weight_decay: 0.0500 (0.0500)  grad_norm: 0.6897 (0.7266)  time: 1.4552  data: 1.0938  max mem: 11583
Epoch: [229]  [20/55]  eta: 0:00:39  lr: 0.000066  min_lr: 0.000066  loss: 0.4613 (0.4597)  loss_scale: 1048576.0000 (1048576.0000)  weight_decay: 0.0500 (0.0500)  grad_norm: 0.7343 (0.7313)  time: 0.7793  data: 0.4212  max mem: 11583
Epoch: [229]  [30/55]  eta: 0:00:26  lr: 0.000066  min_lr: 0.000066  loss: 0.4615 (0.4612)  loss_scale: 1048576.0000 (1048576.0000)  weight_decay: 0.0500 (0.0500)  grad_norm: 0.7657 (0.7324)  time: 0.8255  data: 0.4629  max mem: 11583
Epoch: [229]  [40/55]  eta: 0:00:14  lr: 0.000066  min_lr: 0.000066  loss: 0.4614 (0.4605)  loss_scale: 1048576.0000 (1048576.0000)  weight_decay: 0.0500 (0.0500)  grad_norm: 0.7721 (0.7406)  time: 0.8451  data: 0.4766  max mem: 11583
Epoch: [229]  [50/55]  eta: 0:00:04  lr: 0.000066  min_lr: 0.000066  loss: 0.4589 (0.4607)  loss_scale: 1048576.0000 (1048576.0000)  weight_decay: 0.0500 (0.0500)  grad_norm: 0.7261 (0.7336)  time: 0.8091  data: 0.4503  max mem: 11583
Epoch: [229]  [54/55]  eta: 0:00:00  lr: 0.000066  min_lr: 0.000066  loss: 0.4589 (0.4610)  loss_scale: 1048576.0000 (1048576.0000)  weight_decay: 0.0500 (0.0500)  grad_norm: 0.7121 (0.7333)  time: 0.7997  data: 0.4493  max mem: 11583
Epoch: [229] Total time: 0:00:50 (0.9112 s / it)
Averaged stats: lr: 0.000066  min_lr: 0.000066  loss: 0.4589 (0.4610)  loss_scale: 1048576.0000 (1048576.0000)  weight_decay: 0.0500 (0.0500)  grad_norm: 0.7121 (0.7333)
Epoch: [230]  [ 0/55]  eta: 0:07:15  lr: 0.000066  min_lr: 0.000066  loss: 0.4551 (0.4551)  loss_scale: 1048576.0000 (1048576.0000)  weight_decay: 0.0500 (0.0500)  grad_norm: 0.8502 (0.8502)  time: 7.9127  data: 7.4631  max mem: 11583
Epoch: [230]  [10/55]  eta: 0:01:05  lr: 0.000066  min_lr: 0.000066  loss: 0.4616 (0.4621)  loss_scale: 1048576.0000 (1048576.0000)  weight_decay: 0.0500 (0.0500)  grad_norm: 0.8473 (0.8229)  time: 1.4540  data: 1.1337  max mem: 11583
Epoch: [230]  [20/55]  eta: 0:00:39  lr: 0.000066  min_lr: 0.000066  loss: 0.4602 (0.4615)  loss_scale: 1048576.0000 (1048576.0000)  weight_decay: 0.0500 (0.0500)  grad_norm: 0.7867 (0.7875)  time: 0.7851  data: 0.4496  max mem: 11583
Epoch: [230]  [30/55]  eta: 0:00:25  lr: 0.000066  min_lr: 0.000066  loss: 0.4606 (0.4623)  loss_scale: 1048576.0000 (1048576.0000)  weight_decay: 0.0500 (0.0500)  grad_norm: 0.6904 (0.7608)  time: 0.7889  data: 0.4249  max mem: 11583
Epoch: [230]  [40/55]  eta: 0:00:14  lr: 0.000066  min_lr: 0.000066  loss: 0.4606 (0.4617)  loss_scale: 1048576.0000 (1048576.0000)  weight_decay: 0.0500 (0.0500)  grad_norm: 0.6904 (0.7549)  time: 0.8049  data: 0.4383  max mem: 11583
Epoch: [230]  [50/55]  eta: 0:00:04  lr: 0.000065  min_lr: 0.000065  loss: 0.4597 (0.4621)  loss_scale: 1048576.0000 (1048576.0000)  weight_decay: 0.0500 (0.0500)  grad_norm: 0.6823 (0.7386)  time: 0.7768  data: 0.4174  max mem: 11583
Epoch: [230]  [54/55]  eta: 0:00:00  lr: 0.000065  min_lr: 0.000065  loss: 0.4597 (0.4625)  loss_scale: 1048576.0000 (1048576.0000)  weight_decay: 0.0500 (0.0500)  grad_norm: 0.6692 (0.7318)  time: 0.7711  data: 0.4183  max mem: 11583
Epoch: [230] Total time: 0:00:49 (0.8963 s / it)
Averaged stats: lr: 0.000065  min_lr: 0.000065  loss: 0.4597 (0.4625)  loss_scale: 1048576.0000 (1048576.0000)  weight_decay: 0.0500 (0.0500)  grad_norm: 0.6692 (0.7318)
Epoch: [231]  [ 0/55]  eta: 0:07:13  lr: 0.000065  min_lr: 0.000065  loss: 0.4707 (0.4707)  loss_scale: 1048576.0000 (1048576.0000)  weight_decay: 0.0500 (0.0500)  grad_norm: 0.7124 (0.7124)  time: 7.8785  data: 7.4488  max mem: 11583
Epoch: [231]  [10/55]  eta: 0:01:03  lr: 0.000065  min_lr: 0.000065  loss: 0.4584 (0.4638)  loss_scale: 1048576.0000 (1048576.0000)  weight_decay: 0.0500 (0.0500)  grad_norm: 0.6826 (0.6808)  time: 1.4120  data: 1.0523  max mem: 11583
Epoch: [231]  [20/55]  eta: 0:00:40  lr: 0.000065  min_lr: 0.000065  loss: 0.4584 (0.4628)  loss_scale: 1048576.0000 (1048576.0000)  weight_decay: 0.0500 (0.0500)  grad_norm: 0.6826 (0.7157)  time: 0.8128  data: 0.4455  max mem: 11583
Epoch: [231]  [30/55]  eta: 0:00:25  lr: 0.000065  min_lr: 0.000065  loss: 0.4626 (0.4621)  loss_scale: 1048576.0000 (1048576.0000)  weight_decay: 0.0500 (0.0500)  grad_norm: 0.7320 (0.7507)  time: 0.8350  data: 0.4637  max mem: 11583
Epoch: [231]  [40/55]  eta: 0:00:14  lr: 0.000065  min_lr: 0.000065  loss: 0.4544 (0.4601)  loss_scale: 1048576.0000 (1048576.0000)  weight_decay: 0.0500 (0.0500)  grad_norm: 0.7280 (0.7294)  time: 0.8198  data: 0.4625  max mem: 11583
Epoch: [231]  [50/55]  eta: 0:00:04  lr: 0.000065  min_lr: 0.000065  loss: 0.4544 (0.4603)  loss_scale: 1048576.0000 (1048576.0000)  weight_decay: 0.0500 (0.0500)  grad_norm: 0.6654 (0.7195)  time: 0.8076  data: 0.4557  max mem: 11583
Epoch: [231]  [54/55]  eta: 0:00:00  lr: 0.000065  min_lr: 0.000065  loss: 0.4598 (0.4603)  loss_scale: 1048576.0000 (1048576.0000)  weight_decay: 0.0500 (0.0500)  grad_norm: 0.6581 (0.7225)  time: 0.7898  data: 0.4396  max mem: 11583
Epoch: [231] Total time: 0:00:50 (0.9158 s / it)
Averaged stats: lr: 0.000065  min_lr: 0.000065  loss: 0.4598 (0.4603)  loss_scale: 1048576.0000 (1048576.0000)  weight_decay: 0.0500 (0.0500)  grad_norm: 0.6581 (0.7225)
Epoch: [232]  [ 0/55]  eta: 0:07:28  lr: 0.000065  min_lr: 0.000065  loss: 0.4478 (0.4478)  loss_scale: 1048576.0000 (1048576.0000)  weight_decay: 0.0500 (0.0500)  grad_norm: 0.6772 (0.6772)  time: 8.1515  data: 7.7353  max mem: 11583
Epoch: [232]  [10/55]  eta: 0:01:05  lr: 0.000065  min_lr: 0.000065  loss: 0.4568 (0.4592)  loss_scale: 1048576.0000 (1048576.0000)  weight_decay: 0.0500 (0.0500)  grad_norm: 0.6984 (0.7173)  time: 1.4646  data: 1.0943  max mem: 11583
Epoch: [232]  [20/55]  eta: 0:00:40  lr: 0.000065  min_lr: 0.000065  loss: 0.4587 (0.4579)  loss_scale: 1048576.0000 (1048576.0000)  weight_decay: 0.0500 (0.0500)  grad_norm: 0.7425 (0.7341)  time: 0.8061  data: 0.4394  max mem: 11583
Epoch: [232]  [30/55]  eta: 0:00:26  lr: 0.000065  min_lr: 0.000065  loss: 0.4601 (0.4594)  loss_scale: 1048576.0000 (1048576.0000)  weight_decay: 0.0500 (0.0500)  grad_norm: 0.7461 (0.7339)  time: 0.8180  data: 0.4500  max mem: 11583
Epoch: [232]  [40/55]  eta: 0:00:14  lr: 0.000064  min_lr: 0.000064  loss: 0.4594 (0.4580)  loss_scale: 1048576.0000 (1048576.0000)  weight_decay: 0.0500 (0.0500)  grad_norm: 0.7154 (0.7327)  time: 0.8163  data: 0.4524  max mem: 11583
Epoch: [232]  [50/55]  eta: 0:00:04  lr: 0.000064  min_lr: 0.000064  loss: 0.4539 (0.4578)  loss_scale: 1048576.0000 (1048576.0000)  weight_decay: 0.0500 (0.0500)  grad_norm: 0.7076 (0.7344)  time: 0.8232  data: 0.4815  max mem: 11583
Epoch: [232]  [54/55]  eta: 0:00:00  lr: 0.000064  min_lr: 0.000064  loss: 0.4543 (0.4578)  loss_scale: 1048576.0000 (1048576.0000)  weight_decay: 0.0500 (0.0500)  grad_norm: 0.7027 (0.7265)  time: 0.8210  data: 0.4817  max mem: 11583
Epoch: [232] Total time: 0:00:50 (0.9157 s / it)
Averaged stats: lr: 0.000064  min_lr: 0.000064  loss: 0.4543 (0.4578)  loss_scale: 1048576.0000 (1048576.0000)  weight_decay: 0.0500 (0.0500)  grad_norm: 0.7027 (0.7265)
Epoch: [233]  [ 0/55]  eta: 0:07:35  lr: 0.000064  min_lr: 0.000064  loss: 0.4508 (0.4508)  loss_scale: 1048576.0000 (1048576.0000)  weight_decay: 0.0500 (0.0500)  grad_norm: 0.6933 (0.6933)  time: 8.2906  data: 7.8683  max mem: 11583
Epoch: [233]  [10/55]  eta: 0:01:04  lr: 0.000064  min_lr: 0.000064  loss: 0.4568 (0.4575)  loss_scale: 1048576.0000 (1048576.0000)  weight_decay: 0.0500 (0.0500)  grad_norm: 0.6255 (0.6400)  time: 1.4366  data: 1.0796  max mem: 11583
Epoch: [233]  [20/55]  eta: 0:00:39  lr: 0.000064  min_lr: 0.000064  loss: 0.4576 (0.4576)  loss_scale: 1048576.0000 (1048576.0000)  weight_decay: 0.0500 (0.0500)  grad_norm: 0.6455 (0.6552)  time: 0.7590  data: 0.4045  max mem: 11583
Epoch: [233]  [30/55]  eta: 0:00:26  lr: 0.000064  min_lr: 0.000064  loss: 0.4604 (0.4588)  loss_scale: 1048576.0000 (1048576.0000)  weight_decay: 0.0500 (0.0500)  grad_norm: 0.6584 (0.6818)  time: 0.8221  data: 0.4584  max mem: 11583
Epoch: [233]  [40/55]  eta: 0:00:14  lr: 0.000064  min_lr: 0.000064  loss: 0.4602 (0.4580)  loss_scale: 1048576.0000 (1048576.0000)  weight_decay: 0.0500 (0.0500)  grad_norm: 0.7509 (0.7163)  time: 0.8487  data: 0.4789  max mem: 11583
Epoch: [233]  [50/55]  eta: 0:00:04  lr: 0.000064  min_lr: 0.000064  loss: 0.4575 (0.4582)  loss_scale: 1048576.0000 (1048576.0000)  weight_decay: 0.0500 (0.0500)  grad_norm: 0.6626 (0.6950)  time: 0.8218  data: 0.4628  max mem: 11583
Epoch: [233]  [54/55]  eta: 0:00:00  lr: 0.000064  min_lr: 0.000064  loss: 0.4568 (0.4583)  loss_scale: 1048576.0000 (1048576.0000)  weight_decay: 0.0500 (0.0500)  grad_norm: 0.6416 (0.6983)  time: 0.7998  data: 0.4477  max mem: 11583
Epoch: [233] Total time: 0:00:50 (0.9107 s / it)
Averaged stats: lr: 0.000064  min_lr: 0.000064  loss: 0.4568 (0.4583)  loss_scale: 1048576.0000 (1048576.0000)  weight_decay: 0.0500 (0.0500)  grad_norm: 0.6416 (0.6983)
Epoch: [234]  [ 0/55]  eta: 0:07:13  lr: 0.000064  min_lr: 0.000064  loss: 0.4573 (0.4573)  loss_scale: 1048576.0000 (1048576.0000)  weight_decay: 0.0500 (0.0500)  grad_norm: 0.7144 (0.7144)  time: 7.8894  data: 7.4663  max mem: 11583
Epoch: [234]  [10/55]  eta: 0:01:05  lr: 0.000064  min_lr: 0.000064  loss: 0.4573 (0.4564)  loss_scale: 1048576.0000 (1048576.0000)  weight_decay: 0.0500 (0.0500)  grad_norm: 0.6805 (0.7125)  time: 1.4583  data: 1.0897  max mem: 11583
Epoch: [234]  [20/55]  eta: 0:00:39  lr: 0.000064  min_lr: 0.000064  loss: 0.4563 (0.4570)  loss_scale: 1048576.0000 (1048576.0000)  weight_decay: 0.0500 (0.0500)  grad_norm: 0.6837 (0.7895)  time: 0.7975  data: 0.4371  max mem: 11583
Epoch: [234]  [30/55]  eta: 0:00:25  lr: 0.000063  min_lr: 0.000063  loss: 0.4557 (0.4564)  loss_scale: 1048576.0000 (1048576.0000)  weight_decay: 0.0500 (0.0500)  grad_norm: 0.6837 (0.7543)  time: 0.7887  data: 0.4298  max mem: 11583
Epoch: [234]  [40/55]  eta: 0:00:14  lr: 0.000063  min_lr: 0.000063  loss: 0.4557 (0.4569)  loss_scale: 1048576.0000 (1048576.0000)  weight_decay: 0.0500 (0.0500)  grad_norm: 0.6665 (0.7429)  time: 0.8401  data: 0.4721  max mem: 11583
Epoch: [234]  [50/55]  eta: 0:00:04  lr: 0.000063  min_lr: 0.000063  loss: 0.4574 (0.4571)  loss_scale: 1048576.0000 (1048576.0000)  weight_decay: 0.0500 (0.0500)  grad_norm: 0.6945 (0.7296)  time: 0.8211  data: 0.4594  max mem: 11583
Epoch: [234]  [54/55]  eta: 0:00:00  lr: 0.000063  min_lr: 0.000063  loss: 0.4562 (0.4571)  loss_scale: 1048576.0000 (1048576.0000)  weight_decay: 0.0500 (0.0500)  grad_norm: 0.6318 (0.7263)  time: 0.8043  data: 0.4486  max mem: 11583
Epoch: [234] Total time: 0:00:49 (0.9082 s / it)
Averaged stats: lr: 0.000063  min_lr: 0.000063  loss: 0.4562 (0.4571)  loss_scale: 1048576.0000 (1048576.0000)  weight_decay: 0.0500 (0.0500)  grad_norm: 0.6318 (0.7263)
Epoch: [235]  [ 0/55]  eta: 0:07:18  lr: 0.000063  min_lr: 0.000063  loss: 0.4557 (0.4557)  loss_scale: 1048576.0000 (1048576.0000)  weight_decay: 0.0500 (0.0500)  grad_norm: 0.7161 (0.7161)  time: 7.9754  data: 7.5421  max mem: 11583
Epoch: [235]  [10/55]  eta: 0:01:04  lr: 0.000063  min_lr: 0.000063  loss: 0.4557 (0.4556)  loss_scale: 1048576.0000 (1048576.0000)  weight_decay: 0.0500 (0.0500)  grad_norm: 0.6841 (0.6786)  time: 1.4235  data: 1.0636  max mem: 11583
Epoch: [235]  [20/55]  eta: 0:00:39  lr: 0.000063  min_lr: 0.000063  loss: 0.4557 (0.4558)  loss_scale: 1048576.0000 (1048576.0000)  weight_decay: 0.0500 (0.0500)  grad_norm: 0.6802 (0.7023)  time: 0.7791  data: 0.4262  max mem: 11583
Epoch: [235]  [30/55]  eta: 0:00:25  lr: 0.000063  min_lr: 0.000063  loss: 0.4597 (0.4575)  loss_scale: 1048576.0000 (1048576.0000)  weight_decay: 0.0500 (0.0500)  grad_norm: 0.7541 (0.7523)  time: 0.8048  data: 0.4510  max mem: 11583
Epoch: [235]  [40/55]  eta: 0:00:14  lr: 0.000063  min_lr: 0.000063  loss: 0.4579 (0.4570)  loss_scale: 1048576.0000 (1048576.0000)  weight_decay: 0.0500 (0.0500)  grad_norm: 0.8495 (0.7759)  time: 0.8399  data: 0.4818  max mem: 11583
Epoch: [235]  [50/55]  eta: 0:00:04  lr: 0.000063  min_lr: 0.000063  loss: 0.4579 (0.4573)  loss_scale: 1048576.0000 (1048576.0000)  weight_decay: 0.0500 (0.0500)  grad_norm: 0.7775 (0.7719)  time: 0.8129  data: 0.4580  max mem: 11583
Epoch: [235]  [54/55]  eta: 0:00:00  lr: 0.000063  min_lr: 0.000063  loss: 0.4577 (0.4573)  loss_scale: 1048576.0000 (1048576.0000)  weight_decay: 0.0500 (0.0500)  grad_norm: 0.7763 (0.7730)  time: 0.7945  data: 0.4438  max mem: 11583
Epoch: [235] Total time: 0:00:49 (0.9035 s / it)
Averaged stats: lr: 0.000063  min_lr: 0.000063  loss: 0.4577 (0.4573)  loss_scale: 1048576.0000 (1048576.0000)  weight_decay: 0.0500 (0.0500)  grad_norm: 0.7763 (0.7730)
Epoch: [236]  [ 0/55]  eta: 0:07:27  lr: 0.000063  min_lr: 0.000063  loss: 0.4460 (0.4460)  loss_scale: 1048576.0000 (1048576.0000)  weight_decay: 0.0500 (0.0500)  grad_norm: 0.5741 (0.5741)  time: 8.1327  data: 7.7015  max mem: 11583
Epoch: [236]  [10/55]  eta: 0:01:04  lr: 0.000063  min_lr: 0.000063  loss: 0.4624 (0.4609)  loss_scale: 1048576.0000 (1048576.0000)  weight_decay: 0.0500 (0.0500)  grad_norm: 0.6844 (0.7436)  time: 1.4280  data: 1.0664  max mem: 11583
Epoch: [236]  [20/55]  eta: 0:00:38  lr: 0.000063  min_lr: 0.000063  loss: 0.4584 (0.4590)  loss_scale: 1048576.0000 (1048576.0000)  weight_decay: 0.0500 (0.0500)  grad_norm: 0.6944 (0.7276)  time: 0.7627  data: 0.4075  max mem: 11583
Epoch: [236]  [30/55]  eta: 0:00:26  lr: 0.000062  min_lr: 0.000062  loss: 0.4584 (0.4600)  loss_scale: 1048576.0000 (1048576.0000)  weight_decay: 0.0500 (0.0500)  grad_norm: 0.7573 (0.7410)  time: 0.8334  data: 0.4759  max mem: 11583
Epoch: [236]  [40/55]  eta: 0:00:14  lr: 0.000062  min_lr: 0.000062  loss: 0.4579 (0.4591)  loss_scale: 1048576.0000 (1048576.0000)  weight_decay: 0.0500 (0.0500)  grad_norm: 0.7573 (0.7445)  time: 0.8413  data: 0.4814  max mem: 11583
Epoch: [236]  [50/55]  eta: 0:00:04  lr: 0.000062  min_lr: 0.000062  loss: 0.4565 (0.4585)  loss_scale: 1048576.0000 (1048576.0000)  weight_decay: 0.0500 (0.0500)  grad_norm: 0.7619 (0.7606)  time: 0.7851  data: 0.4324  max mem: 11583
Epoch: [236]  [54/55]  eta: 0:00:00  lr: 0.000062  min_lr: 0.000062  loss: 0.4565 (0.4585)  loss_scale: 1048576.0000 (1048576.0000)  weight_decay: 0.0500 (0.0500)  grad_norm: 0.8043 (0.7689)  time: 0.7762  data: 0.4290  max mem: 11583
Epoch: [236] Total time: 0:00:50 (0.9173 s / it)
Averaged stats: lr: 0.000062  min_lr: 0.000062  loss: 0.4565 (0.4585)  loss_scale: 1048576.0000 (1048576.0000)  weight_decay: 0.0500 (0.0500)  grad_norm: 0.8043 (0.7689)
Epoch: [237]  [ 0/55]  eta: 0:07:14  lr: 0.000062  min_lr: 0.000062  loss: 0.4480 (0.4480)  loss_scale: 1048576.0000 (1048576.0000)  weight_decay: 0.0500 (0.0500)  grad_norm: 0.9895 (0.9895)  time: 7.9021  data: 7.4876  max mem: 11583
Epoch: [237]  [10/55]  eta: 0:01:05  lr: 0.000062  min_lr: 0.000062  loss: 0.4570 (0.4567)  loss_scale: 1048576.0000 (1048576.0000)  weight_decay: 0.0500 (0.0500)  grad_norm: 0.7175 (0.7212)  time: 1.4663  data: 1.1097  max mem: 11583
Epoch: [237]  [20/55]  eta: 0:00:40  lr: 0.000062  min_lr: 0.000062  loss: 0.4570 (0.4567)  loss_scale: 1048576.0000 (1048576.0000)  weight_decay: 0.0500 (0.0500)  grad_norm: 0.6713 (0.6928)  time: 0.8064  data: 0.4492  max mem: 11583
Epoch: [237]  [30/55]  eta: 0:00:26  lr: 0.000062  min_lr: 0.000062  loss: 0.4609 (0.4577)  loss_scale: 1048576.0000 (1048576.0000)  weight_decay: 0.0500 (0.0500)  grad_norm: 0.6816 (0.6935)  time: 0.8213  data: 0.4553  max mem: 11583
Epoch: [237]  [40/55]  eta: 0:00:14  lr: 0.000062  min_lr: 0.000062  loss: 0.4580 (0.4567)  loss_scale: 1048576.0000 (1048576.0000)  weight_decay: 0.0500 (0.0500)  grad_norm: 0.7157 (0.7043)  time: 0.8313  data: 0.4697  max mem: 11583
Epoch: [237]  [50/55]  eta: 0:00:04  lr: 0.000062  min_lr: 0.000062  loss: 0.4554 (0.4568)  loss_scale: 1048576.0000 (1048576.0000)  weight_decay: 0.0500 (0.0500)  grad_norm: 0.7404 (0.7213)  time: 0.7896  data: 0.4357  max mem: 11583
Epoch: [237]  [54/55]  eta: 0:00:00  lr: 0.000062  min_lr: 0.000062  loss: 0.4560 (0.4574)  loss_scale: 1048576.0000 (1048576.0000)  weight_decay: 0.0500 (0.0500)  grad_norm: 0.7226 (0.7183)  time: 0.7829  data: 0.4295  max mem: 11583
Epoch: [237] Total time: 0:00:49 (0.9060 s / it)
Averaged stats: lr: 0.000062  min_lr: 0.000062  loss: 0.4560 (0.4574)  loss_scale: 1048576.0000 (1048576.0000)  weight_decay: 0.0500 (0.0500)  grad_norm: 0.7226 (0.7183)
Epoch: [238]  [ 0/55]  eta: 0:07:30  lr: 0.000062  min_lr: 0.000062  loss: 0.4471 (0.4471)  loss_scale: 1048576.0000 (1048576.0000)  weight_decay: 0.0500 (0.0500)  grad_norm: 0.7650 (0.7650)  time: 8.1934  data: 7.7913  max mem: 11583
Epoch: [238]  [10/55]  eta: 0:01:05  lr: 0.000062  min_lr: 0.000062  loss: 0.4511 (0.4571)  loss_scale: 1048576.0000 (1048576.0000)  weight_decay: 0.0500 (0.0500)  grad_norm: 0.7556 (0.7487)  time: 1.4522  data: 1.0944  max mem: 11583
Epoch: [238]  [20/55]  eta: 0:00:40  lr: 0.000061  min_lr: 0.000061  loss: 0.4578 (0.4572)  loss_scale: 1048576.0000 (1048576.0000)  weight_decay: 0.0500 (0.0500)  grad_norm: 0.6856 (0.7046)  time: 0.8032  data: 0.4411  max mem: 11583
Epoch: [238]  [30/55]  eta: 0:00:26  lr: 0.000061  min_lr: 0.000061  loss: 0.4578 (0.4573)  loss_scale: 1048576.0000 (1048576.0000)  weight_decay: 0.0500 (0.0500)  grad_norm: 0.6856 (0.7459)  time: 0.8158  data: 0.4469  max mem: 11583
Epoch: [238]  [40/55]  eta: 0:00:14  lr: 0.000061  min_lr: 0.000061  loss: 0.4547 (0.4565)  loss_scale: 1048576.0000 (1048576.0000)  weight_decay: 0.0500 (0.0500)  grad_norm: 0.7529 (0.7603)  time: 0.8184  data: 0.4545  max mem: 11583
Epoch: [238]  [50/55]  eta: 0:00:04  lr: 0.000061  min_lr: 0.000061  loss: 0.4541 (0.4569)  loss_scale: 1048576.0000 (1048576.0000)  weight_decay: 0.0500 (0.0500)  grad_norm: 0.7566 (0.7630)  time: 0.8221  data: 0.5253  max mem: 11583
Epoch: [238]  [54/55]  eta: 0:00:00  lr: 0.000061  min_lr: 0.000061  loss: 0.4560 (0.4568)  loss_scale: 1048576.0000 (1048576.0000)  weight_decay: 0.0500 (0.0500)  grad_norm: 0.7546 (0.7568)  time: 0.8013  data: 0.5137  max mem: 11583
Epoch: [238] Total time: 0:00:50 (0.9116 s / it)
Averaged stats: lr: 0.000061  min_lr: 0.000061  loss: 0.4560 (0.4568)  loss_scale: 1048576.0000 (1048576.0000)  weight_decay: 0.0500 (0.0500)  grad_norm: 0.7546 (0.7568)
Epoch: [239]  [ 0/55]  eta: 0:07:12  lr: 0.000061  min_lr: 0.000061  loss: 0.4481 (0.4481)  loss_scale: 1048576.0000 (1048576.0000)  weight_decay: 0.0500 (0.0500)  grad_norm: 0.4564 (0.4564)  time: 7.8656  data: 7.5750  max mem: 11583
Epoch: [239]  [10/55]  eta: 0:01:05  lr: 0.000061  min_lr: 0.000061  loss: 0.4532 (0.4557)  loss_scale: 1048576.0000 (1048576.0000)  weight_decay: 0.0500 (0.0500)  grad_norm: 0.7024 (0.6578)  time: 1.4582  data: 1.2049  max mem: 11583
Epoch: [239]  [20/55]  eta: 0:00:39  lr: 0.000061  min_lr: 0.000061  loss: 0.4532 (0.4553)  loss_scale: 1048576.0000 (1048576.0000)  weight_decay: 0.0500 (0.0500)  grad_norm: 0.6043 (0.6296)  time: 0.7926  data: 0.4886  max mem: 11583
Epoch: [239]  [30/55]  eta: 0:00:26  lr: 0.000061  min_lr: 0.000061  loss: 0.4544 (0.4561)  loss_scale: 1048576.0000 (1048576.0000)  weight_decay: 0.0500 (0.0500)  grad_norm: 0.6775 (0.6731)  time: 0.8120  data: 0.4479  max mem: 11583
Epoch: [239]  [40/55]  eta: 0:00:14  lr: 0.000061  min_lr: 0.000061  loss: 0.4544 (0.4555)  loss_scale: 1048576.0000 (1048576.0000)  weight_decay: 0.0500 (0.0500)  grad_norm: 0.7087 (0.7034)  time: 0.8329  data: 0.4698  max mem: 11583
Epoch: [239]  [50/55]  eta: 0:00:04  lr: 0.000061  min_lr: 0.000061  loss: 0.4548 (0.4561)  loss_scale: 1048576.0000 (1048576.0000)  weight_decay: 0.0500 (0.0500)  grad_norm: 0.7014 (0.7088)  time: 0.7881  data: 0.4418  max mem: 11583
Epoch: [239]  [54/55]  eta: 0:00:00  lr: 0.000061  min_lr: 0.000061  loss: 0.4540 (0.4559)  loss_scale: 1048576.0000 (1048576.0000)  weight_decay: 0.0500 (0.0500)  grad_norm: 0.6969 (0.7045)  time: 0.7873  data: 0.4430  max mem: 11583
Epoch: [239] Total time: 0:00:49 (0.9085 s / it)
Averaged stats: lr: 0.000061  min_lr: 0.000061  loss: 0.4540 (0.4559)  loss_scale: 1048576.0000 (1048576.0000)  weight_decay: 0.0500 (0.0500)  grad_norm: 0.6969 (0.7045)
Epoch: [240]  [ 0/55]  eta: 0:07:12  lr: 0.000061  min_lr: 0.000061  loss: 0.4502 (0.4502)  loss_scale: 1048576.0000 (1048576.0000)  weight_decay: 0.0500 (0.0500)  grad_norm: 0.8810 (0.8810)  time: 7.8649  data: 7.4499  max mem: 11583
Epoch: [240]  [10/55]  eta: 0:01:04  lr: 0.000060  min_lr: 0.000060  loss: 0.4561 (0.4553)  loss_scale: 1048576.0000 (1048576.0000)  weight_decay: 0.0500 (0.0500)  grad_norm: 0.8502 (0.8660)  time: 1.4227  data: 1.0621  max mem: 11583
Epoch: [240]  [20/55]  eta: 0:00:40  lr: 0.000060  min_lr: 0.000060  loss: 0.4573 (0.4573)  loss_scale: 1048576.0000 (1048576.0000)  weight_decay: 0.0500 (0.0500)  grad_norm: 0.7570 (0.8119)  time: 0.8101  data: 0.4677  max mem: 11583
Epoch: [240]  [30/55]  eta: 0:00:25  lr: 0.000060  min_lr: 0.000060  loss: 0.4564 (0.4563)  loss_scale: 1048576.0000 (1048576.0000)  weight_decay: 0.0500 (0.0500)  grad_norm: 0.7085 (0.7690)  time: 0.8153  data: 0.4723  max mem: 11583
Epoch: [240]  [40/55]  eta: 0:00:14  lr: 0.000060  min_lr: 0.000060  loss: 0.4517 (0.4552)  loss_scale: 1048576.0000 (1048576.0000)  weight_decay: 0.0500 (0.0500)  grad_norm: 0.6072 (0.7275)  time: 0.8066  data: 0.4452  max mem: 11583
Epoch: [240]  [50/55]  eta: 0:00:04  lr: 0.000060  min_lr: 0.000060  loss: 0.4525 (0.4553)  loss_scale: 1048576.0000 (1048576.0000)  weight_decay: 0.0500 (0.0500)  grad_norm: 0.6412 (0.7279)  time: 0.8015  data: 0.4429  max mem: 11583
Epoch: [240]  [54/55]  eta: 0:00:00  lr: 0.000060  min_lr: 0.000060  loss: 0.4539 (0.4555)  loss_scale: 1048576.0000 (1048576.0000)  weight_decay: 0.0500 (0.0500)  grad_norm: 0.6207 (0.7265)  time: 0.7834  data: 0.4320  max mem: 11583
Epoch: [240] Total time: 0:00:49 (0.9080 s / it)
Averaged stats: lr: 0.000060  min_lr: 0.000060  loss: 0.4539 (0.4555)  loss_scale: 1048576.0000 (1048576.0000)  weight_decay: 0.0500 (0.0500)  grad_norm: 0.6207 (0.7265)
Epoch: [241]  [ 0/55]  eta: 0:07:46  lr: 0.000060  min_lr: 0.000060  loss: 0.4492 (0.4492)  loss_scale: 1048576.0000 (1048576.0000)  weight_decay: 0.0500 (0.0500)  grad_norm: 0.8437 (0.8437)  time: 8.4876  data: 8.0792  max mem: 11583
Epoch: [241]  [10/55]  eta: 0:01:06  lr: 0.000060  min_lr: 0.000060  loss: 0.4588 (0.4579)  loss_scale: 1048576.0000 (1048576.0000)  weight_decay: 0.0500 (0.0500)  grad_norm: 0.8437 (0.8607)  time: 1.4842  data: 1.1205  max mem: 11583
Epoch: [241]  [20/55]  eta: 0:00:39  lr: 0.000060  min_lr: 0.000060  loss: 0.4560 (0.4566)  loss_scale: 1048576.0000 (1048576.0000)  weight_decay: 0.0500 (0.0500)  grad_norm: 0.8198 (0.8131)  time: 0.7720  data: 0.4192  max mem: 11583
Epoch: [241]  [30/55]  eta: 0:00:26  lr: 0.000060  min_lr: 0.000060  loss: 0.4566 (0.4562)  loss_scale: 1048576.0000 (1048576.0000)  weight_decay: 0.0500 (0.0500)  grad_norm: 0.6849 (0.7829)  time: 0.8042  data: 0.4785  max mem: 11583
Epoch: [241]  [40/55]  eta: 0:00:14  lr: 0.000060  min_lr: 0.000060  loss: 0.4549 (0.4548)  loss_scale: 1048576.0000 (1048576.0000)  weight_decay: 0.0500 (0.0500)  grad_norm: 0.7122 (0.7692)  time: 0.8212  data: 0.4871  max mem: 11583
Epoch: [241]  [50/55]  eta: 0:00:04  lr: 0.000059  min_lr: 0.000059  loss: 0.4549 (0.4556)  loss_scale: 1048576.0000 (1048576.0000)  weight_decay: 0.0500 (0.0500)  grad_norm: 0.6727 (0.7538)  time: 0.7872  data: 0.4386  max mem: 11583
Epoch: [241]  [54/55]  eta: 0:00:00  lr: 0.000059  min_lr: 0.000059  loss: 0.4560 (0.4558)  loss_scale: 1048576.0000 (1048576.0000)  weight_decay: 0.0500 (0.0500)  grad_norm: 0.6724 (0.7472)  time: 0.7524  data: 0.4438  max mem: 11583
Epoch: [241] Total time: 0:00:49 (0.8916 s / it)
Averaged stats: lr: 0.000059  min_lr: 0.000059  loss: 0.4560 (0.4558)  loss_scale: 1048576.0000 (1048576.0000)  weight_decay: 0.0500 (0.0500)  grad_norm: 0.6724 (0.7472)
Epoch: [242]  [ 0/55]  eta: 0:07:30  lr: 0.000059  min_lr: 0.000059  loss: 0.4657 (0.4657)  loss_scale: 1048576.0000 (1048576.0000)  weight_decay: 0.0500 (0.0500)  grad_norm: 0.5644 (0.5644)  time: 8.1984  data: 7.7383  max mem: 11583
Epoch: [242]  [10/55]  eta: 0:01:04  lr: 0.000059  min_lr: 0.000059  loss: 0.4584 (0.4580)  loss_scale: 1048576.0000 (1048576.0000)  weight_decay: 0.0500 (0.0500)  grad_norm: 0.5680 (0.5810)  time: 1.4443  data: 1.0861  max mem: 11583
Epoch: [242]  [20/55]  eta: 0:00:40  lr: 0.000059  min_lr: 0.000059  loss: 0.4566 (0.4574)  loss_scale: 1048576.0000 (1048576.0000)  weight_decay: 0.0500 (0.0500)  grad_norm: 0.6454 (0.6572)  time: 0.7903  data: 0.5075  max mem: 11583
Epoch: [242]  [30/55]  eta: 0:00:25  lr: 0.000059  min_lr: 0.000059  loss: 0.4549 (0.4566)  loss_scale: 1048576.0000 (1048576.0000)  weight_decay: 0.0500 (0.0500)  grad_norm: 0.7460 (0.6927)  time: 0.8099  data: 0.5184  max mem: 11583
Epoch: [242]  [40/55]  eta: 0:00:14  lr: 0.000059  min_lr: 0.000059  loss: 0.4530 (0.4557)  loss_scale: 1048576.0000 (1048576.0000)  weight_decay: 0.0500 (0.0500)  grad_norm: 0.6699 (0.6828)  time: 0.8219  data: 0.4639  max mem: 11583
Epoch: [242]  [50/55]  eta: 0:00:04  lr: 0.000059  min_lr: 0.000059  loss: 0.4539 (0.4560)  loss_scale: 1048576.0000 (1048576.0000)  weight_decay: 0.0500 (0.0500)  grad_norm: 0.6640 (0.6786)  time: 0.8104  data: 0.4655  max mem: 11583
Epoch: [242]  [54/55]  eta: 0:00:00  lr: 0.000059  min_lr: 0.000059  loss: 0.4539 (0.4559)  loss_scale: 1048576.0000 (1048576.0000)  weight_decay: 0.0500 (0.0500)  grad_norm: 0.6645 (0.6940)  time: 0.7916  data: 0.4518  max mem: 11583
Epoch: [242] Total time: 0:00:49 (0.9038 s / it)
Averaged stats: lr: 0.000059  min_lr: 0.000059  loss: 0.4539 (0.4559)  loss_scale: 1048576.0000 (1048576.0000)  weight_decay: 0.0500 (0.0500)  grad_norm: 0.6645 (0.6940)
Epoch: [243]  [ 0/55]  eta: 0:07:40  lr: 0.000059  min_lr: 0.000059  loss: 0.4595 (0.4595)  loss_scale: 1048576.0000 (1048576.0000)  weight_decay: 0.0500 (0.0500)  grad_norm: 0.7019 (0.7019)  time: 8.3761  data: 7.9153  max mem: 11583
Epoch: [243]  [10/55]  eta: 0:01:05  lr: 0.000059  min_lr: 0.000059  loss: 0.4578 (0.4582)  loss_scale: 1048576.0000 (1048576.0000)  weight_decay: 0.0500 (0.0500)  grad_norm: 0.7363 (0.7576)  time: 1.4623  data: 1.0992  max mem: 11583
Epoch: [243]  [20/55]  eta: 0:00:40  lr: 0.000059  min_lr: 0.000059  loss: 0.4553 (0.4573)  loss_scale: 1048576.0000 (1048576.0000)  weight_decay: 0.0500 (0.0500)  grad_norm: 0.7363 (0.7791)  time: 0.7833  data: 0.4257  max mem: 11583
Epoch: [243]  [30/55]  eta: 0:00:26  lr: 0.000059  min_lr: 0.000059  loss: 0.4539 (0.4564)  loss_scale: 1048576.0000 (1048576.0000)  weight_decay: 0.0500 (0.0500)  grad_norm: 0.6766 (0.7379)  time: 0.8145  data: 0.4856  max mem: 11583
Epoch: [243]  [40/55]  eta: 0:00:14  lr: 0.000059  min_lr: 0.000059  loss: 0.4510 (0.4548)  loss_scale: 1048576.0000 (1048576.0000)  weight_decay: 0.0500 (0.0500)  grad_norm: 0.6772 (0.7345)  time: 0.8262  data: 0.4934  max mem: 11583
Epoch: [243]  [50/55]  eta: 0:00:04  lr: 0.000058  min_lr: 0.000058  loss: 0.4510 (0.4548)  loss_scale: 1048576.0000 (1048576.0000)  weight_decay: 0.0500 (0.0500)  grad_norm: 0.7592 (0.7542)  time: 0.8104  data: 0.4528  max mem: 11583
Epoch: [243]  [54/55]  eta: 0:00:00  lr: 0.000058  min_lr: 0.000058  loss: 0.4518 (0.4551)  loss_scale: 1048576.0000 (1048576.0000)  weight_decay: 0.0500 (0.0500)  grad_norm: 0.7510 (0.7444)  time: 0.7980  data: 0.4443  max mem: 11583
Epoch: [243] Total time: 0:00:50 (0.9094 s / it)
Averaged stats: lr: 0.000058  min_lr: 0.000058  loss: 0.4518 (0.4551)  loss_scale: 1048576.0000 (1048576.0000)  weight_decay: 0.0500 (0.0500)  grad_norm: 0.7510 (0.7444)
Epoch: [244]  [ 0/55]  eta: 0:07:36  lr: 0.000058  min_lr: 0.000058  loss: 0.4520 (0.4520)  loss_scale: 1048576.0000 (1048576.0000)  weight_decay: 0.0500 (0.0500)  grad_norm: 0.8520 (0.8520)  time: 8.2997  data: 7.9093  max mem: 11583
Epoch: [244]  [10/55]  eta: 0:01:10  lr: 0.000058  min_lr: 0.000058  loss: 0.4545 (0.4557)  loss_scale: 1048576.0000 (1048576.0000)  weight_decay: 0.0500 (0.0500)  grad_norm: 0.6573 (0.6920)  time: 1.5671  data: 1.1775  max mem: 11583
Epoch: [244]  [20/55]  eta: 0:00:41  lr: 0.000058  min_lr: 0.000058  loss: 0.4530 (0.4536)  loss_scale: 1048576.0000 (1048576.0000)  weight_decay: 0.0500 (0.0500)  grad_norm: 0.6159 (0.6358)  time: 0.8320  data: 0.4580  max mem: 11583
Epoch: [244]  [30/55]  eta: 0:00:27  lr: 0.000058  min_lr: 0.000058  loss: 0.4543 (0.4544)  loss_scale: 1048576.0000 (1048576.0000)  weight_decay: 0.0500 (0.0500)  grad_norm: 0.6019 (0.6344)  time: 0.8172  data: 0.4540  max mem: 11583
Epoch: [244]  [40/55]  eta: 0:00:15  lr: 0.000058  min_lr: 0.000058  loss: 0.4544 (0.4538)  loss_scale: 1048576.0000 (1048576.0000)  weight_decay: 0.0500 (0.0500)  grad_norm: 0.6490 (0.6405)  time: 0.8375  data: 0.4790  max mem: 11583
Epoch: [244]  [50/55]  eta: 0:00:04  lr: 0.000058  min_lr: 0.000058  loss: 0.4522 (0.4543)  loss_scale: 1048576.0000 (1048576.0000)  weight_decay: 0.0500 (0.0500)  grad_norm: 0.6959 (0.6616)  time: 0.7838  data: 0.4411  max mem: 11583
Epoch: [244]  [54/55]  eta: 0:00:00  lr: 0.000058  min_lr: 0.000058  loss: 0.4522 (0.4546)  loss_scale: 1048576.0000 (1048576.0000)  weight_decay: 0.0500 (0.0500)  grad_norm: 0.7033 (0.6649)  time: 0.7456  data: 0.4410  max mem: 11583
Epoch: [244] Total time: 0:00:49 (0.9088 s / it)
Averaged stats: lr: 0.000058  min_lr: 0.000058  loss: 0.4522 (0.4546)  loss_scale: 1048576.0000 (1048576.0000)  weight_decay: 0.0500 (0.0500)  grad_norm: 0.7033 (0.6649)
Epoch: [245]  [ 0/55]  eta: 0:07:15  lr: 0.000058  min_lr: 0.000058  loss: 0.4546 (0.4546)  loss_scale: 1048576.0000 (1048576.0000)  weight_decay: 0.0500 (0.0500)  grad_norm: 0.7514 (0.7514)  time: 7.9211  data: 7.4851  max mem: 11583
Epoch: [245]  [10/55]  eta: 0:01:04  lr: 0.000058  min_lr: 0.000058  loss: 0.4590 (0.4592)  loss_scale: 1048576.0000 (1048576.0000)  weight_decay: 0.0500 (0.0500)  grad_norm: 0.7466 (0.7460)  time: 1.4286  data: 1.0553  max mem: 11583
Epoch: [245]  [20/55]  eta: 0:00:40  lr: 0.000058  min_lr: 0.000058  loss: 0.4590 (0.4571)  loss_scale: 1048576.0000 (1048576.0000)  weight_decay: 0.0500 (0.0500)  grad_norm: 0.6979 (0.6900)  time: 0.8082  data: 0.4454  max mem: 11583
Epoch: [245]  [30/55]  eta: 0:00:25  lr: 0.000058  min_lr: 0.000058  loss: 0.4497 (0.4555)  loss_scale: 1048576.0000 (1048576.0000)  weight_decay: 0.0500 (0.0500)  grad_norm: 0.6568 (0.6834)  time: 0.8216  data: 0.4619  max mem: 11583
Epoch: [245]  [40/55]  eta: 0:00:14  lr: 0.000057  min_lr: 0.000057  loss: 0.4501 (0.4546)  loss_scale: 1048576.0000 (1048576.0000)  weight_decay: 0.0500 (0.0500)  grad_norm: 0.5915 (0.6532)  time: 0.8149  data: 0.4569  max mem: 11583
Epoch: [245]  [50/55]  eta: 0:00:04  lr: 0.000057  min_lr: 0.000057  loss: 0.4536 (0.4548)  loss_scale: 1048576.0000 (1048576.0000)  weight_decay: 0.0500 (0.0500)  grad_norm: 0.6581 (0.6821)  time: 0.8001  data: 0.4480  max mem: 11583
Epoch: [245]  [54/55]  eta: 0:00:00  lr: 0.000057  min_lr: 0.000057  loss: 0.4553 (0.4551)  loss_scale: 1048576.0000 (1048576.0000)  weight_decay: 0.0500 (0.0500)  grad_norm: 0.7529 (0.6919)  time: 0.7790  data: 0.4312  max mem: 11583
Epoch: [245] Total time: 0:00:49 (0.9045 s / it)
Averaged stats: lr: 0.000057  min_lr: 0.000057  loss: 0.4553 (0.4551)  loss_scale: 1048576.0000 (1048576.0000)  weight_decay: 0.0500 (0.0500)  grad_norm: 0.7529 (0.6919)
Epoch: [246]  [ 0/55]  eta: 0:07:42  lr: 0.000057  min_lr: 0.000057  loss: 0.4463 (0.4463)  loss_scale: 1048576.0000 (1048576.0000)  weight_decay: 0.0500 (0.0500)  grad_norm: 0.6441 (0.6441)  time: 8.4127  data: 7.9935  max mem: 11583
Epoch: [246]  [10/55]  eta: 0:01:06  lr: 0.000057  min_lr: 0.000057  loss: 0.4542 (0.4530)  loss_scale: 1048576.0000 (1048576.0000)  weight_decay: 0.0500 (0.0500)  grad_norm: 0.6557 (0.6540)  time: 1.4764  data: 1.1091  max mem: 11583
Epoch: [246]  [20/55]  eta: 0:00:40  lr: 0.000057  min_lr: 0.000057  loss: 0.4523 (0.4535)  loss_scale: 1048576.0000 (1048576.0000)  weight_decay: 0.0500 (0.0500)  grad_norm: 0.6695 (0.7049)  time: 0.7896  data: 0.4269  max mem: 11583
Epoch: [246]  [30/55]  eta: 0:00:25  lr: 0.000057  min_lr: 0.000057  loss: 0.4523 (0.4540)  loss_scale: 1048576.0000 (1048576.0000)  weight_decay: 0.0500 (0.0500)  grad_norm: 0.6596 (0.6864)  time: 0.7982  data: 0.4417  max mem: 11583
Epoch: [246]  [40/55]  eta: 0:00:14  lr: 0.000057  min_lr: 0.000057  loss: 0.4542 (0.4535)  loss_scale: 1048576.0000 (1048576.0000)  weight_decay: 0.0500 (0.0500)  grad_norm: 0.6341 (0.6791)  time: 0.8123  data: 0.4528  max mem: 11583
Epoch: [246]  [50/55]  eta: 0:00:04  lr: 0.000057  min_lr: 0.000057  loss: 0.4542 (0.4540)  loss_scale: 1048576.0000 (1048576.0000)  weight_decay: 0.0500 (0.0500)  grad_norm: 0.6481 (0.6823)  time: 0.8493  data: 0.4802  max mem: 11583
Epoch: [246]  [54/55]  eta: 0:00:00  lr: 0.000057  min_lr: 0.000057  loss: 0.4542 (0.4538)  loss_scale: 1048576.0000 (1048576.0000)  weight_decay: 0.0500 (0.0500)  grad_norm: 0.6481 (0.6806)  time: 0.8278  data: 0.4626  max mem: 11583
Epoch: [246] Total time: 0:00:50 (0.9206 s / it)
Averaged stats: lr: 0.000057  min_lr: 0.000057  loss: 0.4542 (0.4538)  loss_scale: 1048576.0000 (1048576.0000)  weight_decay: 0.0500 (0.0500)  grad_norm: 0.6481 (0.6806)
Epoch: [247]  [ 0/55]  eta: 0:07:59  lr: 0.000057  min_lr: 0.000057  loss: 0.4485 (0.4485)  loss_scale: 1048576.0000 (1048576.0000)  weight_decay: 0.0500 (0.0500)  grad_norm: 0.5656 (0.5656)  time: 8.7258  data: 8.3302  max mem: 11583
Epoch: [247]  [10/55]  eta: 0:01:05  lr: 0.000057  min_lr: 0.000057  loss: 0.4533 (0.4523)  loss_scale: 1048576.0000 (1048576.0000)  weight_decay: 0.0500 (0.0500)  grad_norm: 0.7190 (0.6931)  time: 1.4589  data: 1.0961  max mem: 11583
Epoch: [247]  [20/55]  eta: 0:00:39  lr: 0.000057  min_lr: 0.000057  loss: 0.4547 (0.4539)  loss_scale: 1048576.0000 (1048576.0000)  weight_decay: 0.0500 (0.0500)  grad_norm: 0.6853 (0.6807)  time: 0.7558  data: 0.3920  max mem: 11583
Epoch: [247]  [30/55]  eta: 0:00:25  lr: 0.000056  min_lr: 0.000056  loss: 0.4530 (0.4537)  loss_scale: 1048576.0000 (1048576.0000)  weight_decay: 0.0500 (0.0500)  grad_norm: 0.6719 (0.6702)  time: 0.8051  data: 0.4367  max mem: 11583
Epoch: [247]  [40/55]  eta: 0:00:14  lr: 0.000056  min_lr: 0.000056  loss: 0.4505 (0.4534)  loss_scale: 1048576.0000 (1048576.0000)  weight_decay: 0.0500 (0.0500)  grad_norm: 0.6032 (0.6591)  time: 0.8132  data: 0.4512  max mem: 11583
Epoch: [247]  [50/55]  eta: 0:00:04  lr: 0.000056  min_lr: 0.000056  loss: 0.4505 (0.4538)  loss_scale: 1048576.0000 (1048576.0000)  weight_decay: 0.0500 (0.0500)  grad_norm: 0.6307 (0.6676)  time: 0.7879  data: 0.4369  max mem: 11583
Epoch: [247]  [54/55]  eta: 0:00:00  lr: 0.000056  min_lr: 0.000056  loss: 0.4518 (0.4540)  loss_scale: 1048576.0000 (1048576.0000)  weight_decay: 0.0500 (0.0500)  grad_norm: 0.6335 (0.6735)  time: 0.7711  data: 0.4263  max mem: 11583
Epoch: [247] Total time: 0:00:49 (0.9040 s / it)
Averaged stats: lr: 0.000056  min_lr: 0.000056  loss: 0.4518 (0.4540)  loss_scale: 1048576.0000 (1048576.0000)  weight_decay: 0.0500 (0.0500)  grad_norm: 0.6335 (0.6735)
Epoch: [248]  [ 0/55]  eta: 0:07:16  lr: 0.000056  min_lr: 0.000056  loss: 0.4522 (0.4522)  loss_scale: 1048576.0000 (1048576.0000)  weight_decay: 0.0500 (0.0500)  grad_norm: 0.8276 (0.8276)  time: 7.9365  data: 7.5033  max mem: 11583
Epoch: [248]  [10/55]  eta: 0:01:06  lr: 0.000056  min_lr: 0.000056  loss: 0.4522 (0.4527)  loss_scale: 1048576.0000 (1048576.0000)  weight_decay: 0.0500 (0.0500)  grad_norm: 0.7129 (0.7387)  time: 1.4713  data: 1.1026  max mem: 11583
Epoch: [248]  [20/55]  eta: 0:00:39  lr: 0.000056  min_lr: 0.000056  loss: 0.4520 (0.4541)  loss_scale: 1048576.0000 (1048576.0000)  weight_decay: 0.0500 (0.0500)  grad_norm: 0.6627 (0.7037)  time: 0.8022  data: 0.4421  max mem: 11583
Epoch: [248]  [30/55]  eta: 0:00:25  lr: 0.000056  min_lr: 0.000056  loss: 0.4519 (0.4544)  loss_scale: 1048576.0000 (1048576.0000)  weight_decay: 0.0500 (0.0500)  grad_norm: 0.6615 (0.7106)  time: 0.7978  data: 0.4383  max mem: 11583
Epoch: [248]  [40/55]  eta: 0:00:15  lr: 0.000056  min_lr: 0.000056  loss: 0.4511 (0.4537)  loss_scale: 1048576.0000 (1048576.0000)  weight_decay: 0.0500 (0.0500)  grad_norm: 0.6409 (0.6877)  time: 0.8577  data: 0.5019  max mem: 11583
Epoch: [248]  [50/55]  eta: 0:00:04  lr: 0.000056  min_lr: 0.000056  loss: 0.4558 (0.4547)  loss_scale: 1048576.0000 (1048576.0000)  weight_decay: 0.0500 (0.0500)  grad_norm: 0.7117 (0.7109)  time: 0.8298  data: 0.4834  max mem: 11583
Epoch: [248]  [54/55]  eta: 0:00:00  lr: 0.000056  min_lr: 0.000056  loss: 0.4562 (0.4549)  loss_scale: 1048576.0000 (1048576.0000)  weight_decay: 0.0500 (0.0500)  grad_norm: 0.7490 (0.7061)  time: 0.8203  data: 0.4757  max mem: 11583
Epoch: [248] Total time: 0:00:50 (0.9131 s / it)
Averaged stats: lr: 0.000056  min_lr: 0.000056  loss: 0.4562 (0.4549)  loss_scale: 1048576.0000 (1048576.0000)  weight_decay: 0.0500 (0.0500)  grad_norm: 0.7490 (0.7061)
Epoch: [249]  [ 0/55]  eta: 0:07:29  lr: 0.000056  min_lr: 0.000056  loss: 0.4464 (0.4464)  loss_scale: 1048576.0000 (1048576.0000)  weight_decay: 0.0500 (0.0500)  grad_norm: 0.5458 (0.5458)  time: 8.1694  data: 7.8302  max mem: 11583
Epoch: [249]  [10/55]  eta: 0:01:09  lr: 0.000056  min_lr: 0.000056  loss: 0.4472 (0.4518)  loss_scale: 1048576.0000 (1048576.0000)  weight_decay: 0.0500 (0.0500)  grad_norm: 0.6746 (0.7398)  time: 1.5390  data: 1.2461  max mem: 11583
Epoch: [249]  [20/55]  eta: 0:00:41  lr: 0.000056  min_lr: 0.000056  loss: 0.4538 (0.4530)  loss_scale: 1048576.0000 (1048576.0000)  weight_decay: 0.0500 (0.0500)  grad_norm: 0.7579 (0.8186)  time: 0.8330  data: 0.5018  max mem: 11583
Epoch: [249]  [30/55]  eta: 0:00:27  lr: 0.000055  min_lr: 0.000055  loss: 0.4553 (0.4543)  loss_scale: 1048576.0000 (1048576.0000)  weight_decay: 0.0500 (0.0500)  grad_norm: 0.8019 (0.8199)  time: 0.8300  data: 0.4642  max mem: 11583
Epoch: [249]  [40/55]  eta: 0:00:15  lr: 0.000055  min_lr: 0.000055  loss: 0.4545 (0.4535)  loss_scale: 1048576.0000 (1048576.0000)  weight_decay: 0.0500 (0.0500)  grad_norm: 0.8019 (0.8193)  time: 0.8499  data: 0.4932  max mem: 11583
Epoch: [249]  [50/55]  eta: 0:00:04  lr: 0.000055  min_lr: 0.000055  loss: 0.4496 (0.4530)  loss_scale: 1048576.0000 (1048576.0000)  weight_decay: 0.0500 (0.0500)  grad_norm: 0.7887 (0.7962)  time: 0.8029  data: 0.4531  max mem: 11583
Epoch: [249]  [54/55]  eta: 0:00:00  lr: 0.000055  min_lr: 0.000055  loss: 0.4496 (0.4532)  loss_scale: 1048576.0000 (1048576.0000)  weight_decay: 0.0500 (0.0500)  grad_norm: 0.7373 (0.7890)  time: 0.8028  data: 0.4531  max mem: 11583
Epoch: [249] Total time: 0:00:51 (0.9286 s / it)
Averaged stats: lr: 0.000055  min_lr: 0.000055  loss: 0.4496 (0.4532)  loss_scale: 1048576.0000 (1048576.0000)  weight_decay: 0.0500 (0.0500)  grad_norm: 0.7373 (0.7890)
Epoch: [250]  [ 0/55]  eta: 0:07:18  lr: 0.000055  min_lr: 0.000055  loss: 0.4391 (0.4391)  loss_scale: 1048576.0000 (1048576.0000)  weight_decay: 0.0500 (0.0500)  grad_norm: 0.8173 (0.8173)  time: 7.9671  data: 7.5085  max mem: 11583
Epoch: [250]  [10/55]  eta: 0:01:06  lr: 0.000055  min_lr: 0.000055  loss: 0.4512 (0.4506)  loss_scale: 1048576.0000 (1048576.0000)  weight_decay: 0.0500 (0.0500)  grad_norm: 0.8173 (0.7896)  time: 1.4711  data: 1.1034  max mem: 11583
Epoch: [250]  [20/55]  eta: 0:00:39  lr: 0.000055  min_lr: 0.000055  loss: 0.4512 (0.4515)  loss_scale: 1048576.0000 (1048576.0000)  weight_decay: 0.0500 (0.0500)  grad_norm: 0.7229 (0.7524)  time: 0.7895  data: 0.4317  max mem: 11583
Epoch: [250]  [30/55]  eta: 0:00:25  lr: 0.000055  min_lr: 0.000055  loss: 0.4520 (0.4523)  loss_scale: 1048576.0000 (1048576.0000)  weight_decay: 0.0500 (0.0500)  grad_norm: 0.6918 (0.7249)  time: 0.7911  data: 0.4255  max mem: 11583
Epoch: [250]  [40/55]  eta: 0:00:14  lr: 0.000055  min_lr: 0.000055  loss: 0.4520 (0.4519)  loss_scale: 1048576.0000 (1048576.0000)  weight_decay: 0.0500 (0.0500)  grad_norm: 0.6551 (0.7264)  time: 0.8349  data: 0.4705  max mem: 11583
Epoch: [250]  [50/55]  eta: 0:00:04  lr: 0.000055  min_lr: 0.000055  loss: 0.4513 (0.4526)  loss_scale: 1048576.0000 (1048576.0000)  weight_decay: 0.0500 (0.0500)  grad_norm: 0.6659 (0.7128)  time: 0.7985  data: 0.4472  max mem: 11583
Epoch: [250]  [54/55]  eta: 0:00:00  lr: 0.000055  min_lr: 0.000055  loss: 0.4520 (0.4526)  loss_scale: 1048576.0000 (1048576.0000)  weight_decay: 0.0500 (0.0500)  grad_norm: 0.6680 (0.7174)  time: 0.7949  data: 0.4422  max mem: 11583
Epoch: [250] Total time: 0:00:49 (0.9045 s / it)
Averaged stats: lr: 0.000055  min_lr: 0.000055  loss: 0.4520 (0.4526)  loss_scale: 1048576.0000 (1048576.0000)  weight_decay: 0.0500 (0.0500)  grad_norm: 0.6680 (0.7174)
Epoch: [251]  [ 0/55]  eta: 0:07:40  lr: 0.000055  min_lr: 0.000055  loss: 0.4533 (0.4533)  loss_scale: 1048576.0000 (1048576.0000)  weight_decay: 0.0500 (0.0500)  grad_norm: 0.6609 (0.6609)  time: 8.3727  data: 8.0170  max mem: 11583
Epoch: [251]  [10/55]  eta: 0:01:05  lr: 0.000055  min_lr: 0.000055  loss: 0.4549 (0.4539)  loss_scale: 1048576.0000 (1048576.0000)  weight_decay: 0.0500 (0.0500)  grad_norm: 0.8530 (0.7712)  time: 1.4492  data: 1.0953  max mem: 11583
Epoch: [251]  [20/55]  eta: 0:00:39  lr: 0.000054  min_lr: 0.000054  loss: 0.4551 (0.4557)  loss_scale: 1048576.0000 (1048576.0000)  weight_decay: 0.0500 (0.0500)  grad_norm: 0.7213 (0.7498)  time: 0.7715  data: 0.4179  max mem: 11583
Epoch: [251]  [30/55]  eta: 0:00:25  lr: 0.000054  min_lr: 0.000054  loss: 0.4544 (0.4546)  loss_scale: 1048576.0000 (1048576.0000)  weight_decay: 0.0500 (0.0500)  grad_norm: 0.7213 (0.7469)  time: 0.7874  data: 0.4318  max mem: 11583
Epoch: [251]  [40/55]  eta: 0:00:14  lr: 0.000054  min_lr: 0.000054  loss: 0.4524 (0.4540)  loss_scale: 1048576.0000 (1048576.0000)  weight_decay: 0.0500 (0.0500)  grad_norm: 0.6936 (0.7349)  time: 0.7919  data: 0.4343  max mem: 11583
Epoch: [251]  [50/55]  eta: 0:00:04  lr: 0.000054  min_lr: 0.000054  loss: 0.4528 (0.4541)  loss_scale: 1048576.0000 (1048576.0000)  weight_decay: 0.0500 (0.0500)  grad_norm: 0.6932 (0.7251)  time: 0.8243  data: 0.4746  max mem: 11583
Epoch: [251]  [54/55]  eta: 0:00:00  lr: 0.000054  min_lr: 0.000054  loss: 0.4534 (0.4540)  loss_scale: 1048576.0000 (1048576.0000)  weight_decay: 0.0500 (0.0500)  grad_norm: 0.6989 (0.7207)  time: 0.8189  data: 0.4745  max mem: 11583
Epoch: [251] Total time: 0:00:49 (0.9018 s / it)
Averaged stats: lr: 0.000054  min_lr: 0.000054  loss: 0.4534 (0.4540)  loss_scale: 1048576.0000 (1048576.0000)  weight_decay: 0.0500 (0.0500)  grad_norm: 0.6989 (0.7207)
Epoch: [252]  [ 0/55]  eta: 0:07:26  lr: 0.000054  min_lr: 0.000054  loss: 0.4477 (0.4477)  loss_scale: 1048576.0000 (1048576.0000)  weight_decay: 0.0500 (0.0500)  grad_norm: 0.5248 (0.5248)  time: 8.1160  data: 7.7261  max mem: 11583
Epoch: [252]  [10/55]  eta: 0:01:05  lr: 0.000054  min_lr: 0.000054  loss: 0.4537 (0.4544)  loss_scale: 1048576.0000 (1048576.0000)  weight_decay: 0.0500 (0.0500)  grad_norm: 0.5248 (0.5298)  time: 1.4546  data: 1.0932  max mem: 11583
Epoch: [252]  [20/55]  eta: 0:00:39  lr: 0.000054  min_lr: 0.000054  loss: 0.4538 (0.4546)  loss_scale: 1048576.0000 (1048576.0000)  weight_decay: 0.0500 (0.0500)  grad_norm: 0.5815 (0.6223)  time: 0.7890  data: 0.4295  max mem: 11583
Epoch: [252]  [30/55]  eta: 0:00:26  lr: 0.000054  min_lr: 0.000054  loss: 0.4568 (0.4550)  loss_scale: 1048576.0000 (1048576.0000)  weight_decay: 0.0500 (0.0500)  grad_norm: 0.7687 (0.6829)  time: 0.8275  data: 0.4685  max mem: 11583
Epoch: [252]  [40/55]  eta: 0:00:14  lr: 0.000054  min_lr: 0.000054  loss: 0.4545 (0.4536)  loss_scale: 1048576.0000 (1048576.0000)  weight_decay: 0.0500 (0.0500)  grad_norm: 0.6930 (0.6802)  time: 0.8430  data: 0.4833  max mem: 11583
Epoch: [252]  [50/55]  eta: 0:00:04  lr: 0.000054  min_lr: 0.000054  loss: 0.4539 (0.4541)  loss_scale: 1048576.0000 (1048576.0000)  weight_decay: 0.0500 (0.0500)  grad_norm: 0.6913 (0.7005)  time: 0.8089  data: 0.4586  max mem: 11583
Epoch: [252]  [54/55]  eta: 0:00:00  lr: 0.000054  min_lr: 0.000054  loss: 0.4529 (0.4540)  loss_scale: 1048576.0000 (1048576.0000)  weight_decay: 0.0500 (0.0500)  grad_norm: 0.7094 (0.6987)  time: 0.8048  data: 0.4602  max mem: 11583
Epoch: [252] Total time: 0:00:50 (0.9152 s / it)
Averaged stats: lr: 0.000054  min_lr: 0.000054  loss: 0.4529 (0.4540)  loss_scale: 1048576.0000 (1048576.0000)  weight_decay: 0.0500 (0.0500)  grad_norm: 0.7094 (0.6987)
Epoch: [253]  [ 0/55]  eta: 0:07:12  lr: 0.000054  min_lr: 0.000054  loss: 0.4391 (0.4391)  loss_scale: 1048576.0000 (1048576.0000)  weight_decay: 0.0500 (0.0500)  grad_norm: 0.6521 (0.6521)  time: 7.8704  data: 7.4672  max mem: 11583
Epoch: [253]  [10/55]  eta: 0:01:05  lr: 0.000054  min_lr: 0.000054  loss: 0.4543 (0.4529)  loss_scale: 1048576.0000 (1048576.0000)  weight_decay: 0.0500 (0.0500)  grad_norm: 0.6730 (0.7090)  time: 1.4472  data: 1.0839  max mem: 11583
Epoch: [253]  [20/55]  eta: 0:00:39  lr: 0.000053  min_lr: 0.000053  loss: 0.4543 (0.4526)  loss_scale: 1048576.0000 (1048576.0000)  weight_decay: 0.0500 (0.0500)  grad_norm: 0.6730 (0.7134)  time: 0.7977  data: 0.4347  max mem: 11583
Epoch: [253]  [30/55]  eta: 0:00:26  lr: 0.000053  min_lr: 0.000053  loss: 0.4516 (0.4524)  loss_scale: 1048576.0000 (1048576.0000)  weight_decay: 0.0500 (0.0500)  grad_norm: 0.6128 (0.6757)  time: 0.8219  data: 0.4638  max mem: 11583
Epoch: [253]  [40/55]  eta: 0:00:15  lr: 0.000053  min_lr: 0.000053  loss: 0.4481 (0.4513)  loss_scale: 1048576.0000 (1048576.0000)  weight_decay: 0.0500 (0.0500)  grad_norm: 0.6142 (0.6842)  time: 0.8601  data: 0.5467  max mem: 11583
Epoch: [253]  [50/55]  eta: 0:00:04  lr: 0.000053  min_lr: 0.000053  loss: 0.4481 (0.4512)  loss_scale: 1048576.0000 (1048576.0000)  weight_decay: 0.0500 (0.0500)  grad_norm: 0.6831 (0.6993)  time: 0.8325  data: 0.5205  max mem: 11583
Epoch: [253]  [54/55]  eta: 0:00:00  lr: 0.000053  min_lr: 0.000053  loss: 0.4482 (0.4518)  loss_scale: 1048576.0000 (1048576.0000)  weight_decay: 0.0500 (0.0500)  grad_norm: 0.6831 (0.6979)  time: 0.8425  data: 0.5105  max mem: 11583
Epoch: [253] Total time: 0:00:50 (0.9178 s / it)
Averaged stats: lr: 0.000053  min_lr: 0.000053  loss: 0.4482 (0.4518)  loss_scale: 1048576.0000 (1048576.0000)  weight_decay: 0.0500 (0.0500)  grad_norm: 0.6831 (0.6979)
Epoch: [254]  [ 0/55]  eta: 0:07:32  lr: 0.000053  min_lr: 0.000053  loss: 0.4394 (0.4394)  loss_scale: 1048576.0000 (1048576.0000)  weight_decay: 0.0500 (0.0500)  grad_norm: 0.7330 (0.7330)  time: 8.2328  data: 7.8086  max mem: 11583
Epoch: [254]  [10/55]  eta: 0:01:07  lr: 0.000053  min_lr: 0.000053  loss: 0.4487 (0.4500)  loss_scale: 1048576.0000 (1048576.0000)  weight_decay: 0.0500 (0.0500)  grad_norm: 0.7330 (0.6874)  time: 1.4918  data: 1.1110  max mem: 11583
Epoch: [254]  [20/55]  eta: 0:00:41  lr: 0.000053  min_lr: 0.000053  loss: 0.4520 (0.4525)  loss_scale: 1048576.0000 (1048576.0000)  weight_decay: 0.0500 (0.0500)  grad_norm: 0.7369 (0.7532)  time: 0.8479  data: 0.4743  max mem: 11583
Epoch: [254]  [30/55]  eta: 0:00:26  lr: 0.000053  min_lr: 0.000053  loss: 0.4520 (0.4532)  loss_scale: 1048576.0000 (1048576.0000)  weight_decay: 0.0500 (0.0500)  grad_norm: 0.7224 (0.7296)  time: 0.8443  data: 0.4794  max mem: 11583
Epoch: [254]  [40/55]  eta: 0:00:15  lr: 0.000053  min_lr: 0.000053  loss: 0.4498 (0.4528)  loss_scale: 1048576.0000 (1048576.0000)  weight_decay: 0.0500 (0.0500)  grad_norm: 0.6293 (0.7136)  time: 0.8221  data: 0.4661  max mem: 11583
Epoch: [254]  [50/55]  eta: 0:00:04  lr: 0.000053  min_lr: 0.000053  loss: 0.4532 (0.4532)  loss_scale: 1048576.0000 (1048576.0000)  weight_decay: 0.0500 (0.0500)  grad_norm: 0.6255 (0.7039)  time: 0.8033  data: 0.4533  max mem: 11583
Epoch: [254]  [54/55]  eta: 0:00:00  lr: 0.000053  min_lr: 0.000053  loss: 0.4532 (0.4528)  loss_scale: 1048576.0000 (1048576.0000)  weight_decay: 0.0500 (0.0500)  grad_norm: 0.6538 (0.7035)  time: 0.8003  data: 0.4533  max mem: 11583
Epoch: [254] Total time: 0:00:50 (0.9233 s / it)
Averaged stats: lr: 0.000053  min_lr: 0.000053  loss: 0.4532 (0.4528)  loss_scale: 1048576.0000 (1048576.0000)  weight_decay: 0.0500 (0.0500)  grad_norm: 0.6538 (0.7035)
Epoch: [255]  [ 0/55]  eta: 0:07:47  lr: 0.000053  min_lr: 0.000053  loss: 0.4474 (0.4474)  loss_scale: 1048576.0000 (1048576.0000)  weight_decay: 0.0500 (0.0500)  grad_norm: 0.6630 (0.6630)  time: 8.4951  data: 8.0653  max mem: 11583
Epoch: [255]  [10/55]  eta: 0:01:05  lr: 0.000052  min_lr: 0.000052  loss: 0.4558 (0.4540)  loss_scale: 1048576.0000 (1048576.0000)  weight_decay: 0.0500 (0.0500)  grad_norm: 0.7508 (0.7452)  time: 1.4634  data: 1.0984  max mem: 11583
Epoch: [255]  [20/55]  eta: 0:00:40  lr: 0.000052  min_lr: 0.000052  loss: 0.4532 (0.4524)  loss_scale: 1048576.0000 (1048576.0000)  weight_decay: 0.0500 (0.0500)  grad_norm: 0.7176 (0.7289)  time: 0.7915  data: 0.4326  max mem: 11583
Epoch: [255]  [30/55]  eta: 0:00:26  lr: 0.000052  min_lr: 0.000052  loss: 0.4538 (0.4536)  loss_scale: 1048576.0000 (1048576.0000)  weight_decay: 0.0500 (0.0500)  grad_norm: 0.6194 (0.6941)  time: 0.8127  data: 0.4534  max mem: 11583
Epoch: [255]  [40/55]  eta: 0:00:14  lr: 0.000052  min_lr: 0.000052  loss: 0.4516 (0.4521)  loss_scale: 1048576.0000 (1048576.0000)  weight_decay: 0.0500 (0.0500)  grad_norm: 0.6321 (0.6893)  time: 0.8112  data: 0.4498  max mem: 11583
Epoch: [255]  [50/55]  eta: 0:00:04  lr: 0.000052  min_lr: 0.000052  loss: 0.4495 (0.4521)  loss_scale: 1048576.0000 (1048576.0000)  weight_decay: 0.0500 (0.0500)  grad_norm: 0.6064 (0.6651)  time: 0.8043  data: 0.4599  max mem: 11583
Epoch: [255]  [54/55]  eta: 0:00:00  lr: 0.000052  min_lr: 0.000052  loss: 0.4495 (0.4518)  loss_scale: 1048576.0000 (1048576.0000)  weight_decay: 0.0500 (0.0500)  grad_norm: 0.5646 (0.6580)  time: 0.7954  data: 0.4589  max mem: 11583
Epoch: [255] Total time: 0:00:49 (0.9079 s / it)
Averaged stats: lr: 0.000052  min_lr: 0.000052  loss: 0.4495 (0.4518)  loss_scale: 1048576.0000 (1048576.0000)  weight_decay: 0.0500 (0.0500)  grad_norm: 0.5646 (0.6580)
Epoch: [256]  [ 0/55]  eta: 0:07:14  lr: 0.000052  min_lr: 0.000052  loss: 0.4556 (0.4556)  loss_scale: 1048576.0000 (1048576.0000)  weight_decay: 0.0500 (0.0500)  grad_norm: 0.6631 (0.6631)  time: 7.9046  data: 7.5286  max mem: 11583
Epoch: [256]  [10/55]  eta: 0:01:07  lr: 0.000052  min_lr: 0.000052  loss: 0.4545 (0.4528)  loss_scale: 1048576.0000 (1048576.0000)  weight_decay: 0.0500 (0.0500)  grad_norm: 0.7643 (0.7522)  time: 1.5047  data: 1.1279  max mem: 11583
Epoch: [256]  [20/55]  eta: 0:00:40  lr: 0.000052  min_lr: 0.000052  loss: 0.4538 (0.4522)  loss_scale: 1048576.0000 (1048576.0000)  weight_decay: 0.0500 (0.0500)  grad_norm: 0.7895 (0.7800)  time: 0.8243  data: 0.4597  max mem: 11583
Epoch: [256]  [30/55]  eta: 0:00:26  lr: 0.000052  min_lr: 0.000052  loss: 0.4540 (0.4528)  loss_scale: 1048576.0000 (1048576.0000)  weight_decay: 0.0500 (0.0500)  grad_norm: 0.7984 (0.7854)  time: 0.8364  data: 0.4734  max mem: 11583
Epoch: [256]  [40/55]  eta: 0:00:15  lr: 0.000052  min_lr: 0.000052  loss: 0.4494 (0.4513)  loss_scale: 1048576.0000 (1048576.0000)  weight_decay: 0.0500 (0.0500)  grad_norm: 0.7334 (0.7591)  time: 0.8554  data: 0.4877  max mem: 11583
Epoch: [256]  [50/55]  eta: 0:00:04  lr: 0.000052  min_lr: 0.000052  loss: 0.4482 (0.4516)  loss_scale: 1048576.0000 (1048576.0000)  weight_decay: 0.0500 (0.0500)  grad_norm: 0.6868 (0.7500)  time: 0.8150  data: 0.4588  max mem: 11583
Epoch: [256]  [54/55]  eta: 0:00:00  lr: 0.000052  min_lr: 0.000052  loss: 0.4482 (0.4514)  loss_scale: 1048576.0000 (1048576.0000)  weight_decay: 0.0500 (0.0500)  grad_norm: 0.6868 (0.7460)  time: 0.7944  data: 0.4436  max mem: 11583
Epoch: [256] Total time: 0:00:51 (0.9338 s / it)
Averaged stats: lr: 0.000052  min_lr: 0.000052  loss: 0.4482 (0.4514)  loss_scale: 1048576.0000 (1048576.0000)  weight_decay: 0.0500 (0.0500)  grad_norm: 0.6868 (0.7460)
Epoch: [257]  [ 0/55]  eta: 0:07:13  lr: 0.000052  min_lr: 0.000052  loss: 0.4356 (0.4356)  loss_scale: 1048576.0000 (1048576.0000)  weight_decay: 0.0500 (0.0500)  grad_norm: 0.5190 (0.5190)  time: 7.8735  data: 7.4469  max mem: 11583
Epoch: [257]  [10/55]  eta: 0:01:05  lr: 0.000051  min_lr: 0.000051  loss: 0.4533 (0.4514)  loss_scale: 1048576.0000 (1048576.0000)  weight_decay: 0.0500 (0.0500)  grad_norm: 0.6072 (0.6266)  time: 1.4469  data: 1.0804  max mem: 11583
Epoch: [257]  [20/55]  eta: 0:00:39  lr: 0.000051  min_lr: 0.000051  loss: 0.4494 (0.4512)  loss_scale: 1048576.0000 (1048576.0000)  weight_decay: 0.0500 (0.0500)  grad_norm: 0.6142 (0.6597)  time: 0.7970  data: 0.4300  max mem: 11583
Epoch: [257]  [30/55]  eta: 0:00:25  lr: 0.000051  min_lr: 0.000051  loss: 0.4512 (0.4518)  loss_scale: 1048576.0000 (1048576.0000)  weight_decay: 0.0500 (0.0500)  grad_norm: 0.7494 (0.6912)  time: 0.7997  data: 0.4321  max mem: 11583
Epoch: [257]  [40/55]  eta: 0:00:14  lr: 0.000051  min_lr: 0.000051  loss: 0.4504 (0.4501)  loss_scale: 1048576.0000 (1048576.0000)  weight_decay: 0.0500 (0.0500)  grad_norm: 0.7499 (0.7084)  time: 0.8559  data: 0.4790  max mem: 11583
Epoch: [257]  [50/55]  eta: 0:00:04  lr: 0.000051  min_lr: 0.000051  loss: 0.4444 (0.4497)  loss_scale: 1048576.0000 (1048576.0000)  weight_decay: 0.0500 (0.0500)  grad_norm: 0.7710 (0.7190)  time: 0.8379  data: 0.4697  max mem: 11583
Epoch: [257]  [54/55]  eta: 0:00:00  lr: 0.000051  min_lr: 0.000051  loss: 0.4462 (0.4499)  loss_scale: 1048576.0000 (1048576.0000)  weight_decay: 0.0500 (0.0500)  grad_norm: 0.7606 (0.7176)  time: 0.8201  data: 0.4595  max mem: 11583
Epoch: [257] Total time: 0:00:50 (0.9120 s / it)
Averaged stats: lr: 0.000051  min_lr: 0.000051  loss: 0.4462 (0.4499)  loss_scale: 1048576.0000 (1048576.0000)  weight_decay: 0.0500 (0.0500)  grad_norm: 0.7606 (0.7176)
Epoch: [258]  [ 0/55]  eta: 0:07:45  lr: 0.000051  min_lr: 0.000051  loss: 0.4465 (0.4465)  loss_scale: 1048576.0000 (1048576.0000)  weight_decay: 0.0500 (0.0500)  grad_norm: 0.5945 (0.5945)  time: 8.4719  data: 8.0586  max mem: 11583
Epoch: [258]  [10/55]  eta: 0:01:06  lr: 0.000051  min_lr: 0.000051  loss: 0.4488 (0.4522)  loss_scale: 1048576.0000 (1048576.0000)  weight_decay: 0.0500 (0.0500)  grad_norm: 0.6635 (0.6558)  time: 1.4809  data: 1.1083  max mem: 11583
Epoch: [258]  [20/55]  eta: 0:00:40  lr: 0.000051  min_lr: 0.000051  loss: 0.4488 (0.4511)  loss_scale: 1048576.0000 (1048576.0000)  weight_decay: 0.0500 (0.0500)  grad_norm: 0.6542 (0.6626)  time: 0.8046  data: 0.4402  max mem: 11583
Epoch: [258]  [30/55]  eta: 0:00:26  lr: 0.000051  min_lr: 0.000051  loss: 0.4513 (0.4511)  loss_scale: 1048576.0000 (1048576.0000)  weight_decay: 0.0500 (0.0500)  grad_norm: 0.6401 (0.6505)  time: 0.8127  data: 0.4523  max mem: 11583
Epoch: [258]  [40/55]  eta: 0:00:14  lr: 0.000051  min_lr: 0.000051  loss: 0.4520 (0.4508)  loss_scale: 1048576.0000 (1048576.0000)  weight_decay: 0.0500 (0.0500)  grad_norm: 0.6456 (0.6803)  time: 0.8070  data: 0.4489  max mem: 11583
Epoch: [258]  [50/55]  eta: 0:00:04  lr: 0.000051  min_lr: 0.000051  loss: 0.4500 (0.4511)  loss_scale: 1048576.0000 (1048576.0000)  weight_decay: 0.0500 (0.0500)  grad_norm: 0.6875 (0.6776)  time: 0.8308  data: 0.4720  max mem: 11583
Epoch: [258]  [54/55]  eta: 0:00:00  lr: 0.000051  min_lr: 0.000051  loss: 0.4500 (0.4510)  loss_scale: 1048576.0000 (1048576.0000)  weight_decay: 0.0500 (0.0500)  grad_norm: 0.6593 (0.6752)  time: 0.8247  data: 0.4720  max mem: 11583
Epoch: [258] Total time: 0:00:50 (0.9206 s / it)
Averaged stats: lr: 0.000051  min_lr: 0.000051  loss: 0.4500 (0.4510)  loss_scale: 1048576.0000 (1048576.0000)  weight_decay: 0.0500 (0.0500)  grad_norm: 0.6593 (0.6752)
Epoch: [259]  [ 0/55]  eta: 0:07:27  lr: 0.000051  min_lr: 0.000051  loss: 0.4417 (0.4417)  loss_scale: 1048576.0000 (1048576.0000)  weight_decay: 0.0500 (0.0500)  grad_norm: 0.4875 (0.4875)  time: 8.1389  data: 7.7587  max mem: 11583
Epoch: [259]  [10/55]  eta: 0:01:05  lr: 0.000050  min_lr: 0.000050  loss: 0.4490 (0.4476)  loss_scale: 1048576.0000 (1048576.0000)  weight_decay: 0.0500 (0.0500)  grad_norm: 0.6039 (0.5968)  time: 1.4573  data: 1.0917  max mem: 11583
Epoch: [259]  [20/55]  eta: 0:00:39  lr: 0.000050  min_lr: 0.000050  loss: 0.4490 (0.4483)  loss_scale: 1048576.0000 (1048576.0000)  weight_decay: 0.0500 (0.0500)  grad_norm: 0.6259 (0.6229)  time: 0.7805  data: 0.4206  max mem: 11583
Epoch: [259]  [30/55]  eta: 0:00:26  lr: 0.000050  min_lr: 0.000050  loss: 0.4504 (0.4484)  loss_scale: 1048576.0000 (1048576.0000)  weight_decay: 0.0500 (0.0500)  grad_norm: 0.6724 (0.6337)  time: 0.8179  data: 0.4618  max mem: 11583
Epoch: [259]  [40/55]  eta: 0:00:14  lr: 0.000050  min_lr: 0.000050  loss: 0.4459 (0.4476)  loss_scale: 1048576.0000 (1048576.0000)  weight_decay: 0.0500 (0.0500)  grad_norm: 0.6264 (0.6292)  time: 0.8242  data: 0.4666  max mem: 11583
Epoch: [259]  [50/55]  eta: 0:00:04  lr: 0.000050  min_lr: 0.000050  loss: 0.4459 (0.4479)  loss_scale: 1048576.0000 (1048576.0000)  weight_decay: 0.0500 (0.0500)  grad_norm: 0.5994 (0.6332)  time: 0.7900  data: 0.4385  max mem: 11583
Epoch: [259]  [54/55]  eta: 0:00:00  lr: 0.000050  min_lr: 0.000050  loss: 0.4489 (0.4482)  loss_scale: 1048576.0000 (1048576.0000)  weight_decay: 0.0500 (0.0500)  grad_norm: 0.6167 (0.6327)  time: 0.7692  data: 0.4219  max mem: 11583
Epoch: [259] Total time: 0:00:49 (0.9072 s / it)
Averaged stats: lr: 0.000050  min_lr: 0.000050  loss: 0.4489 (0.4482)  loss_scale: 1048576.0000 (1048576.0000)  weight_decay: 0.0500 (0.0500)  grad_norm: 0.6167 (0.6327)
Epoch: [260]  [ 0/55]  eta: 0:07:31  lr: 0.000050  min_lr: 0.000050  loss: 0.4401 (0.4401)  loss_scale: 1048576.0000 (1048576.0000)  weight_decay: 0.0500 (0.0500)  grad_norm: 0.5472 (0.5472)  time: 8.2069  data: 7.7988  max mem: 11583
Epoch: [260]  [10/55]  eta: 0:01:07  lr: 0.000050  min_lr: 0.000050  loss: 0.4484 (0.4510)  loss_scale: 1048576.0000 (1048576.0000)  weight_decay: 0.0500 (0.0500)  grad_norm: 0.6749 (0.6941)  time: 1.5023  data: 1.1555  max mem: 11583
Epoch: [260]  [20/55]  eta: 0:00:40  lr: 0.000050  min_lr: 0.000050  loss: 0.4496 (0.4505)  loss_scale: 1048576.0000 (1048576.0000)  weight_decay: 0.0500 (0.0500)  grad_norm: 0.6456 (0.6748)  time: 0.8077  data: 0.4555  max mem: 11583
Epoch: [260]  [30/55]  eta: 0:00:26  lr: 0.000050  min_lr: 0.000050  loss: 0.4502 (0.4504)  loss_scale: 1048576.0000 (1048576.0000)  weight_decay: 0.0500 (0.0500)  grad_norm: 0.6456 (0.7067)  time: 0.7988  data: 0.4356  max mem: 11583
Epoch: [260]  [40/55]  eta: 0:00:15  lr: 0.000050  min_lr: 0.000050  loss: 0.4483 (0.4499)  loss_scale: 1048576.0000 (1048576.0000)  weight_decay: 0.0500 (0.0500)  grad_norm: 0.6266 (0.6866)  time: 0.8549  data: 0.4902  max mem: 11583
Epoch: [260]  [50/55]  eta: 0:00:04  lr: 0.000050  min_lr: 0.000050  loss: 0.4483 (0.4495)  loss_scale: 1048576.0000 (1048576.0000)  weight_decay: 0.0500 (0.0500)  grad_norm: 0.6437 (0.6969)  time: 0.8244  data: 0.4717  max mem: 11583
Epoch: [260]  [54/55]  eta: 0:00:00  lr: 0.000049  min_lr: 0.000049  loss: 0.4491 (0.4498)  loss_scale: 1048576.0000 (1048576.0000)  weight_decay: 0.0500 (0.0500)  grad_norm: 0.6632 (0.6875)  time: 0.8130  data: 0.4647  max mem: 11583
Epoch: [260] Total time: 0:00:50 (0.9195 s / it)
Averaged stats: lr: 0.000049  min_lr: 0.000049  loss: 0.4491 (0.4498)  loss_scale: 1048576.0000 (1048576.0000)  weight_decay: 0.0500 (0.0500)  grad_norm: 0.6632 (0.6875)
Epoch: [261]  [ 0/55]  eta: 0:07:37  lr: 0.000049  min_lr: 0.000049  loss: 0.4346 (0.4346)  loss_scale: 1048576.0000 (1048576.0000)  weight_decay: 0.0500 (0.0500)  grad_norm: 0.6331 (0.6331)  time: 8.3122  data: 7.9101  max mem: 11583
Epoch: [261]  [10/55]  eta: 0:01:04  lr: 0.000049  min_lr: 0.000049  loss: 0.4488 (0.4477)  loss_scale: 1048576.0000 (1048576.0000)  weight_decay: 0.0500 (0.0500)  grad_norm: 0.6433 (0.6913)  time: 1.4408  data: 1.0818  max mem: 11583
Epoch: [261]  [20/55]  eta: 0:00:40  lr: 0.000049  min_lr: 0.000049  loss: 0.4484 (0.4477)  loss_scale: 1048576.0000 (1048576.0000)  weight_decay: 0.0500 (0.0500)  grad_norm: 0.6365 (0.6723)  time: 0.8015  data: 0.4372  max mem: 11583
Epoch: [261]  [30/55]  eta: 0:00:26  lr: 0.000049  min_lr: 0.000049  loss: 0.4468 (0.4482)  loss_scale: 1048576.0000 (1048576.0000)  weight_decay: 0.0500 (0.0500)  grad_norm: 0.6679 (0.6852)  time: 0.8249  data: 0.4587  max mem: 11583
Epoch: [261]  [40/55]  eta: 0:00:14  lr: 0.000049  min_lr: 0.000049  loss: 0.4453 (0.4467)  loss_scale: 1048576.0000 (1048576.0000)  weight_decay: 0.0500 (0.0500)  grad_norm: 0.6421 (0.6730)  time: 0.8152  data: 0.4545  max mem: 11583
Epoch: [261]  [50/55]  eta: 0:00:04  lr: 0.000049  min_lr: 0.000049  loss: 0.4462 (0.4476)  loss_scale: 1048576.0000 (1048576.0000)  weight_decay: 0.0500 (0.0500)  grad_norm: 0.6494 (0.6758)  time: 0.8038  data: 0.4481  max mem: 11583
Epoch: [261]  [54/55]  eta: 0:00:00  lr: 0.000049  min_lr: 0.000049  loss: 0.4492 (0.4481)  loss_scale: 1048576.0000 (1048576.0000)  weight_decay: 0.0500 (0.0500)  grad_norm: 0.6494 (0.6720)  time: 0.7973  data: 0.4460  max mem: 11583
Epoch: [261] Total time: 0:00:49 (0.9080 s / it)
Averaged stats: lr: 0.000049  min_lr: 0.000049  loss: 0.4492 (0.4481)  loss_scale: 1048576.0000 (1048576.0000)  weight_decay: 0.0500 (0.0500)  grad_norm: 0.6494 (0.6720)
Epoch: [262]  [ 0/55]  eta: 0:07:33  lr: 0.000049  min_lr: 0.000049  loss: 0.4369 (0.4369)  loss_scale: 1048576.0000 (1048576.0000)  weight_decay: 0.0500 (0.0500)  grad_norm: 0.7812 (0.7812)  time: 8.2395  data: 7.8221  max mem: 11583
Epoch: [262]  [10/55]  eta: 0:01:05  lr: 0.000049  min_lr: 0.000049  loss: 0.4486 (0.4501)  loss_scale: 1048576.0000 (1048576.0000)  weight_decay: 0.0500 (0.0500)  grad_norm: 0.7643 (0.7599)  time: 1.4503  data: 1.0820  max mem: 11583
Epoch: [262]  [20/55]  eta: 0:00:39  lr: 0.000049  min_lr: 0.000049  loss: 0.4514 (0.4512)  loss_scale: 1048576.0000 (1048576.0000)  weight_decay: 0.0500 (0.0500)  grad_norm: 0.7410 (0.7445)  time: 0.7725  data: 0.4092  max mem: 11583
Epoch: [262]  [30/55]  eta: 0:00:25  lr: 0.000049  min_lr: 0.000049  loss: 0.4499 (0.4506)  loss_scale: 1048576.0000 (1048576.0000)  weight_decay: 0.0500 (0.0500)  grad_norm: 0.7191 (0.7360)  time: 0.8037  data: 0.4386  max mem: 11583
Epoch: [262]  [40/55]  eta: 0:00:14  lr: 0.000049  min_lr: 0.000049  loss: 0.4458 (0.4493)  loss_scale: 1048576.0000 (1048576.0000)  weight_decay: 0.0500 (0.0500)  grad_norm: 0.7300 (0.7438)  time: 0.8138  data: 0.4504  max mem: 11583
Epoch: [262]  [50/55]  eta: 0:00:04  lr: 0.000049  min_lr: 0.000049  loss: 0.4459 (0.4493)  loss_scale: 1048576.0000 (1048576.0000)  weight_decay: 0.0500 (0.0500)  grad_norm: 0.7540 (0.7513)  time: 0.7949  data: 0.4444  max mem: 11583
Epoch: [262]  [54/55]  eta: 0:00:00  lr: 0.000048  min_lr: 0.000048  loss: 0.4459 (0.4497)  loss_scale: 1048576.0000 (1048576.0000)  weight_decay: 0.0500 (0.0500)  grad_norm: 0.7470 (0.7507)  time: 0.7840  data: 0.4387  max mem: 11583
Epoch: [262] Total time: 0:00:50 (0.9113 s / it)
Averaged stats: lr: 0.000048  min_lr: 0.000048  loss: 0.4459 (0.4497)  loss_scale: 1048576.0000 (1048576.0000)  weight_decay: 0.0500 (0.0500)  grad_norm: 0.7470 (0.7507)
Epoch: [263]  [ 0/55]  eta: 0:07:02  lr: 0.000048  min_lr: 0.000048  loss: 0.4400 (0.4400)  loss_scale: 1048576.0000 (1048576.0000)  weight_decay: 0.0500 (0.0500)  grad_norm: 0.7153 (0.7153)  time: 7.6826  data: 7.3517  max mem: 11583
Epoch: [263]  [10/55]  eta: 0:01:06  lr: 0.000048  min_lr: 0.000048  loss: 0.4462 (0.4455)  loss_scale: 1048576.0000 (1048576.0000)  weight_decay: 0.0500 (0.0500)  grad_norm: 0.6834 (0.6478)  time: 1.4667  data: 1.0902  max mem: 11583
Epoch: [263]  [20/55]  eta: 0:00:39  lr: 0.000048  min_lr: 0.000048  loss: 0.4462 (0.4472)  loss_scale: 1048576.0000 (1048576.0000)  weight_decay: 0.0500 (0.0500)  grad_norm: 0.6415 (0.6573)  time: 0.7994  data: 0.4305  max mem: 11583
Epoch: [263]  [30/55]  eta: 0:00:26  lr: 0.000048  min_lr: 0.000048  loss: 0.4498 (0.4481)  loss_scale: 1048576.0000 (1048576.0000)  weight_decay: 0.0500 (0.0500)  grad_norm: 0.6370 (0.6508)  time: 0.8061  data: 0.4391  max mem: 11583
Epoch: [263]  [40/55]  eta: 0:00:14  lr: 0.000048  min_lr: 0.000048  loss: 0.4475 (0.4475)  loss_scale: 1048576.0000 (1048576.0000)  weight_decay: 0.0500 (0.0500)  grad_norm: 0.7047 (0.6711)  time: 0.8369  data: 0.4603  max mem: 11583
Epoch: [263]  [50/55]  eta: 0:00:04  lr: 0.000048  min_lr: 0.000048  loss: 0.4458 (0.4480)  loss_scale: 1048576.0000 (1048576.0000)  weight_decay: 0.0500 (0.0500)  grad_norm: 0.6624 (0.6612)  time: 0.7920  data: 0.4241  max mem: 11583
Epoch: [263]  [54/55]  eta: 0:00:00  lr: 0.000048  min_lr: 0.000048  loss: 0.4454 (0.4478)  loss_scale: 1048576.0000 (1048576.0000)  weight_decay: 0.0500 (0.0500)  grad_norm: 0.6550 (0.6572)  time: 0.7965  data: 0.4389  max mem: 11583
Epoch: [263] Total time: 0:00:50 (0.9226 s / it)
Averaged stats: lr: 0.000048  min_lr: 0.000048  loss: 0.4454 (0.4478)  loss_scale: 1048576.0000 (1048576.0000)  weight_decay: 0.0500 (0.0500)  grad_norm: 0.6550 (0.6572)
Epoch: [264]  [ 0/55]  eta: 0:07:16  lr: 0.000048  min_lr: 0.000048  loss: 0.4495 (0.4495)  loss_scale: 1048576.0000 (1048576.0000)  weight_decay: 0.0500 (0.0500)  grad_norm: 0.5521 (0.5521)  time: 7.9299  data: 7.5366  max mem: 11583
Epoch: [264]  [10/55]  eta: 0:01:04  lr: 0.000048  min_lr: 0.000048  loss: 0.4474 (0.4485)  loss_scale: 1048576.0000 (1048576.0000)  weight_decay: 0.0500 (0.0500)  grad_norm: 0.6036 (0.6244)  time: 1.4370  data: 1.0770  max mem: 11583
Epoch: [264]  [20/55]  eta: 0:00:39  lr: 0.000048  min_lr: 0.000048  loss: 0.4488 (0.4508)  loss_scale: 1048576.0000 (1048576.0000)  weight_decay: 0.0500 (0.0500)  grad_norm: 0.6036 (0.6335)  time: 0.8018  data: 0.4441  max mem: 11583
Epoch: [264]  [30/55]  eta: 0:00:25  lr: 0.000048  min_lr: 0.000048  loss: 0.4485 (0.4486)  loss_scale: 1048576.0000 (1048576.0000)  weight_decay: 0.0500 (0.0500)  grad_norm: 0.6427 (0.6600)  time: 0.8191  data: 0.4568  max mem: 11583
Epoch: [264]  [40/55]  eta: 0:00:14  lr: 0.000048  min_lr: 0.000048  loss: 0.4442 (0.4476)  loss_scale: 1048576.0000 (1048576.0000)  weight_decay: 0.0500 (0.0500)  grad_norm: 0.6735 (0.6590)  time: 0.8341  data: 0.4694  max mem: 11583
Epoch: [264]  [50/55]  eta: 0:00:04  lr: 0.000048  min_lr: 0.000048  loss: 0.4460 (0.4482)  loss_scale: 1048576.0000 (1254179.1373)  weight_decay: 0.0500 (0.0500)  grad_norm: 0.6735 (0.6722)  time: 0.8128  data: 0.4563  max mem: 11583
Epoch: [264]  [54/55]  eta: 0:00:00  lr: 0.000047  min_lr: 0.000047  loss: 0.4486 (0.4484)  loss_scale: 2097152.0000 (1315486.2545)  weight_decay: 0.0500 (0.0500)  grad_norm: 0.6466 (0.6706)  time: 0.7975  data: 0.4476  max mem: 11583
Epoch: [264] Total time: 0:00:50 (0.9137 s / it)
Averaged stats: lr: 0.000047  min_lr: 0.000047  loss: 0.4486 (0.4484)  loss_scale: 2097152.0000 (1315486.2545)  weight_decay: 0.0500 (0.0500)  grad_norm: 0.6466 (0.6706)
Epoch: [265]  [ 0/55]  eta: 0:07:28  lr: 0.000047  min_lr: 0.000047  loss: 0.4383 (0.4383)  loss_scale: 2097152.0000 (2097152.0000)  weight_decay: 0.0500 (0.0500)  grad_norm: 0.5820 (0.5820)  time: 8.1596  data: 7.7534  max mem: 11583
Epoch: [265]  [10/55]  eta: 0:01:03  lr: 0.000047  min_lr: 0.000047  loss: 0.4459 (0.4474)  loss_scale: 2097152.0000 (2097152.0000)  weight_decay: 0.0500 (0.0500)  grad_norm: 0.7184 (0.6881)  time: 1.4183  data: 1.0616  max mem: 11583
Epoch: [265]  [20/55]  eta: 0:00:39  lr: 0.000047  min_lr: 0.000047  loss: 0.4483 (0.4481)  loss_scale: 2097152.0000 (2097152.0000)  weight_decay: 0.0500 (0.0500)  grad_norm: 0.5983 (0.6386)  time: 0.7817  data: 0.4210  max mem: 11583
Epoch: [265]  [30/55]  eta: 0:00:25  lr: 0.000047  min_lr: 0.000047  loss: 0.4483 (0.4481)  loss_scale: 2097152.0000 (2097152.0000)  weight_decay: 0.0500 (0.0500)  grad_norm: 0.5570 (0.6165)  time: 0.8106  data: 0.4475  max mem: 11583
Epoch: [265]  [40/55]  eta: 0:00:14  lr: 0.000047  min_lr: 0.000047  loss: 0.4466 (0.4476)  loss_scale: 2097152.0000 (2097152.0000)  weight_decay: 0.0500 (0.0500)  grad_norm: 0.6072 (0.6272)  time: 0.8000  data: 0.4430  max mem: 11583
Epoch: [265]  [50/55]  eta: 0:00:04  lr: 0.000047  min_lr: 0.000047  loss: 0.4483 (0.4482)  loss_scale: 2097152.0000 (2097152.0000)  weight_decay: 0.0500 (0.0500)  grad_norm: 0.6679 (0.6339)  time: 0.8120  data: 0.4637  max mem: 11583
Epoch: [265]  [54/55]  eta: 0:00:00  lr: 0.000047  min_lr: 0.000047  loss: 0.4477 (0.4481)  loss_scale: 2097152.0000 (2097152.0000)  weight_decay: 0.0500 (0.0500)  grad_norm: 0.6204 (0.6331)  time: 0.8069  data: 0.4659  max mem: 11583
Epoch: [265] Total time: 0:00:49 (0.9068 s / it)
Averaged stats: lr: 0.000047  min_lr: 0.000047  loss: 0.4477 (0.4481)  loss_scale: 2097152.0000 (2097152.0000)  weight_decay: 0.0500 (0.0500)  grad_norm: 0.6204 (0.6331)
Epoch: [266]  [ 0/55]  eta: 0:07:45  lr: 0.000047  min_lr: 0.000047  loss: 0.4350 (0.4350)  loss_scale: 2097152.0000 (2097152.0000)  weight_decay: 0.0500 (0.0500)  grad_norm: 0.5367 (0.5367)  time: 8.4723  data: 8.0818  max mem: 11583
Epoch: [266]  [10/55]  eta: 0:01:06  lr: 0.000047  min_lr: 0.000047  loss: 0.4519 (0.4488)  loss_scale: 2097152.0000 (2097152.0000)  weight_decay: 0.0500 (0.0500)  grad_norm: 0.7024 (0.6800)  time: 1.4779  data: 1.1176  max mem: 11583
Epoch: [266]  [20/55]  eta: 0:00:39  lr: 0.000047  min_lr: 0.000047  loss: 0.4466 (0.4484)  loss_scale: 2097152.0000 (2097152.0000)  weight_decay: 0.0500 (0.0500)  grad_norm: 0.6578 (0.6621)  time: 0.7748  data: 0.4146  max mem: 11583
Epoch: [266]  [30/55]  eta: 0:00:26  lr: 0.000047  min_lr: 0.000047  loss: 0.4494 (0.4491)  loss_scale: 2097152.0000 (2097152.0000)  weight_decay: 0.0500 (0.0500)  grad_norm: 0.5879 (0.6332)  time: 0.8001  data: 0.4431  max mem: 11583
Epoch: [266]  [40/55]  eta: 0:00:14  lr: 0.000047  min_lr: 0.000047  loss: 0.4470 (0.4478)  loss_scale: 2097152.0000 (2097152.0000)  weight_decay: 0.0500 (0.0500)  grad_norm: 0.5930 (0.6325)  time: 0.8140  data: 0.4564  max mem: 11583
Epoch: [266]  [50/55]  eta: 0:00:04  lr: 0.000047  min_lr: 0.000047  loss: 0.4461 (0.4476)  loss_scale: 2097152.0000 (1953229.8039)  weight_decay: 0.0500 (0.0500)  grad_norm: nan (nan)  time: 0.8049  data: 0.4538  max mem: 11583
Epoch: [266]  [54/55]  eta: 0:00:00  lr: 0.000046  min_lr: 0.000046  loss: 0.4447 (0.4476)  loss_scale: 1048576.0000 (1887436.8000)  weight_decay: 0.0500 (0.0500)  grad_norm: nan (nan)  time: 0.7961  data: 0.4537  max mem: 11583
Epoch: [266] Total time: 0:00:49 (0.9049 s / it)
Averaged stats: lr: 0.000046  min_lr: 0.000046  loss: 0.4447 (0.4476)  loss_scale: 1048576.0000 (1887436.8000)  weight_decay: 0.0500 (0.0500)  grad_norm: nan (nan)
Epoch: [267]  [ 0/55]  eta: 0:07:15  lr: 0.000046  min_lr: 0.000046  loss: 0.4496 (0.4496)  loss_scale: 1048576.0000 (1048576.0000)  weight_decay: 0.0500 (0.0500)  grad_norm: 0.7858 (0.7858)  time: 7.9255  data: 7.5101  max mem: 11583
Epoch: [267]  [10/55]  eta: 0:01:05  lr: 0.000046  min_lr: 0.000046  loss: 0.4471 (0.4503)  loss_scale: 1048576.0000 (1048576.0000)  weight_decay: 0.0500 (0.0500)  grad_norm: 0.6253 (0.6341)  time: 1.4608  data: 1.1024  max mem: 11583
Epoch: [267]  [20/55]  eta: 0:00:39  lr: 0.000046  min_lr: 0.000046  loss: 0.4468 (0.4496)  loss_scale: 1048576.0000 (1048576.0000)  weight_decay: 0.0500 (0.0500)  grad_norm: 0.6253 (0.6521)  time: 0.7921  data: 0.4381  max mem: 11583
Epoch: [267]  [30/55]  eta: 0:00:26  lr: 0.000046  min_lr: 0.000046  loss: 0.4469 (0.4490)  loss_scale: 1048576.0000 (1048576.0000)  weight_decay: 0.0500 (0.0500)  grad_norm: 0.6929 (0.6719)  time: 0.8153  data: 0.4564  max mem: 11583
Epoch: [267]  [40/55]  eta: 0:00:14  lr: 0.000046  min_lr: 0.000046  loss: 0.4469 (0.4480)  loss_scale: 1048576.0000 (1048576.0000)  weight_decay: 0.0500 (0.0500)  grad_norm: 0.6918 (0.6771)  time: 0.8251  data: 0.4641  max mem: 11583
Epoch: [267]  [50/55]  eta: 0:00:04  lr: 0.000046  min_lr: 0.000046  loss: 0.4463 (0.4480)  loss_scale: 1048576.0000 (1048576.0000)  weight_decay: 0.0500 (0.0500)  grad_norm: 0.6687 (0.6815)  time: 0.7799  data: 0.4269  max mem: 11583
Epoch: [267]  [54/55]  eta: 0:00:00  lr: 0.000046  min_lr: 0.000046  loss: 0.4463 (0.4481)  loss_scale: 1048576.0000 (1048576.0000)  weight_decay: 0.0500 (0.0500)  grad_norm: 0.6687 (0.6763)  time: 0.7792  data: 0.4323  max mem: 11583
Epoch: [267] Total time: 0:00:49 (0.9081 s / it)
Averaged stats: lr: 0.000046  min_lr: 0.000046  loss: 0.4463 (0.4481)  loss_scale: 1048576.0000 (1048576.0000)  weight_decay: 0.0500 (0.0500)  grad_norm: 0.6687 (0.6763)
Epoch: [268]  [ 0/55]  eta: 0:07:18  lr: 0.000046  min_lr: 0.000046  loss: 0.4398 (0.4398)  loss_scale: 1048576.0000 (1048576.0000)  weight_decay: 0.0500 (0.0500)  grad_norm: 0.7028 (0.7028)  time: 7.9817  data: 7.5805  max mem: 11583
Epoch: [268]  [10/55]  eta: 0:01:04  lr: 0.000046  min_lr: 0.000046  loss: 0.4488 (0.4482)  loss_scale: 1048576.0000 (1048576.0000)  weight_decay: 0.0500 (0.0500)  grad_norm: 0.5766 (0.5741)  time: 1.4292  data: 1.0755  max mem: 11583
Epoch: [268]  [20/55]  eta: 0:00:40  lr: 0.000046  min_lr: 0.000046  loss: 0.4479 (0.4471)  loss_scale: 1048576.0000 (1048576.0000)  weight_decay: 0.0500 (0.0500)  grad_norm: 0.5781 (0.5842)  time: 0.8098  data: 0.4511  max mem: 11583
Epoch: [268]  [30/55]  eta: 0:00:26  lr: 0.000046  min_lr: 0.000046  loss: 0.4453 (0.4473)  loss_scale: 1048576.0000 (1048576.0000)  weight_decay: 0.0500 (0.0500)  grad_norm: 0.6125 (0.6292)  time: 0.8319  data: 0.4675  max mem: 11583
Epoch: [268]  [40/55]  eta: 0:00:14  lr: 0.000046  min_lr: 0.000046  loss: 0.4426 (0.4456)  loss_scale: 1048576.0000 (1048576.0000)  weight_decay: 0.0500 (0.0500)  grad_norm: 0.7271 (0.6605)  time: 0.8350  data: 0.4692  max mem: 11583
Epoch: [268]  [50/55]  eta: 0:00:04  lr: 0.000046  min_lr: 0.000046  loss: 0.4445 (0.4461)  loss_scale: 1048576.0000 (1048576.0000)  weight_decay: 0.0500 (0.0500)  grad_norm: 0.7466 (0.6727)  time: 0.8057  data: 0.4460  max mem: 11583
Epoch: [268]  [54/55]  eta: 0:00:00  lr: 0.000045  min_lr: 0.000045  loss: 0.4445 (0.4461)  loss_scale: 1048576.0000 (1048576.0000)  weight_decay: 0.0500 (0.0500)  grad_norm: 0.6322 (0.6700)  time: 0.7999  data: 0.4460  max mem: 11583
Epoch: [268] Total time: 0:00:49 (0.9082 s / it)
Averaged stats: lr: 0.000045  min_lr: 0.000045  loss: 0.4445 (0.4461)  loss_scale: 1048576.0000 (1048576.0000)  weight_decay: 0.0500 (0.0500)  grad_norm: 0.6322 (0.6700)
Epoch: [269]  [ 0/55]  eta: 0:07:30  lr: 0.000045  min_lr: 0.000045  loss: 0.4400 (0.4400)  loss_scale: 1048576.0000 (1048576.0000)  weight_decay: 0.0500 (0.0500)  grad_norm: 0.6305 (0.6305)  time: 8.1828  data: 7.7761  max mem: 11583
Epoch: [269]  [10/55]  eta: 0:01:05  lr: 0.000045  min_lr: 0.000045  loss: 0.4492 (0.4505)  loss_scale: 1048576.0000 (1048576.0000)  weight_decay: 0.0500 (0.0500)  grad_norm: 0.6326 (0.6261)  time: 1.4549  data: 1.0849  max mem: 11583
Epoch: [269]  [20/55]  eta: 0:00:39  lr: 0.000045  min_lr: 0.000045  loss: 0.4469 (0.4481)  loss_scale: 1048576.0000 (1048576.0000)  weight_decay: 0.0500 (0.0500)  grad_norm: 0.6326 (0.6161)  time: 0.7883  data: 0.4185  max mem: 11583
Epoch: [269]  [30/55]  eta: 0:00:25  lr: 0.000045  min_lr: 0.000045  loss: 0.4449 (0.4482)  loss_scale: 1048576.0000 (1048576.0000)  weight_decay: 0.0500 (0.0500)  grad_norm: 0.6371 (0.6310)  time: 0.8090  data: 0.4436  max mem: 11583
Epoch: [269]  [40/55]  eta: 0:00:14  lr: 0.000045  min_lr: 0.000045  loss: 0.4455 (0.4478)  loss_scale: 1048576.0000 (1048576.0000)  weight_decay: 0.0500 (0.0500)  grad_norm: 0.6800 (0.6529)  time: 0.8097  data: 0.4542  max mem: 11583
Epoch: [269]  [50/55]  eta: 0:00:04  lr: 0.000045  min_lr: 0.000045  loss: 0.4446 (0.4472)  loss_scale: 1048576.0000 (1048576.0000)  weight_decay: 0.0500 (0.0500)  grad_norm: 0.6409 (0.6484)  time: 0.8008  data: 0.4626  max mem: 11583
Epoch: [269]  [54/55]  eta: 0:00:00  lr: 0.000045  min_lr: 0.000045  loss: 0.4451 (0.4474)  loss_scale: 1048576.0000 (1048576.0000)  weight_decay: 0.0500 (0.0500)  grad_norm: 0.6219 (0.6464)  time: 0.7892  data: 0.4493  max mem: 11583
Epoch: [269] Total time: 0:00:50 (0.9129 s / it)
Averaged stats: lr: 0.000045  min_lr: 0.000045  loss: 0.4451 (0.4474)  loss_scale: 1048576.0000 (1048576.0000)  weight_decay: 0.0500 (0.0500)  grad_norm: 0.6219 (0.6464)
Epoch: [270]  [ 0/55]  eta: 0:07:16  lr: 0.000045  min_lr: 0.000045  loss: 0.4404 (0.4404)  loss_scale: 1048576.0000 (1048576.0000)  weight_decay: 0.0500 (0.0500)  grad_norm: 0.5071 (0.5071)  time: 7.9400  data: 7.4908  max mem: 11583
Epoch: [270]  [10/55]  eta: 0:01:07  lr: 0.000045  min_lr: 0.000045  loss: 0.4463 (0.4474)  loss_scale: 1048576.0000 (1048576.0000)  weight_decay: 0.0500 (0.0500)  grad_norm: 0.7441 (0.7548)  time: 1.4917  data: 1.1243  max mem: 11583
Epoch: [270]  [20/55]  eta: 0:00:40  lr: 0.000045  min_lr: 0.000045  loss: 0.4465 (0.4465)  loss_scale: 1048576.0000 (1048576.0000)  weight_decay: 0.0500 (0.0500)  grad_norm: 0.7556 (0.7785)  time: 0.8180  data: 0.4542  max mem: 11583
Epoch: [270]  [30/55]  eta: 0:00:26  lr: 0.000045  min_lr: 0.000045  loss: 0.4471 (0.4463)  loss_scale: 1048576.0000 (1048576.0000)  weight_decay: 0.0500 (0.0500)  grad_norm: 0.7529 (0.7675)  time: 0.8124  data: 0.4446  max mem: 11583
Epoch: [270]  [40/55]  eta: 0:00:14  lr: 0.000045  min_lr: 0.000045  loss: 0.4435 (0.4452)  loss_scale: 1048576.0000 (1048576.0000)  weight_decay: 0.0500 (0.0500)  grad_norm: 0.7378 (0.7685)  time: 0.8290  data: 0.4603  max mem: 11583
Epoch: [270]  [50/55]  eta: 0:00:04  lr: 0.000045  min_lr: 0.000045  loss: 0.4437 (0.4455)  loss_scale: 1048576.0000 (1048576.0000)  weight_decay: 0.0500 (0.0500)  grad_norm: 0.7151 (0.7572)  time: 0.7875  data: 0.4358  max mem: 11583
Epoch: [270]  [54/55]  eta: 0:00:00  lr: 0.000045  min_lr: 0.000045  loss: 0.4433 (0.4454)  loss_scale: 1048576.0000 (1048576.0000)  weight_decay: 0.0500 (0.0500)  grad_norm: 0.6994 (0.7543)  time: 0.7777  data: 0.4307  max mem: 11583
Epoch: [270] Total time: 0:00:50 (0.9113 s / it)
Averaged stats: lr: 0.000045  min_lr: 0.000045  loss: 0.4433 (0.4454)  loss_scale: 1048576.0000 (1048576.0000)  weight_decay: 0.0500 (0.0500)  grad_norm: 0.6994 (0.7543)
Epoch: [271]  [ 0/55]  eta: 0:07:12  lr: 0.000045  min_lr: 0.000045  loss: 0.4341 (0.4341)  loss_scale: 1048576.0000 (1048576.0000)  weight_decay: 0.0500 (0.0500)  grad_norm: 0.7305 (0.7305)  time: 7.8704  data: 7.4823  max mem: 11583
Epoch: [271]  [10/55]  eta: 0:01:03  lr: 0.000044  min_lr: 0.000044  loss: 0.4440 (0.4447)  loss_scale: 1048576.0000 (1048576.0000)  weight_decay: 0.0500 (0.0500)  grad_norm: 0.6012 (0.5998)  time: 1.4119  data: 1.0552  max mem: 11583
Epoch: [271]  [20/55]  eta: 0:00:38  lr: 0.000044  min_lr: 0.000044  loss: 0.4444 (0.4454)  loss_scale: 1048576.0000 (1048576.0000)  weight_decay: 0.0500 (0.0500)  grad_norm: 0.6124 (0.6580)  time: 0.7615  data: 0.4044  max mem: 11583
Epoch: [271]  [30/55]  eta: 0:00:25  lr: 0.000044  min_lr: 0.000044  loss: 0.4424 (0.4445)  loss_scale: 1048576.0000 (1048576.0000)  weight_decay: 0.0500 (0.0500)  grad_norm: 0.6771 (0.6558)  time: 0.7855  data: 0.4264  max mem: 11583
Epoch: [271]  [40/55]  eta: 0:00:14  lr: 0.000044  min_lr: 0.000044  loss: 0.4408 (0.4438)  loss_scale: 1048576.0000 (1048576.0000)  weight_decay: 0.0500 (0.0500)  grad_norm: 0.6631 (0.6617)  time: 0.8583  data: 0.4862  max mem: 11583
Epoch: [271]  [50/55]  eta: 0:00:04  lr: 0.000044  min_lr: 0.000044  loss: 0.4442 (0.4446)  loss_scale: 1048576.0000 (1048576.0000)  weight_decay: 0.0500 (0.0500)  grad_norm: 0.6694 (0.6668)  time: 0.8427  data: 0.4710  max mem: 11583
Epoch: [271]  [54/55]  eta: 0:00:00  lr: 0.000044  min_lr: 0.000044  loss: 0.4454 (0.4450)  loss_scale: 1048576.0000 (1048576.0000)  weight_decay: 0.0500 (0.0500)  grad_norm: 0.6694 (0.6633)  time: 0.8371  data: 0.4686  max mem: 11583
Epoch: [271] Total time: 0:00:50 (0.9200 s / it)
Averaged stats: lr: 0.000044  min_lr: 0.000044  loss: 0.4454 (0.4450)  loss_scale: 1048576.0000 (1048576.0000)  weight_decay: 0.0500 (0.0500)  grad_norm: 0.6694 (0.6633)
Epoch: [272]  [ 0/55]  eta: 0:07:28  lr: 0.000044  min_lr: 0.000044  loss: 0.4476 (0.4476)  loss_scale: 1048576.0000 (1048576.0000)  weight_decay: 0.0500 (0.0500)  grad_norm: 0.7268 (0.7268)  time: 8.1530  data: 7.7574  max mem: 11583
Epoch: [272]  [10/55]  eta: 0:01:05  lr: 0.000044  min_lr: 0.000044  loss: 0.4467 (0.4473)  loss_scale: 1048576.0000 (1048576.0000)  weight_decay: 0.0500 (0.0500)  grad_norm: 0.7226 (0.6853)  time: 1.4448  data: 1.0776  max mem: 11583
Epoch: [272]  [20/55]  eta: 0:00:40  lr: 0.000044  min_lr: 0.000044  loss: 0.4467 (0.4462)  loss_scale: 1048576.0000 (1048576.0000)  weight_decay: 0.0500 (0.0500)  grad_norm: 0.6678 (0.6568)  time: 0.7992  data: 0.4350  max mem: 11583
Epoch: [272]  [30/55]  eta: 0:00:25  lr: 0.000044  min_lr: 0.000044  loss: 0.4470 (0.4466)  loss_scale: 1048576.0000 (1048576.0000)  weight_decay: 0.0500 (0.0500)  grad_norm: 0.5810 (0.6220)  time: 0.7997  data: 0.4418  max mem: 11583
Epoch: [272]  [40/55]  eta: 0:00:14  lr: 0.000044  min_lr: 0.000044  loss: 0.4462 (0.4459)  loss_scale: 1048576.0000 (1048576.0000)  weight_decay: 0.0500 (0.0500)  grad_norm: 0.5672 (0.6205)  time: 0.8072  data: 0.4508  max mem: 11583
Epoch: [272]  [50/55]  eta: 0:00:04  lr: 0.000044  min_lr: 0.000044  loss: 0.4443 (0.4462)  loss_scale: 1048576.0000 (1048576.0000)  weight_decay: 0.0500 (0.0500)  grad_norm: 0.6378 (0.6299)  time: 0.8080  data: 0.4562  max mem: 11583
Epoch: [272]  [54/55]  eta: 0:00:00  lr: 0.000044  min_lr: 0.000044  loss: 0.4455 (0.4462)  loss_scale: 1048576.0000 (1048576.0000)  weight_decay: 0.0500 (0.0500)  grad_norm: 0.6378 (0.6260)  time: 0.7852  data: 0.4394  max mem: 11583
Epoch: [272] Total time: 0:00:49 (0.9002 s / it)
Averaged stats: lr: 0.000044  min_lr: 0.000044  loss: 0.4455 (0.4462)  loss_scale: 1048576.0000 (1048576.0000)  weight_decay: 0.0500 (0.0500)  grad_norm: 0.6378 (0.6260)
Epoch: [273]  [ 0/55]  eta: 0:07:38  lr: 0.000044  min_lr: 0.000044  loss: 0.4431 (0.4431)  loss_scale: 1048576.0000 (1048576.0000)  weight_decay: 0.0500 (0.0500)  grad_norm: 0.9693 (0.9693)  time: 8.3320  data: 7.9141  max mem: 11583
Epoch: [273]  [10/55]  eta: 0:01:06  lr: 0.000043  min_lr: 0.000043  loss: 0.4475 (0.4459)  loss_scale: 1048576.0000 (1048576.0000)  weight_decay: 0.0500 (0.0500)  grad_norm: 0.6899 (0.7008)  time: 1.4823  data: 1.0985  max mem: 11583
Epoch: [273]  [20/55]  eta: 0:00:40  lr: 0.000043  min_lr: 0.000043  loss: 0.4456 (0.4447)  loss_scale: 1048576.0000 (1048576.0000)  weight_decay: 0.0500 (0.0500)  grad_norm: 0.6085 (0.6639)  time: 0.7881  data: 0.4234  max mem: 11583
Epoch: [273]  [30/55]  eta: 0:00:26  lr: 0.000043  min_lr: 0.000043  loss: 0.4451 (0.4448)  loss_scale: 1048576.0000 (1048576.0000)  weight_decay: 0.0500 (0.0500)  grad_norm: 0.6640 (0.6776)  time: 0.8195  data: 0.4642  max mem: 11583
Epoch: [273]  [40/55]  eta: 0:00:14  lr: 0.000043  min_lr: 0.000043  loss: 0.4451 (0.4442)  loss_scale: 1048576.0000 (1048576.0000)  weight_decay: 0.0500 (0.0500)  grad_norm: 0.7088 (0.6777)  time: 0.8423  data: 0.4779  max mem: 11583
Epoch: [273]  [50/55]  eta: 0:00:04  lr: 0.000043  min_lr: 0.000043  loss: 0.4438 (0.4448)  loss_scale: 1048576.0000 (1048576.0000)  weight_decay: 0.0500 (0.0500)  grad_norm: 0.6627 (0.6813)  time: 0.8246  data: 0.4712  max mem: 11583
Epoch: [273]  [54/55]  eta: 0:00:00  lr: 0.000043  min_lr: 0.000043  loss: 0.4411 (0.4445)  loss_scale: 1048576.0000 (1048576.0000)  weight_decay: 0.0500 (0.0500)  grad_norm: 0.6704 (0.6786)  time: 0.7944  data: 0.4413  max mem: 11583
Epoch: [273] Total time: 0:00:50 (0.9254 s / it)
Averaged stats: lr: 0.000043  min_lr: 0.000043  loss: 0.4411 (0.4445)  loss_scale: 1048576.0000 (1048576.0000)  weight_decay: 0.0500 (0.0500)  grad_norm: 0.6704 (0.6786)
Epoch: [274]  [ 0/55]  eta: 0:07:08  lr: 0.000043  min_lr: 0.000043  loss: 0.4355 (0.4355)  loss_scale: 1048576.0000 (1048576.0000)  weight_decay: 0.0500 (0.0500)  grad_norm: 0.5794 (0.5794)  time: 7.7869  data: 7.3725  max mem: 11583
Epoch: [274]  [10/55]  eta: 0:01:06  lr: 0.000043  min_lr: 0.000043  loss: 0.4437 (0.4437)  loss_scale: 1048576.0000 (1048576.0000)  weight_decay: 0.0500 (0.0500)  grad_norm: 0.5794 (0.5828)  time: 1.4788  data: 1.1181  max mem: 11583
Epoch: [274]  [20/55]  eta: 0:00:40  lr: 0.000043  min_lr: 0.000043  loss: 0.4440 (0.4437)  loss_scale: 1048576.0000 (1048576.0000)  weight_decay: 0.0500 (0.0500)  grad_norm: 0.5615 (0.5755)  time: 0.8176  data: 0.4583  max mem: 11583
Epoch: [274]  [30/55]  eta: 0:00:26  lr: 0.000043  min_lr: 0.000043  loss: 0.4448 (0.4446)  loss_scale: 1048576.0000 (1048576.0000)  weight_decay: 0.0500 (0.0500)  grad_norm: 0.5512 (0.5745)  time: 0.8186  data: 0.4579  max mem: 11583
Epoch: [274]  [40/55]  eta: 0:00:14  lr: 0.000043  min_lr: 0.000043  loss: 0.4443 (0.4446)  loss_scale: 1048576.0000 (1048576.0000)  weight_decay: 0.0500 (0.0500)  grad_norm: 0.5995 (0.6290)  time: 0.8397  data: 0.4744  max mem: 11583
Epoch: [274]  [50/55]  eta: 0:00:04  lr: 0.000043  min_lr: 0.000043  loss: 0.4438 (0.4450)  loss_scale: 1048576.0000 (1048576.0000)  weight_decay: 0.0500 (0.0500)  grad_norm: 0.7783 (0.6450)  time: 0.8098  data: 0.4477  max mem: 11583
Epoch: [274]  [54/55]  eta: 0:00:00  lr: 0.000043  min_lr: 0.000043  loss: 0.4438 (0.4449)  loss_scale: 1048576.0000 (1048576.0000)  weight_decay: 0.0500 (0.0500)  grad_norm: 0.6713 (0.6415)  time: 0.7927  data: 0.4310  max mem: 11583
Epoch: [274] Total time: 0:00:50 (0.9202 s / it)
Averaged stats: lr: 0.000043  min_lr: 0.000043  loss: 0.4438 (0.4449)  loss_scale: 1048576.0000 (1048576.0000)  weight_decay: 0.0500 (0.0500)  grad_norm: 0.6713 (0.6415)
Epoch: [275]  [ 0/55]  eta: 0:07:20  lr: 0.000043  min_lr: 0.000043  loss: 0.4347 (0.4347)  loss_scale: 1048576.0000 (1048576.0000)  weight_decay: 0.0500 (0.0500)  grad_norm: 0.6890 (0.6890)  time: 8.0168  data: 7.5913  max mem: 11583
Epoch: [275]  [10/55]  eta: 0:01:04  lr: 0.000043  min_lr: 0.000043  loss: 0.4445 (0.4436)  loss_scale: 1048576.0000 (1048576.0000)  weight_decay: 0.0500 (0.0500)  grad_norm: 0.5993 (0.5975)  time: 1.4409  data: 1.0749  max mem: 11583
Epoch: [275]  [20/55]  eta: 0:00:39  lr: 0.000042  min_lr: 0.000042  loss: 0.4438 (0.4437)  loss_scale: 1048576.0000 (1048576.0000)  weight_decay: 0.0500 (0.0500)  grad_norm: 0.5763 (0.5875)  time: 0.7735  data: 0.4170  max mem: 11583
Epoch: [275]  [30/55]  eta: 0:00:25  lr: 0.000042  min_lr: 0.000042  loss: 0.4440 (0.4451)  loss_scale: 1048576.0000 (1048576.0000)  weight_decay: 0.0500 (0.0500)  grad_norm: 0.5972 (0.6132)  time: 0.7848  data: 0.4262  max mem: 11583
Epoch: [275]  [40/55]  eta: 0:00:14  lr: 0.000042  min_lr: 0.000042  loss: 0.4441 (0.4449)  loss_scale: 1048576.0000 (1048576.0000)  weight_decay: 0.0500 (0.0500)  grad_norm: 0.7174 (0.6475)  time: 0.8180  data: 0.4571  max mem: 11583
Epoch: [275]  [50/55]  eta: 0:00:04  lr: 0.000042  min_lr: 0.000042  loss: 0.4417 (0.4451)  loss_scale: 1048576.0000 (1048576.0000)  weight_decay: 0.0500 (0.0500)  grad_norm: 0.6346 (0.6459)  time: 0.8029  data: 0.4547  max mem: 11583
Epoch: [275]  [54/55]  eta: 0:00:00  lr: 0.000042  min_lr: 0.000042  loss: 0.4406 (0.4450)  loss_scale: 1048576.0000 (1048576.0000)  weight_decay: 0.0500 (0.0500)  grad_norm: 0.6330 (0.6398)  time: 0.7764  data: 0.4295  max mem: 11583
Epoch: [275] Total time: 0:00:50 (0.9093 s / it)
Averaged stats: lr: 0.000042  min_lr: 0.000042  loss: 0.4406 (0.4450)  loss_scale: 1048576.0000 (1048576.0000)  weight_decay: 0.0500 (0.0500)  grad_norm: 0.6330 (0.6398)
Epoch: [276]  [ 0/55]  eta: 0:07:26  lr: 0.000042  min_lr: 0.000042  loss: 0.4332 (0.4332)  loss_scale: 1048576.0000 (1048576.0000)  weight_decay: 0.0500 (0.0500)  grad_norm: 0.5884 (0.5884)  time: 8.1103  data: 7.7124  max mem: 11583
Epoch: [276]  [10/55]  eta: 0:01:05  lr: 0.000042  min_lr: 0.000042  loss: 0.4403 (0.4422)  loss_scale: 1048576.0000 (1048576.0000)  weight_decay: 0.0500 (0.0500)  grad_norm: 0.5718 (0.6423)  time: 1.4621  data: 1.0858  max mem: 11583
Epoch: [276]  [20/55]  eta: 0:00:41  lr: 0.000042  min_lr: 0.000042  loss: 0.4403 (0.4408)  loss_scale: 1048576.0000 (1048576.0000)  weight_decay: 0.0500 (0.0500)  grad_norm: 0.6229 (0.6511)  time: 0.8315  data: 0.4673  max mem: 11583
Epoch: [276]  [30/55]  eta: 0:00:26  lr: 0.000042  min_lr: 0.000042  loss: 0.4430 (0.4426)  loss_scale: 1048576.0000 (1048576.0000)  weight_decay: 0.0500 (0.0500)  grad_norm: 0.6639 (0.6705)  time: 0.8430  data: 0.4801  max mem: 11583
Epoch: [276]  [40/55]  eta: 0:00:15  lr: 0.000042  min_lr: 0.000042  loss: 0.4452 (0.4427)  loss_scale: 1048576.0000 (1048576.0000)  weight_decay: 0.0500 (0.0500)  grad_norm: 0.6527 (0.6684)  time: 0.8227  data: 0.4528  max mem: 11583
Epoch: [276]  [50/55]  eta: 0:00:04  lr: 0.000042  min_lr: 0.000042  loss: 0.4445 (0.4434)  loss_scale: 1048576.0000 (1048576.0000)  weight_decay: 0.0500 (0.0500)  grad_norm: 0.6030 (0.6537)  time: 0.7978  data: 0.4376  max mem: 11583
Epoch: [276]  [54/55]  eta: 0:00:00  lr: 0.000042  min_lr: 0.000042  loss: 0.4445 (0.4436)  loss_scale: 1048576.0000 (1048576.0000)  weight_decay: 0.0500 (0.0500)  grad_norm: 0.5864 (0.6430)  time: 0.7737  data: 0.4172  max mem: 11583
Epoch: [276] Total time: 0:00:50 (0.9162 s / it)
Averaged stats: lr: 0.000042  min_lr: 0.000042  loss: 0.4445 (0.4436)  loss_scale: 1048576.0000 (1048576.0000)  weight_decay: 0.0500 (0.0500)  grad_norm: 0.5864 (0.6430)
Epoch: [277]  [ 0/55]  eta: 0:07:22  lr: 0.000042  min_lr: 0.000042  loss: 0.4426 (0.4426)  loss_scale: 1048576.0000 (1048576.0000)  weight_decay: 0.0500 (0.0500)  grad_norm: 0.5715 (0.5715)  time: 8.0488  data: 7.6399  max mem: 11583
Epoch: [277]  [10/55]  eta: 0:01:04  lr: 0.000042  min_lr: 0.000042  loss: 0.4441 (0.4427)  loss_scale: 1048576.0000 (1048576.0000)  weight_decay: 0.0500 (0.0500)  grad_norm: 0.6262 (0.5817)  time: 1.4223  data: 1.0606  max mem: 11583
Epoch: [277]  [20/55]  eta: 0:00:38  lr: 0.000041  min_lr: 0.000041  loss: 0.4446 (0.4449)  loss_scale: 1048576.0000 (1048576.0000)  weight_decay: 0.0500 (0.0500)  grad_norm: 0.5639 (0.5786)  time: 0.7584  data: 0.4029  max mem: 11583
Epoch: [277]  [30/55]  eta: 0:00:25  lr: 0.000041  min_lr: 0.000041  loss: 0.4453 (0.4439)  loss_scale: 1048576.0000 (1048576.0000)  weight_decay: 0.0500 (0.0500)  grad_norm: 0.6204 (0.6040)  time: 0.8146  data: 0.4713  max mem: 11583
Epoch: [277]  [40/55]  eta: 0:00:14  lr: 0.000041  min_lr: 0.000041  loss: 0.4409 (0.4439)  loss_scale: 1048576.0000 (1048576.0000)  weight_decay: 0.0500 (0.0500)  grad_norm: 0.6568 (0.6294)  time: 0.8459  data: 0.4958  max mem: 11583
Epoch: [277]  [50/55]  eta: 0:00:04  lr: 0.000041  min_lr: 0.000041  loss: 0.4452 (0.4445)  loss_scale: 1048576.0000 (1048576.0000)  weight_decay: 0.0500 (0.0500)  grad_norm: 0.7014 (0.6463)  time: 0.8065  data: 0.4513  max mem: 11583
Epoch: [277]  [54/55]  eta: 0:00:00  lr: 0.000041  min_lr: 0.000041  loss: 0.4452 (0.4448)  loss_scale: 1048576.0000 (1048576.0000)  weight_decay: 0.0500 (0.0500)  grad_norm: 0.7384 (0.6584)  time: 0.7927  data: 0.4443  max mem: 11583
Epoch: [277] Total time: 0:00:49 (0.9003 s / it)
Averaged stats: lr: 0.000041  min_lr: 0.000041  loss: 0.4452 (0.4448)  loss_scale: 1048576.0000 (1048576.0000)  weight_decay: 0.0500 (0.0500)  grad_norm: 0.7384 (0.6584)
Epoch: [278]  [ 0/55]  eta: 0:07:26  lr: 0.000041  min_lr: 0.000041  loss: 0.4251 (0.4251)  loss_scale: 1048576.0000 (1048576.0000)  weight_decay: 0.0500 (0.0500)  grad_norm: 0.7587 (0.7587)  time: 8.1116  data: 7.7292  max mem: 11583
Epoch: [278]  [10/55]  eta: 0:01:06  lr: 0.000041  min_lr: 0.000041  loss: 0.4412 (0.4404)  loss_scale: 1048576.0000 (1048576.0000)  weight_decay: 0.0500 (0.0500)  grad_norm: 0.8009 (0.8141)  time: 1.4673  data: 1.1040  max mem: 11583
Epoch: [278]  [20/55]  eta: 0:00:39  lr: 0.000041  min_lr: 0.000041  loss: 0.4429 (0.4427)  loss_scale: 1048576.0000 (1048576.0000)  weight_decay: 0.0500 (0.0500)  grad_norm: 0.7839 (0.7882)  time: 0.7917  data: 0.4327  max mem: 11583
Epoch: [278]  [30/55]  eta: 0:00:25  lr: 0.000041  min_lr: 0.000041  loss: 0.4448 (0.4428)  loss_scale: 1048576.0000 (1048576.0000)  weight_decay: 0.0500 (0.0500)  grad_norm: 0.6992 (0.7492)  time: 0.7965  data: 0.4397  max mem: 11583
Epoch: [278]  [40/55]  eta: 0:00:14  lr: 0.000041  min_lr: 0.000041  loss: 0.4410 (0.4423)  loss_scale: 1048576.0000 (1048576.0000)  weight_decay: 0.0500 (0.0500)  grad_norm: 0.6506 (0.7271)  time: 0.8247  data: 0.4638  max mem: 11583
Epoch: [278]  [50/55]  eta: 0:00:04  lr: 0.000041  min_lr: 0.000041  loss: 0.4406 (0.4426)  loss_scale: 1048576.0000 (1048576.0000)  weight_decay: 0.0500 (0.0500)  grad_norm: 0.6259 (0.7113)  time: 0.8012  data: 0.4474  max mem: 11583
Epoch: [278]  [54/55]  eta: 0:00:00  lr: 0.000041  min_lr: 0.000041  loss: 0.4410 (0.4428)  loss_scale: 1048576.0000 (1048576.0000)  weight_decay: 0.0500 (0.0500)  grad_norm: 0.6259 (0.7024)  time: 0.7790  data: 0.4326  max mem: 11583
Epoch: [278] Total time: 0:00:49 (0.9000 s / it)
Averaged stats: lr: 0.000041  min_lr: 0.000041  loss: 0.4410 (0.4428)  loss_scale: 1048576.0000 (1048576.0000)  weight_decay: 0.0500 (0.0500)  grad_norm: 0.6259 (0.7024)
Epoch: [279]  [ 0/55]  eta: 0:07:24  lr: 0.000041  min_lr: 0.000041  loss: 0.4377 (0.4377)  loss_scale: 1048576.0000 (1048576.0000)  weight_decay: 0.0500 (0.0500)  grad_norm: 0.6563 (0.6563)  time: 8.0904  data: 7.7429  max mem: 11583
Epoch: [279]  [10/55]  eta: 0:01:05  lr: 0.000041  min_lr: 0.000041  loss: 0.4435 (0.4432)  loss_scale: 1048576.0000 (1048576.0000)  weight_decay: 0.0500 (0.0500)  grad_norm: 0.6643 (0.7174)  time: 1.4480  data: 1.0858  max mem: 11583
Epoch: [279]  [20/55]  eta: 0:00:40  lr: 0.000041  min_lr: 0.000041  loss: 0.4435 (0.4427)  loss_scale: 1048576.0000 (1048576.0000)  weight_decay: 0.0500 (0.0500)  grad_norm: 0.6872 (0.7400)  time: 0.8016  data: 0.4552  max mem: 11583
Epoch: [279]  [30/55]  eta: 0:00:26  lr: 0.000040  min_lr: 0.000040  loss: 0.4444 (0.4439)  loss_scale: 1048576.0000 (1048576.0000)  weight_decay: 0.0500 (0.0500)  grad_norm: 0.6872 (0.7170)  time: 0.8232  data: 0.4777  max mem: 11583
Epoch: [279]  [40/55]  eta: 0:00:14  lr: 0.000040  min_lr: 0.000040  loss: 0.4413 (0.4424)  loss_scale: 1048576.0000 (1048576.0000)  weight_decay: 0.0500 (0.0500)  grad_norm: 0.6667 (0.6953)  time: 0.8350  data: 0.4755  max mem: 11583
Epoch: [279]  [50/55]  eta: 0:00:04  lr: 0.000040  min_lr: 0.000040  loss: 0.4410 (0.4431)  loss_scale: 1048576.0000 (1048576.0000)  weight_decay: 0.0500 (0.0500)  grad_norm: 0.6244 (0.6809)  time: 0.8171  data: 0.4672  max mem: 11583
Epoch: [279]  [54/55]  eta: 0:00:00  lr: 0.000040  min_lr: 0.000040  loss: 0.4413 (0.4430)  loss_scale: 1048576.0000 (1048576.0000)  weight_decay: 0.0500 (0.0500)  grad_norm: 0.5851 (0.6754)  time: 0.8150  data: 0.4672  max mem: 11583
Epoch: [279] Total time: 0:00:50 (0.9127 s / it)
Averaged stats: lr: 0.000040  min_lr: 0.000040  loss: 0.4413 (0.4430)  loss_scale: 1048576.0000 (1048576.0000)  weight_decay: 0.0500 (0.0500)  grad_norm: 0.5851 (0.6754)
Epoch: [280]  [ 0/55]  eta: 0:07:30  lr: 0.000040  min_lr: 0.000040  loss: 0.4405 (0.4405)  loss_scale: 1048576.0000 (1048576.0000)  weight_decay: 0.0500 (0.0500)  grad_norm: 0.6413 (0.6413)  time: 8.1990  data: 7.7876  max mem: 11583
Epoch: [280]  [10/55]  eta: 0:01:05  lr: 0.000040  min_lr: 0.000040  loss: 0.4405 (0.4412)  loss_scale: 1048576.0000 (1048576.0000)  weight_decay: 0.0500 (0.0500)  grad_norm: 0.6478 (0.6610)  time: 1.4595  data: 1.0913  max mem: 11583
Epoch: [280]  [20/55]  eta: 0:00:40  lr: 0.000040  min_lr: 0.000040  loss: 0.4435 (0.4430)  loss_scale: 1048576.0000 (1048576.0000)  weight_decay: 0.0500 (0.0500)  grad_norm: 0.6920 (0.7349)  time: 0.7946  data: 0.4253  max mem: 11583
Epoch: [280]  [30/55]  eta: 0:00:26  lr: 0.000040  min_lr: 0.000040  loss: 0.4477 (0.4444)  loss_scale: 1048576.0000 (1048576.0000)  weight_decay: 0.0500 (0.0500)  grad_norm: 0.7178 (0.7476)  time: 0.8347  data: 0.4726  max mem: 11583
Epoch: [280]  [40/55]  eta: 0:00:14  lr: 0.000040  min_lr: 0.000040  loss: 0.4469 (0.4449)  loss_scale: 1048576.0000 (1048576.0000)  weight_decay: 0.0500 (0.0500)  grad_norm: 0.6896 (0.7217)  time: 0.8359  data: 0.4812  max mem: 11583
Epoch: [280]  [50/55]  eta: 0:00:04  lr: 0.000040  min_lr: 0.000040  loss: 0.4458 (0.4452)  loss_scale: 1048576.0000 (1048576.0000)  weight_decay: 0.0500 (0.0500)  grad_norm: 0.6261 (0.7084)  time: 0.8244  data: 0.4822  max mem: 11583
Epoch: [280]  [54/55]  eta: 0:00:00  lr: 0.000040  min_lr: 0.000040  loss: 0.4440 (0.4448)  loss_scale: 1048576.0000 (1048576.0000)  weight_decay: 0.0500 (0.0500)  grad_norm: 0.6261 (0.7083)  time: 0.8088  data: 0.4682  max mem: 11583
Epoch: [280] Total time: 0:00:51 (0.9345 s / it)
Averaged stats: lr: 0.000040  min_lr: 0.000040  loss: 0.4440 (0.4448)  loss_scale: 1048576.0000 (1048576.0000)  weight_decay: 0.0500 (0.0500)  grad_norm: 0.6261 (0.7083)
Epoch: [281]  [ 0/55]  eta: 0:07:17  lr: 0.000040  min_lr: 0.000040  loss: 0.4241 (0.4241)  loss_scale: 1048576.0000 (1048576.0000)  weight_decay: 0.0500 (0.0500)  grad_norm: 0.5205 (0.5205)  time: 7.9495  data: 7.6407  max mem: 11583
Epoch: [281]  [10/55]  eta: 0:01:06  lr: 0.000040  min_lr: 0.000040  loss: 0.4440 (0.4431)  loss_scale: 1048576.0000 (1048576.0000)  weight_decay: 0.0500 (0.0500)  grad_norm: 0.6096 (0.6037)  time: 1.4826  data: 1.2312  max mem: 11583
Epoch: [281]  [20/55]  eta: 0:00:40  lr: 0.000040  min_lr: 0.000040  loss: 0.4444 (0.4432)  loss_scale: 1048576.0000 (1048576.0000)  weight_decay: 0.0500 (0.0500)  grad_norm: 0.6286 (0.6644)  time: 0.8179  data: 0.5182  max mem: 11583
Epoch: [281]  [30/55]  eta: 0:00:26  lr: 0.000040  min_lr: 0.000040  loss: 0.4427 (0.4428)  loss_scale: 1048576.0000 (1048576.0000)  weight_decay: 0.0500 (0.0500)  grad_norm: 0.6430 (0.6618)  time: 0.8271  data: 0.4593  max mem: 11583
Epoch: [281]  [40/55]  eta: 0:00:15  lr: 0.000039  min_lr: 0.000039  loss: 0.4415 (0.4423)  loss_scale: 1048576.0000 (1048576.0000)  weight_decay: 0.0500 (0.0500)  grad_norm: 0.6430 (0.6674)  time: 0.8698  data: 0.4932  max mem: 11583
Epoch: [281]  [50/55]  eta: 0:00:04  lr: 0.000039  min_lr: 0.000039  loss: 0.4413 (0.4424)  loss_scale: 1048576.0000 (1048576.0000)  weight_decay: 0.0500 (0.0500)  grad_norm: 0.6046 (0.6515)  time: 0.8304  data: 0.4739  max mem: 11583
Epoch: [281]  [54/55]  eta: 0:00:00  lr: 0.000039  min_lr: 0.000039  loss: 0.4413 (0.4425)  loss_scale: 1048576.0000 (1048576.0000)  weight_decay: 0.0500 (0.0500)  grad_norm: 0.6195 (0.6517)  time: 0.8216  data: 0.4738  max mem: 11583
Epoch: [281] Total time: 0:00:50 (0.9249 s / it)
Averaged stats: lr: 0.000039  min_lr: 0.000039  loss: 0.4413 (0.4425)  loss_scale: 1048576.0000 (1048576.0000)  weight_decay: 0.0500 (0.0500)  grad_norm: 0.6195 (0.6517)
Epoch: [282]  [ 0/55]  eta: 0:07:33  lr: 0.000039  min_lr: 0.000039  loss: 0.4362 (0.4362)  loss_scale: 1048576.0000 (1048576.0000)  weight_decay: 0.0500 (0.0500)  grad_norm: 0.7763 (0.7763)  time: 8.2408  data: 7.8532  max mem: 11583
Epoch: [282]  [10/55]  eta: 0:01:03  lr: 0.000039  min_lr: 0.000039  loss: 0.4384 (0.4398)  loss_scale: 1048576.0000 (1048576.0000)  weight_decay: 0.0500 (0.0500)  grad_norm: 0.6256 (0.6785)  time: 1.4159  data: 1.0623  max mem: 11583
Epoch: [282]  [20/55]  eta: 0:00:39  lr: 0.000039  min_lr: 0.000039  loss: 0.4406 (0.4417)  loss_scale: 1048576.0000 (1048576.0000)  weight_decay: 0.0500 (0.0500)  grad_norm: 0.6005 (0.6318)  time: 0.7698  data: 0.4212  max mem: 11583
Epoch: [282]  [30/55]  eta: 0:00:25  lr: 0.000039  min_lr: 0.000039  loss: 0.4410 (0.4412)  loss_scale: 1048576.0000 (1048576.0000)  weight_decay: 0.0500 (0.0500)  grad_norm: 0.5723 (0.6214)  time: 0.8145  data: 0.4597  max mem: 11583
Epoch: [282]  [40/55]  eta: 0:00:14  lr: 0.000039  min_lr: 0.000039  loss: 0.4369 (0.4401)  loss_scale: 1048576.0000 (1048576.0000)  weight_decay: 0.0500 (0.0500)  grad_norm: 0.6485 (0.6496)  time: 0.8320  data: 0.4652  max mem: 11583
Epoch: [282]  [50/55]  eta: 0:00:04  lr: 0.000039  min_lr: 0.000039  loss: 0.4371 (0.4405)  loss_scale: 1048576.0000 (1048576.0000)  weight_decay: 0.0500 (0.0500)  grad_norm: 0.6485 (0.6492)  time: 0.7980  data: 0.4403  max mem: 11583
Epoch: [282]  [54/55]  eta: 0:00:00  lr: 0.000039  min_lr: 0.000039  loss: 0.4391 (0.4408)  loss_scale: 1048576.0000 (1048576.0000)  weight_decay: 0.0500 (0.0500)  grad_norm: 0.6348 (0.6438)  time: 0.7941  data: 0.4401  max mem: 11583
Epoch: [282] Total time: 0:00:49 (0.8961 s / it)
Averaged stats: lr: 0.000039  min_lr: 0.000039  loss: 0.4391 (0.4408)  loss_scale: 1048576.0000 (1048576.0000)  weight_decay: 0.0500 (0.0500)  grad_norm: 0.6348 (0.6438)
Epoch: [283]  [ 0/55]  eta: 0:07:35  lr: 0.000039  min_lr: 0.000039  loss: 0.4336 (0.4336)  loss_scale: 1048576.0000 (1048576.0000)  weight_decay: 0.0500 (0.0500)  grad_norm: 0.7302 (0.7302)  time: 8.2834  data: 7.8783  max mem: 11583
Epoch: [283]  [10/55]  eta: 0:01:05  lr: 0.000039  min_lr: 0.000039  loss: 0.4414 (0.4435)  loss_scale: 1048576.0000 (1048576.0000)  weight_decay: 0.0500 (0.0500)  grad_norm: 0.6747 (0.7362)  time: 1.4647  data: 1.0957  max mem: 11583
Epoch: [283]  [20/55]  eta: 0:00:39  lr: 0.000039  min_lr: 0.000039  loss: 0.4432 (0.4435)  loss_scale: 1048576.0000 (1048576.0000)  weight_decay: 0.0500 (0.0500)  grad_norm: 0.6828 (0.7163)  time: 0.7818  data: 0.4215  max mem: 11583
Epoch: [283]  [30/55]  eta: 0:00:26  lr: 0.000039  min_lr: 0.000039  loss: 0.4434 (0.4441)  loss_scale: 1048576.0000 (1048576.0000)  weight_decay: 0.0500 (0.0500)  grad_norm: 0.6828 (0.6962)  time: 0.8243  data: 0.4656  max mem: 11583
Epoch: [283]  [40/55]  eta: 0:00:14  lr: 0.000039  min_lr: 0.000039  loss: 0.4387 (0.4420)  loss_scale: 1048576.0000 (1048576.0000)  weight_decay: 0.0500 (0.0500)  grad_norm: 0.6679 (0.6902)  time: 0.8424  data: 0.4832  max mem: 11583
Epoch: [283]  [50/55]  eta: 0:00:04  lr: 0.000038  min_lr: 0.000038  loss: 0.4360 (0.4419)  loss_scale: 1048576.0000 (1048576.0000)  weight_decay: 0.0500 (0.0500)  grad_norm: 0.6193 (0.6758)  time: 0.8242  data: 0.4678  max mem: 11583
Epoch: [283]  [54/55]  eta: 0:00:00  lr: 0.000038  min_lr: 0.000038  loss: 0.4387 (0.4421)  loss_scale: 1048576.0000 (1048576.0000)  weight_decay: 0.0500 (0.0500)  grad_norm: 0.5969 (0.6659)  time: 0.8125  data: 0.4551  max mem: 11583
Epoch: [283] Total time: 0:00:50 (0.9245 s / it)
Averaged stats: lr: 0.000038  min_lr: 0.000038  loss: 0.4387 (0.4421)  loss_scale: 1048576.0000 (1048576.0000)  weight_decay: 0.0500 (0.0500)  grad_norm: 0.5969 (0.6659)
Epoch: [284]  [ 0/55]  eta: 0:07:00  lr: 0.000038  min_lr: 0.000038  loss: 0.4347 (0.4347)  loss_scale: 1048576.0000 (1048576.0000)  weight_decay: 0.0500 (0.0500)  grad_norm: 0.5756 (0.5756)  time: 7.6435  data: 7.3641  max mem: 11583
Epoch: [284]  [10/55]  eta: 0:01:06  lr: 0.000038  min_lr: 0.000038  loss: 0.4392 (0.4427)  loss_scale: 1048576.0000 (1048576.0000)  weight_decay: 0.0500 (0.0500)  grad_norm: 0.6087 (0.6104)  time: 1.4811  data: 1.1331  max mem: 11583
Epoch: [284]  [20/55]  eta: 0:00:40  lr: 0.000038  min_lr: 0.000038  loss: 0.4418 (0.4430)  loss_scale: 1048576.0000 (1048576.0000)  weight_decay: 0.0500 (0.0500)  grad_norm: 0.6087 (0.6192)  time: 0.8239  data: 0.4628  max mem: 11583
Epoch: [284]  [30/55]  eta: 0:00:26  lr: 0.000038  min_lr: 0.000038  loss: 0.4418 (0.4428)  loss_scale: 1048576.0000 (1048576.0000)  weight_decay: 0.0500 (0.0500)  grad_norm: 0.5878 (0.6185)  time: 0.8048  data: 0.4449  max mem: 11583
Epoch: [284]  [40/55]  eta: 0:00:14  lr: 0.000038  min_lr: 0.000038  loss: 0.4399 (0.4419)  loss_scale: 1048576.0000 (1048576.0000)  weight_decay: 0.0500 (0.0500)  grad_norm: 0.6270 (0.6241)  time: 0.8154  data: 0.4564  max mem: 11583
Epoch: [284]  [50/55]  eta: 0:00:04  lr: 0.000038  min_lr: 0.000038  loss: 0.4410 (0.4425)  loss_scale: 1048576.0000 (1048576.0000)  weight_decay: 0.0500 (0.0500)  grad_norm: 0.6515 (0.6328)  time: 0.7881  data: 0.4395  max mem: 11583
Epoch: [284]  [54/55]  eta: 0:00:00  lr: 0.000038  min_lr: 0.000038  loss: 0.4412 (0.4427)  loss_scale: 1048576.0000 (1048576.0000)  weight_decay: 0.0500 (0.0500)  grad_norm: 0.6204 (0.6250)  time: 0.7897  data: 0.4537  max mem: 11583
Epoch: [284] Total time: 0:00:50 (0.9102 s / it)
Averaged stats: lr: 0.000038  min_lr: 0.000038  loss: 0.4412 (0.4427)  loss_scale: 1048576.0000 (1048576.0000)  weight_decay: 0.0500 (0.0500)  grad_norm: 0.6204 (0.6250)
Epoch: [285]  [ 0/55]  eta: 0:07:18  lr: 0.000038  min_lr: 0.000038  loss: 0.4357 (0.4357)  loss_scale: 1048576.0000 (1048576.0000)  weight_decay: 0.0500 (0.0500)  grad_norm: 0.6060 (0.6060)  time: 7.9749  data: 7.5050  max mem: 11583
Epoch: [285]  [10/55]  eta: 0:01:04  lr: 0.000038  min_lr: 0.000038  loss: 0.4394 (0.4411)  loss_scale: 1048576.0000 (1048576.0000)  weight_decay: 0.0500 (0.0500)  grad_norm: 0.6397 (0.6655)  time: 1.4341  data: 1.0548  max mem: 11583
Epoch: [285]  [20/55]  eta: 0:00:39  lr: 0.000038  min_lr: 0.000038  loss: 0.4431 (0.4423)  loss_scale: 1048576.0000 (1048576.0000)  weight_decay: 0.0500 (0.0500)  grad_norm: 0.6397 (0.6510)  time: 0.7855  data: 0.4187  max mem: 11583
Epoch: [285]  [30/55]  eta: 0:00:25  lr: 0.000038  min_lr: 0.000038  loss: 0.4439 (0.4428)  loss_scale: 1048576.0000 (1048576.0000)  weight_decay: 0.0500 (0.0500)  grad_norm: 0.6377 (0.6522)  time: 0.8070  data: 0.4438  max mem: 11583
Epoch: [285]  [40/55]  eta: 0:00:14  lr: 0.000038  min_lr: 0.000038  loss: 0.4395 (0.4411)  loss_scale: 1048576.0000 (1048576.0000)  weight_decay: 0.0500 (0.0500)  grad_norm: 0.6364 (0.6579)  time: 0.8604  data: 0.4886  max mem: 11583
Epoch: [285]  [50/55]  eta: 0:00:04  lr: 0.000038  min_lr: 0.000038  loss: 0.4380 (0.4413)  loss_scale: 1048576.0000 (1048576.0000)  weight_decay: 0.0500 (0.0500)  grad_norm: 0.6364 (0.6540)  time: 0.8428  data: 0.4792  max mem: 11583
Epoch: [285]  [54/55]  eta: 0:00:00  lr: 0.000038  min_lr: 0.000038  loss: 0.4391 (0.4415)  loss_scale: 1048576.0000 (1048576.0000)  weight_decay: 0.0500 (0.0500)  grad_norm: 0.6364 (0.6505)  time: 0.8131  data: 0.4601  max mem: 11583
Epoch: [285] Total time: 0:00:50 (0.9216 s / it)
Averaged stats: lr: 0.000038  min_lr: 0.000038  loss: 0.4391 (0.4415)  loss_scale: 1048576.0000 (1048576.0000)  weight_decay: 0.0500 (0.0500)  grad_norm: 0.6364 (0.6505)
Epoch: [286]  [ 0/55]  eta: 0:07:35  lr: 0.000037  min_lr: 0.000037  loss: 0.4361 (0.4361)  loss_scale: 1048576.0000 (1048576.0000)  weight_decay: 0.0500 (0.0500)  grad_norm: 0.6396 (0.6396)  time: 8.2763  data: 7.8880  max mem: 11583
Epoch: [286]  [10/55]  eta: 0:01:06  lr: 0.000037  min_lr: 0.000037  loss: 0.4374 (0.4394)  loss_scale: 1048576.0000 (1048576.0000)  weight_decay: 0.0500 (0.0500)  grad_norm: 0.6396 (0.6376)  time: 1.4867  data: 1.1213  max mem: 11583
Epoch: [286]  [20/55]  eta: 0:00:41  lr: 0.000037  min_lr: 0.000037  loss: 0.4404 (0.4409)  loss_scale: 1048576.0000 (1048576.0000)  weight_decay: 0.0500 (0.0500)  grad_norm: 0.6565 (0.6599)  time: 0.8207  data: 0.4481  max mem: 11583
Epoch: [286]  [30/55]  eta: 0:00:26  lr: 0.000037  min_lr: 0.000037  loss: 0.4359 (0.4395)  loss_scale: 1048576.0000 (1048576.0000)  weight_decay: 0.0500 (0.0500)  grad_norm: 0.6689 (0.6535)  time: 0.8069  data: 0.4370  max mem: 11583
Epoch: [286]  [40/55]  eta: 0:00:14  lr: 0.000037  min_lr: 0.000037  loss: 0.4359 (0.4397)  loss_scale: 1048576.0000 (1048576.0000)  weight_decay: 0.0500 (0.0500)  grad_norm: 0.6046 (0.6376)  time: 0.8051  data: 0.4419  max mem: 11583
Epoch: [286]  [50/55]  eta: 0:00:04  lr: 0.000037  min_lr: 0.000037  loss: 0.4393 (0.4409)  loss_scale: 1048576.0000 (1048576.0000)  weight_decay: 0.0500 (0.0500)  grad_norm: 0.5963 (0.6318)  time: 0.8015  data: 0.4431  max mem: 11583
Epoch: [286]  [54/55]  eta: 0:00:00  lr: 0.000037  min_lr: 0.000037  loss: 0.4393 (0.4410)  loss_scale: 1048576.0000 (1048576.0000)  weight_decay: 0.0500 (0.0500)  grad_norm: 0.5963 (0.6347)  time: 0.7979  data: 0.4428  max mem: 11583
Epoch: [286] Total time: 0:00:50 (0.9125 s / it)
Averaged stats: lr: 0.000037  min_lr: 0.000037  loss: 0.4393 (0.4410)  loss_scale: 1048576.0000 (1048576.0000)  weight_decay: 0.0500 (0.0500)  grad_norm: 0.5963 (0.6347)
Epoch: [287]  [ 0/55]  eta: 0:07:24  lr: 0.000037  min_lr: 0.000037  loss: 0.4261 (0.4261)  loss_scale: 1048576.0000 (1048576.0000)  weight_decay: 0.0500 (0.0500)  grad_norm: 0.7031 (0.7031)  time: 8.0824  data: 7.6459  max mem: 11583
Epoch: [287]  [10/55]  eta: 0:01:05  lr: 0.000037  min_lr: 0.000037  loss: 0.4402 (0.4397)  loss_scale: 1048576.0000 (1048576.0000)  weight_decay: 0.0500 (0.0500)  grad_norm: 0.7390 (0.7440)  time: 1.4469  data: 1.0694  max mem: 11583
Epoch: [287]  [20/55]  eta: 0:00:39  lr: 0.000037  min_lr: 0.000037  loss: 0.4402 (0.4395)  loss_scale: 1048576.0000 (1048576.0000)  weight_decay: 0.0500 (0.0500)  grad_norm: 0.7390 (0.7572)  time: 0.7831  data: 0.4166  max mem: 11583
Epoch: [287]  [30/55]  eta: 0:00:25  lr: 0.000037  min_lr: 0.000037  loss: 0.4381 (0.4397)  loss_scale: 1048576.0000 (1048576.0000)  weight_decay: 0.0500 (0.0500)  grad_norm: 0.6628 (0.7246)  time: 0.8112  data: 0.4723  max mem: 11583
Epoch: [287]  [40/55]  eta: 0:00:14  lr: 0.000037  min_lr: 0.000037  loss: 0.4398 (0.4402)  loss_scale: 1048576.0000 (1048576.0000)  weight_decay: 0.0500 (0.0500)  grad_norm: 0.6580 (0.7321)  time: 0.8145  data: 0.4809  max mem: 11583
Epoch: [287]  [50/55]  eta: 0:00:04  lr: 0.000037  min_lr: 0.000037  loss: 0.4413 (0.4401)  loss_scale: 1048576.0000 (976614.9020)  weight_decay: 0.0500 (0.0500)  grad_norm: nan (nan)  time: 0.7877  data: 0.4380  max mem: 11583
Epoch: [287]  [54/55]  eta: 0:00:00  lr: 0.000037  min_lr: 0.000037  loss: 0.4396 (0.4400)  loss_scale: 524288.0000 (943718.4000)  weight_decay: 0.0500 (0.0500)  grad_norm: nan (nan)  time: 0.7594  data: 0.4124  max mem: 11583
Epoch: [287] Total time: 0:00:49 (0.8981 s / it)
Averaged stats: lr: 0.000037  min_lr: 0.000037  loss: 0.4396 (0.4400)  loss_scale: 524288.0000 (943718.4000)  weight_decay: 0.0500 (0.0500)  grad_norm: nan (nan)
Epoch: [288]  [ 0/55]  eta: 0:07:15  lr: 0.000037  min_lr: 0.000037  loss: 0.4298 (0.4298)  loss_scale: 524288.0000 (524288.0000)  weight_decay: 0.0500 (0.0500)  grad_norm: 0.5600 (0.5600)  time: 7.9129  data: 7.5170  max mem: 11583
Epoch: [288]  [10/55]  eta: 0:01:05  lr: 0.000037  min_lr: 0.000037  loss: 0.4412 (0.4397)  loss_scale: 524288.0000 (524288.0000)  weight_decay: 0.0500 (0.0500)  grad_norm: 0.6611 (0.6448)  time: 1.4644  data: 1.1021  max mem: 11583
Epoch: [288]  [20/55]  eta: 0:00:39  lr: 0.000036  min_lr: 0.000036  loss: 0.4408 (0.4408)  loss_scale: 524288.0000 (524288.0000)  weight_decay: 0.0500 (0.0500)  grad_norm: 0.6611 (0.6412)  time: 0.7976  data: 0.4359  max mem: 11583
Epoch: [288]  [30/55]  eta: 0:00:26  lr: 0.000036  min_lr: 0.000036  loss: 0.4390 (0.4406)  loss_scale: 524288.0000 (524288.0000)  weight_decay: 0.0500 (0.0500)  grad_norm: 0.6554 (0.6838)  time: 0.8149  data: 0.4524  max mem: 11583
Epoch: [288]  [40/55]  eta: 0:00:14  lr: 0.000036  min_lr: 0.000036  loss: 0.4380 (0.4401)  loss_scale: 524288.0000 (524288.0000)  weight_decay: 0.0500 (0.0500)  grad_norm: 0.7013 (0.6942)  time: 0.8298  data: 0.4721  max mem: 11583
Epoch: [288]  [50/55]  eta: 0:00:04  lr: 0.000036  min_lr: 0.000036  loss: 0.4383 (0.4410)  loss_scale: 524288.0000 (524288.0000)  weight_decay: 0.0500 (0.0500)  grad_norm: 0.7034 (0.6917)  time: 0.7927  data: 0.4410  max mem: 11583
Epoch: [288]  [54/55]  eta: 0:00:00  lr: 0.000036  min_lr: 0.000036  loss: 0.4386 (0.4410)  loss_scale: 524288.0000 (524288.0000)  weight_decay: 0.0500 (0.0500)  grad_norm: 0.7013 (0.6903)  time: 0.7702  data: 0.4209  max mem: 11583
Epoch: [288] Total time: 0:00:49 (0.9044 s / it)
Averaged stats: lr: 0.000036  min_lr: 0.000036  loss: 0.4386 (0.4410)  loss_scale: 524288.0000 (524288.0000)  weight_decay: 0.0500 (0.0500)  grad_norm: 0.7013 (0.6903)
Epoch: [289]  [ 0/55]  eta: 0:07:19  lr: 0.000036  min_lr: 0.000036  loss: 0.4384 (0.4384)  loss_scale: 524288.0000 (524288.0000)  weight_decay: 0.0500 (0.0500)  grad_norm: 0.6947 (0.6947)  time: 7.9924  data: 7.6057  max mem: 11583
Epoch: [289]  [10/55]  eta: 0:01:04  lr: 0.000036  min_lr: 0.000036  loss: 0.4384 (0.4414)  loss_scale: 524288.0000 (524288.0000)  weight_decay: 0.0500 (0.0500)  grad_norm: 0.6793 (0.7558)  time: 1.4269  data: 1.0729  max mem: 11583
Epoch: [289]  [20/55]  eta: 0:00:40  lr: 0.000036  min_lr: 0.000036  loss: 0.4374 (0.4401)  loss_scale: 524288.0000 (524288.0000)  weight_decay: 0.0500 (0.0500)  grad_norm: 0.6382 (0.6811)  time: 0.8295  data: 0.4614  max mem: 11583
Epoch: [289]  [30/55]  eta: 0:00:26  lr: 0.000036  min_lr: 0.000036  loss: 0.4374 (0.4397)  loss_scale: 524288.0000 (524288.0000)  weight_decay: 0.0500 (0.0500)  grad_norm: 0.5946 (0.6745)  time: 0.8475  data: 0.4713  max mem: 11583
Epoch: [289]  [40/55]  eta: 0:00:14  lr: 0.000036  min_lr: 0.000036  loss: 0.4396 (0.4398)  loss_scale: 524288.0000 (524288.0000)  weight_decay: 0.0500 (0.0500)  grad_norm: 0.5741 (0.6569)  time: 0.8186  data: 0.4574  max mem: 11583
Epoch: [289]  [50/55]  eta: 0:00:04  lr: 0.000036  min_lr: 0.000036  loss: 0.4419 (0.4404)  loss_scale: 524288.0000 (524288.0000)  weight_decay: 0.0500 (0.0500)  grad_norm: 0.6038 (0.6597)  time: 0.8122  data: 0.4584  max mem: 11583
Epoch: [289]  [54/55]  eta: 0:00:00  lr: 0.000036  min_lr: 0.000036  loss: 0.4419 (0.4407)  loss_scale: 524288.0000 (524288.0000)  weight_decay: 0.0500 (0.0500)  grad_norm: 0.5921 (0.6536)  time: 0.7991  data: 0.4470  max mem: 11583
Epoch: [289] Total time: 0:00:50 (0.9155 s / it)
Averaged stats: lr: 0.000036  min_lr: 0.000036  loss: 0.4419 (0.4407)  loss_scale: 524288.0000 (524288.0000)  weight_decay: 0.0500 (0.0500)  grad_norm: 0.5921 (0.6536)
Epoch: [290]  [ 0/55]  eta: 0:07:49  lr: 0.000036  min_lr: 0.000036  loss: 0.4313 (0.4313)  loss_scale: 524288.0000 (524288.0000)  weight_decay: 0.0500 (0.0500)  grad_norm: 0.6859 (0.6859)  time: 8.5343  data: 8.1141  max mem: 11583
Epoch: [290]  [10/55]  eta: 0:01:07  lr: 0.000036  min_lr: 0.000036  loss: 0.4382 (0.4386)  loss_scale: 524288.0000 (524288.0000)  weight_decay: 0.0500 (0.0500)  grad_norm: 0.6859 (0.6787)  time: 1.4956  data: 1.1292  max mem: 11583
Epoch: [290]  [20/55]  eta: 0:00:41  lr: 0.000036  min_lr: 0.000036  loss: 0.4382 (0.4394)  loss_scale: 524288.0000 (524288.0000)  weight_decay: 0.0500 (0.0500)  grad_norm: 0.6868 (0.7149)  time: 0.8055  data: 0.4456  max mem: 11583
Epoch: [290]  [30/55]  eta: 0:00:26  lr: 0.000035  min_lr: 0.000035  loss: 0.4406 (0.4408)  loss_scale: 524288.0000 (524288.0000)  weight_decay: 0.0500 (0.0500)  grad_norm: 0.6779 (0.6964)  time: 0.8122  data: 0.4592  max mem: 11583
Epoch: [290]  [40/55]  eta: 0:00:14  lr: 0.000035  min_lr: 0.000035  loss: 0.4378 (0.4395)  loss_scale: 524288.0000 (524288.0000)  weight_decay: 0.0500 (0.0500)  grad_norm: 0.6498 (0.6847)  time: 0.8150  data: 0.4639  max mem: 11583
Epoch: [290]  [50/55]  eta: 0:00:04  lr: 0.000035  min_lr: 0.000035  loss: 0.4378 (0.4397)  loss_scale: 524288.0000 (524288.0000)  weight_decay: 0.0500 (0.0500)  grad_norm: 0.6010 (0.6619)  time: 0.8376  data: 0.4818  max mem: 11583
Epoch: [290]  [54/55]  eta: 0:00:00  lr: 0.000035  min_lr: 0.000035  loss: 0.4392 (0.4396)  loss_scale: 524288.0000 (524288.0000)  weight_decay: 0.0500 (0.0500)  grad_norm: 0.5855 (0.6576)  time: 0.8349  data: 0.4817  max mem: 11583
Epoch: [290] Total time: 0:00:50 (0.9258 s / it)
Averaged stats: lr: 0.000035  min_lr: 0.000035  loss: 0.4392 (0.4396)  loss_scale: 524288.0000 (524288.0000)  weight_decay: 0.0500 (0.0500)  grad_norm: 0.5855 (0.6576)
Epoch: [291]  [ 0/55]  eta: 0:07:26  lr: 0.000035  min_lr: 0.000035  loss: 0.4379 (0.4379)  loss_scale: 524288.0000 (524288.0000)  weight_decay: 0.0500 (0.0500)  grad_norm: 0.4997 (0.4997)  time: 8.1115  data: 7.7134  max mem: 11583
Epoch: [291]  [10/55]  eta: 0:01:04  lr: 0.000035  min_lr: 0.000035  loss: 0.4379 (0.4383)  loss_scale: 524288.0000 (524288.0000)  weight_decay: 0.0500 (0.0500)  grad_norm: 0.5960 (0.6004)  time: 1.4391  data: 1.0708  max mem: 11583
Epoch: [291]  [20/55]  eta: 0:00:39  lr: 0.000035  min_lr: 0.000035  loss: 0.4385 (0.4396)  loss_scale: 524288.0000 (524288.0000)  weight_decay: 0.0500 (0.0500)  grad_norm: 0.5874 (0.5932)  time: 0.7698  data: 0.4017  max mem: 11583
Epoch: [291]  [30/55]  eta: 0:00:25  lr: 0.000035  min_lr: 0.000035  loss: 0.4427 (0.4409)  loss_scale: 524288.0000 (524288.0000)  weight_decay: 0.0500 (0.0500)  grad_norm: 0.6369 (0.6246)  time: 0.8115  data: 0.4454  max mem: 11583
Epoch: [291]  [40/55]  eta: 0:00:14  lr: 0.000035  min_lr: 0.000035  loss: 0.4394 (0.4403)  loss_scale: 524288.0000 (524288.0000)  weight_decay: 0.0500 (0.0500)  grad_norm: 0.6735 (0.6404)  time: 0.8304  data: 0.4704  max mem: 11583
Epoch: [291]  [50/55]  eta: 0:00:04  lr: 0.000035  min_lr: 0.000035  loss: 0.4393 (0.4406)  loss_scale: 524288.0000 (524288.0000)  weight_decay: 0.0500 (0.0500)  grad_norm: 0.6963 (0.6538)  time: 0.8026  data: 0.4472  max mem: 11583
Epoch: [291]  [54/55]  eta: 0:00:00  lr: 0.000035  min_lr: 0.000035  loss: 0.4394 (0.4406)  loss_scale: 524288.0000 (524288.0000)  weight_decay: 0.0500 (0.0500)  grad_norm: 0.6782 (0.6540)  time: 0.7863  data: 0.4352  max mem: 11583
Epoch: [291] Total time: 0:00:50 (0.9132 s / it)
Averaged stats: lr: 0.000035  min_lr: 0.000035  loss: 0.4394 (0.4406)  loss_scale: 524288.0000 (524288.0000)  weight_decay: 0.0500 (0.0500)  grad_norm: 0.6782 (0.6540)
Epoch: [292]  [ 0/55]  eta: 0:07:39  lr: 0.000035  min_lr: 0.000035  loss: 0.4227 (0.4227)  loss_scale: 524288.0000 (524288.0000)  weight_decay: 0.0500 (0.0500)  grad_norm: 0.5990 (0.5990)  time: 8.3577  data: 7.9343  max mem: 11583
Epoch: [292]  [10/55]  eta: 0:01:04  lr: 0.000035  min_lr: 0.000035  loss: 0.4392 (0.4379)  loss_scale: 524288.0000 (524288.0000)  weight_decay: 0.0500 (0.0500)  grad_norm: 0.5731 (0.5642)  time: 1.4238  data: 1.0747  max mem: 11583
Epoch: [292]  [20/55]  eta: 0:00:39  lr: 0.000035  min_lr: 0.000035  loss: 0.4409 (0.4392)  loss_scale: 524288.0000 (524288.0000)  weight_decay: 0.0500 (0.0500)  grad_norm: 0.5884 (0.6034)  time: 0.7765  data: 0.4324  max mem: 11583
Epoch: [292]  [30/55]  eta: 0:00:25  lr: 0.000035  min_lr: 0.000035  loss: 0.4420 (0.4399)  loss_scale: 524288.0000 (524288.0000)  weight_decay: 0.0500 (0.0500)  grad_norm: 0.6216 (0.6138)  time: 0.8092  data: 0.4578  max mem: 11583
Epoch: [292]  [40/55]  eta: 0:00:14  lr: 0.000035  min_lr: 0.000035  loss: 0.4358 (0.4384)  loss_scale: 524288.0000 (524288.0000)  weight_decay: 0.0500 (0.0500)  grad_norm: 0.6435 (0.6429)  time: 0.8350  data: 0.4669  max mem: 11583
Epoch: [292]  [50/55]  eta: 0:00:04  lr: 0.000034  min_lr: 0.000034  loss: 0.4347 (0.4386)  loss_scale: 524288.0000 (524288.0000)  weight_decay: 0.0500 (0.0500)  grad_norm: 0.6051 (0.6270)  time: 0.8295  data: 0.4659  max mem: 11583
Epoch: [292]  [54/55]  eta: 0:00:00  lr: 0.000034  min_lr: 0.000034  loss: 0.4393 (0.4391)  loss_scale: 524288.0000 (524288.0000)  weight_decay: 0.0500 (0.0500)  grad_norm: 0.5592 (0.6198)  time: 0.8060  data: 0.4490  max mem: 11583
Epoch: [292] Total time: 0:00:49 (0.9075 s / it)
Averaged stats: lr: 0.000034  min_lr: 0.000034  loss: 0.4393 (0.4391)  loss_scale: 524288.0000 (524288.0000)  weight_decay: 0.0500 (0.0500)  grad_norm: 0.5592 (0.6198)
Epoch: [293]  [ 0/55]  eta: 0:07:36  lr: 0.000034  min_lr: 0.000034  loss: 0.4265 (0.4265)  loss_scale: 524288.0000 (524288.0000)  weight_decay: 0.0500 (0.0500)  grad_norm: 0.5658 (0.5658)  time: 8.3081  data: 7.9068  max mem: 11583
Epoch: [293]  [10/55]  eta: 0:01:05  lr: 0.000034  min_lr: 0.000034  loss: 0.4373 (0.4363)  loss_scale: 524288.0000 (524288.0000)  weight_decay: 0.0500 (0.0500)  grad_norm: 0.5948 (0.6264)  time: 1.4543  data: 1.0942  max mem: 11583
Epoch: [293]  [20/55]  eta: 0:00:39  lr: 0.000034  min_lr: 0.000034  loss: 0.4373 (0.4381)  loss_scale: 524288.0000 (524288.0000)  weight_decay: 0.0500 (0.0500)  grad_norm: 0.6406 (0.6616)  time: 0.7810  data: 0.4236  max mem: 11583
Epoch: [293]  [30/55]  eta: 0:00:25  lr: 0.000034  min_lr: 0.000034  loss: 0.4397 (0.4387)  loss_scale: 524288.0000 (524288.0000)  weight_decay: 0.0500 (0.0500)  grad_norm: 0.6527 (0.6534)  time: 0.8087  data: 0.4480  max mem: 11583
Epoch: [293]  [40/55]  eta: 0:00:14  lr: 0.000034  min_lr: 0.000034  loss: 0.4334 (0.4374)  loss_scale: 524288.0000 (524288.0000)  weight_decay: 0.0500 (0.0500)  grad_norm: 0.6210 (0.6552)  time: 0.8215  data: 0.4603  max mem: 11583
Epoch: [293]  [50/55]  eta: 0:00:04  lr: 0.000034  min_lr: 0.000034  loss: 0.4334 (0.4380)  loss_scale: 524288.0000 (524288.0000)  weight_decay: 0.0500 (0.0500)  grad_norm: 0.5647 (0.6305)  time: 0.8072  data: 0.4551  max mem: 11583
Epoch: [293]  [54/55]  eta: 0:00:00  lr: 0.000034  min_lr: 0.000034  loss: 0.4383 (0.4382)  loss_scale: 524288.0000 (524288.0000)  weight_decay: 0.0500 (0.0500)  grad_norm: 0.5647 (0.6267)  time: 0.7978  data: 0.4490  max mem: 11583
Epoch: [293] Total time: 0:00:51 (0.9376 s / it)
Averaged stats: lr: 0.000034  min_lr: 0.000034  loss: 0.4383 (0.4382)  loss_scale: 524288.0000 (524288.0000)  weight_decay: 0.0500 (0.0500)  grad_norm: 0.5647 (0.6267)
Epoch: [294]  [ 0/55]  eta: 0:07:48  lr: 0.000034  min_lr: 0.000034  loss: 0.4246 (0.4246)  loss_scale: 524288.0000 (524288.0000)  weight_decay: 0.0500 (0.0500)  grad_norm: 0.7062 (0.7062)  time: 8.5092  data: 8.1053  max mem: 11583
Epoch: [294]  [10/55]  eta: 0:01:05  lr: 0.000034  min_lr: 0.000034  loss: 0.4388 (0.4378)  loss_scale: 524288.0000 (524288.0000)  weight_decay: 0.0500 (0.0500)  grad_norm: 0.5699 (0.5797)  time: 1.4508  data: 1.0880  max mem: 11583
Epoch: [294]  [20/55]  eta: 0:00:39  lr: 0.000034  min_lr: 0.000034  loss: 0.4397 (0.4388)  loss_scale: 524288.0000 (524288.0000)  weight_decay: 0.0500 (0.0500)  grad_norm: 0.5702 (0.5928)  time: 0.7506  data: 0.3951  max mem: 11583
Epoch: [294]  [30/55]  eta: 0:00:25  lr: 0.000034  min_lr: 0.000034  loss: 0.4398 (0.4397)  loss_scale: 524288.0000 (524288.0000)  weight_decay: 0.0500 (0.0500)  grad_norm: 0.6521 (0.6336)  time: 0.7911  data: 0.4358  max mem: 11583
Epoch: [294]  [40/55]  eta: 0:00:14  lr: 0.000034  min_lr: 0.000034  loss: 0.4383 (0.4390)  loss_scale: 524288.0000 (524288.0000)  weight_decay: 0.0500 (0.0500)  grad_norm: 0.7226 (0.6630)  time: 0.8094  data: 0.4496  max mem: 11583
Epoch: [294]  [50/55]  eta: 0:00:04  lr: 0.000034  min_lr: 0.000034  loss: 0.4368 (0.4392)  loss_scale: 524288.0000 (524288.0000)  weight_decay: 0.0500 (0.0500)  grad_norm: 0.7304 (0.6675)  time: 0.7864  data: 0.4316  max mem: 11583
Epoch: [294]  [54/55]  eta: 0:00:00  lr: 0.000034  min_lr: 0.000034  loss: 0.4383 (0.4395)  loss_scale: 524288.0000 (524288.0000)  weight_decay: 0.0500 (0.0500)  grad_norm: 0.7304 (0.6668)  time: 0.7937  data: 0.4388  max mem: 11583
Epoch: [294] Total time: 0:00:50 (0.9143 s / it)
Averaged stats: lr: 0.000034  min_lr: 0.000034  loss: 0.4383 (0.4395)  loss_scale: 524288.0000 (524288.0000)  weight_decay: 0.0500 (0.0500)  grad_norm: 0.7304 (0.6668)
Epoch: [295]  [ 0/55]  eta: 0:07:16  lr: 0.000034  min_lr: 0.000034  loss: 0.4314 (0.4314)  loss_scale: 524288.0000 (524288.0000)  weight_decay: 0.0500 (0.0500)  grad_norm: 0.5648 (0.5648)  time: 7.9402  data: 7.5586  max mem: 11583
Epoch: [295]  [10/55]  eta: 0:01:07  lr: 0.000034  min_lr: 0.000034  loss: 0.4437 (0.4402)  loss_scale: 524288.0000 (524288.0000)  weight_decay: 0.0500 (0.0500)  grad_norm: 0.6027 (0.6467)  time: 1.4935  data: 1.1166  max mem: 11583
Epoch: [295]  [20/55]  eta: 0:00:40  lr: 0.000033  min_lr: 0.000033  loss: 0.4414 (0.4394)  loss_scale: 524288.0000 (524288.0000)  weight_decay: 0.0500 (0.0500)  grad_norm: 0.6044 (0.6504)  time: 0.8168  data: 0.4445  max mem: 11583
Epoch: [295]  [30/55]  eta: 0:00:26  lr: 0.000033  min_lr: 0.000033  loss: 0.4416 (0.4406)  loss_scale: 524288.0000 (524288.0000)  weight_decay: 0.0500 (0.0500)  grad_norm: 0.6203 (0.6410)  time: 0.8050  data: 0.4403  max mem: 11583
Epoch: [295]  [40/55]  eta: 0:00:14  lr: 0.000033  min_lr: 0.000033  loss: 0.4416 (0.4397)  loss_scale: 524288.0000 (524288.0000)  weight_decay: 0.0500 (0.0500)  grad_norm: 0.5878 (0.6241)  time: 0.8153  data: 0.4525  max mem: 11583
Epoch: [295]  [50/55]  eta: 0:00:04  lr: 0.000033  min_lr: 0.000033  loss: 0.4374 (0.4396)  loss_scale: 524288.0000 (524288.0000)  weight_decay: 0.0500 (0.0500)  grad_norm: 0.5701 (0.6202)  time: 0.7812  data: 0.4269  max mem: 11583
Epoch: [295]  [54/55]  eta: 0:00:00  lr: 0.000033  min_lr: 0.000033  loss: 0.4374 (0.4398)  loss_scale: 524288.0000 (524288.0000)  weight_decay: 0.0500 (0.0500)  grad_norm: 0.5785 (0.6207)  time: 0.7808  data: 0.4308  max mem: 11583
Epoch: [295] Total time: 0:00:50 (0.9106 s / it)
Averaged stats: lr: 0.000033  min_lr: 0.000033  loss: 0.4374 (0.4398)  loss_scale: 524288.0000 (524288.0000)  weight_decay: 0.0500 (0.0500)  grad_norm: 0.5785 (0.6207)
Epoch: [296]  [ 0/55]  eta: 0:07:29  lr: 0.000033  min_lr: 0.000033  loss: 0.4346 (0.4346)  loss_scale: 524288.0000 (524288.0000)  weight_decay: 0.0500 (0.0500)  grad_norm: 0.5542 (0.5542)  time: 8.1731  data: 7.7832  max mem: 11583
Epoch: [296]  [10/55]  eta: 0:01:05  lr: 0.000033  min_lr: 0.000033  loss: 0.4392 (0.4390)  loss_scale: 524288.0000 (524288.0000)  weight_decay: 0.0500 (0.0500)  grad_norm: 0.6552 (0.6646)  time: 1.4603  data: 1.1029  max mem: 11583
Epoch: [296]  [20/55]  eta: 0:00:40  lr: 0.000033  min_lr: 0.000033  loss: 0.4392 (0.4398)  loss_scale: 524288.0000 (524288.0000)  weight_decay: 0.0500 (0.0500)  grad_norm: 0.6742 (0.7200)  time: 0.8203  data: 0.5123  max mem: 11583
Epoch: [296]  [30/55]  eta: 0:00:26  lr: 0.000033  min_lr: 0.000033  loss: 0.4388 (0.4403)  loss_scale: 524288.0000 (524288.0000)  weight_decay: 0.0500 (0.0500)  grad_norm: 0.6665 (0.6913)  time: 0.8176  data: 0.5105  max mem: 11583
Epoch: [296]  [40/55]  eta: 0:00:15  lr: 0.000033  min_lr: 0.000033  loss: 0.4388 (0.4399)  loss_scale: 524288.0000 (524288.0000)  weight_decay: 0.0500 (0.0500)  grad_norm: 0.6665 (0.6822)  time: 0.8249  data: 0.4651  max mem: 11583
Epoch: [296]  [50/55]  eta: 0:00:04  lr: 0.000033  min_lr: 0.000033  loss: 0.4370 (0.4393)  loss_scale: 524288.0000 (524288.0000)  weight_decay: 0.0500 (0.0500)  grad_norm: 0.5974 (0.6679)  time: 0.8223  data: 0.4641  max mem: 11583
Epoch: [296]  [54/55]  eta: 0:00:00  lr: 0.000033  min_lr: 0.000033  loss: 0.4370 (0.4393)  loss_scale: 524288.0000 (524288.0000)  weight_decay: 0.0500 (0.0500)  grad_norm: 0.5974 (0.6618)  time: 0.8139  data: 0.4641  max mem: 11583
Epoch: [296] Total time: 0:00:50 (0.9137 s / it)
Averaged stats: lr: 0.000033  min_lr: 0.000033  loss: 0.4370 (0.4393)  loss_scale: 524288.0000 (524288.0000)  weight_decay: 0.0500 (0.0500)  grad_norm: 0.5974 (0.6618)
Epoch: [297]  [ 0/55]  eta: 0:07:27  lr: 0.000033  min_lr: 0.000033  loss: 0.4340 (0.4340)  loss_scale: 524288.0000 (524288.0000)  weight_decay: 0.0500 (0.0500)  grad_norm: 0.6460 (0.6460)  time: 8.1440  data: 7.7317  max mem: 11583
Epoch: [297]  [10/55]  eta: 0:01:04  lr: 0.000033  min_lr: 0.000033  loss: 0.4394 (0.4401)  loss_scale: 524288.0000 (524288.0000)  weight_decay: 0.0500 (0.0500)  grad_norm: 0.6787 (0.6676)  time: 1.4313  data: 1.0755  max mem: 11583
Epoch: [297]  [20/55]  eta: 0:00:39  lr: 0.000033  min_lr: 0.000033  loss: 0.4378 (0.4400)  loss_scale: 524288.0000 (524288.0000)  weight_decay: 0.0500 (0.0500)  grad_norm: 0.5631 (0.5966)  time: 0.7851  data: 0.4265  max mem: 11583
Epoch: [297]  [30/55]  eta: 0:00:25  lr: 0.000033  min_lr: 0.000033  loss: 0.4378 (0.4401)  loss_scale: 524288.0000 (524288.0000)  weight_decay: 0.0500 (0.0500)  grad_norm: 0.5609 (0.6016)  time: 0.7969  data: 0.4380  max mem: 11583
Epoch: [297]  [40/55]  eta: 0:00:14  lr: 0.000032  min_lr: 0.000032  loss: 0.4405 (0.4395)  loss_scale: 524288.0000 (524288.0000)  weight_decay: 0.0500 (0.0500)  grad_norm: 0.6051 (0.6044)  time: 0.7969  data: 0.4410  max mem: 11583
Epoch: [297]  [50/55]  eta: 0:00:04  lr: 0.000032  min_lr: 0.000032  loss: 0.4383 (0.4396)  loss_scale: 524288.0000 (524288.0000)  weight_decay: 0.0500 (0.0500)  grad_norm: 0.6178 (0.6172)  time: 0.7819  data: 0.4471  max mem: 11583
Epoch: [297]  [54/55]  eta: 0:00:00  lr: 0.000032  min_lr: 0.000032  loss: 0.4371 (0.4397)  loss_scale: 524288.0000 (524288.0000)  weight_decay: 0.0500 (0.0500)  grad_norm: 0.6321 (0.6206)  time: 0.7537  data: 0.4441  max mem: 11583
Epoch: [297] Total time: 0:00:48 (0.8878 s / it)
Averaged stats: lr: 0.000032  min_lr: 0.000032  loss: 0.4371 (0.4397)  loss_scale: 524288.0000 (524288.0000)  weight_decay: 0.0500 (0.0500)  grad_norm: 0.6321 (0.6206)
Epoch: [298]  [ 0/55]  eta: 0:07:19  lr: 0.000032  min_lr: 0.000032  loss: 0.4378 (0.4378)  loss_scale: 524288.0000 (524288.0000)  weight_decay: 0.0500 (0.0500)  grad_norm: 0.6497 (0.6497)  time: 7.9822  data: 7.5770  max mem: 11583
Epoch: [298]  [10/55]  eta: 0:01:05  lr: 0.000032  min_lr: 0.000032  loss: 0.4378 (0.4379)  loss_scale: 524288.0000 (524288.0000)  weight_decay: 0.0500 (0.0500)  grad_norm: 0.6197 (0.6218)  time: 1.4630  data: 1.0958  max mem: 11583
Epoch: [298]  [20/55]  eta: 0:00:39  lr: 0.000032  min_lr: 0.000032  loss: 0.4380 (0.4381)  loss_scale: 524288.0000 (524288.0000)  weight_decay: 0.0500 (0.0500)  grad_norm: 0.6197 (0.6466)  time: 0.7923  data: 0.4316  max mem: 11583
Epoch: [298]  [30/55]  eta: 0:00:25  lr: 0.000032  min_lr: 0.000032  loss: 0.4391 (0.4385)  loss_scale: 524288.0000 (524288.0000)  weight_decay: 0.0500 (0.0500)  grad_norm: 0.6163 (0.6192)  time: 0.7947  data: 0.4332  max mem: 11583
Epoch: [298]  [40/55]  eta: 0:00:15  lr: 0.000032  min_lr: 0.000032  loss: 0.4343 (0.4370)  loss_scale: 524288.0000 (524288.0000)  weight_decay: 0.0500 (0.0500)  grad_norm: 0.6106 (0.6253)  time: 0.8672  data: 0.4942  max mem: 11583
Epoch: [298]  [50/55]  eta: 0:00:04  lr: 0.000032  min_lr: 0.000032  loss: 0.4346 (0.4377)  loss_scale: 524288.0000 (524288.0000)  weight_decay: 0.0500 (0.0500)  grad_norm: 0.6177 (0.6322)  time: 0.8464  data: 0.4839  max mem: 11583
Epoch: [298]  [54/55]  eta: 0:00:00  lr: 0.000032  min_lr: 0.000032  loss: 0.4346 (0.4375)  loss_scale: 524288.0000 (524288.0000)  weight_decay: 0.0500 (0.0500)  grad_norm: 0.6126 (0.6281)  time: 0.8264  data: 0.4675  max mem: 11583
Epoch: [298] Total time: 0:00:50 (0.9159 s / it)
Averaged stats: lr: 0.000032  min_lr: 0.000032  loss: 0.4346 (0.4375)  loss_scale: 524288.0000 (524288.0000)  weight_decay: 0.0500 (0.0500)  grad_norm: 0.6126 (0.6281)
Epoch: [299]  [ 0/55]  eta: 0:07:36  lr: 0.000032  min_lr: 0.000032  loss: 0.4218 (0.4218)  loss_scale: 524288.0000 (524288.0000)  weight_decay: 0.0500 (0.0500)  grad_norm: 0.6766 (0.6766)  time: 8.3046  data: 7.8993  max mem: 11583
Epoch: [299]  [10/55]  eta: 0:01:05  lr: 0.000032  min_lr: 0.000032  loss: 0.4370 (0.4357)  loss_scale: 524288.0000 (524288.0000)  weight_decay: 0.0500 (0.0500)  grad_norm: 0.6467 (0.6553)  time: 1.4516  data: 1.0919  max mem: 11583
Epoch: [299]  [20/55]  eta: 0:00:39  lr: 0.000032  min_lr: 0.000032  loss: 0.4370 (0.4372)  loss_scale: 524288.0000 (524288.0000)  weight_decay: 0.0500 (0.0500)  grad_norm: 0.6467 (0.7248)  time: 0.7716  data: 0.4133  max mem: 11583
Epoch: [299]  [30/55]  eta: 0:00:25  lr: 0.000032  min_lr: 0.000032  loss: 0.4375 (0.4375)  loss_scale: 524288.0000 (524288.0000)  weight_decay: 0.0500 (0.0500)  grad_norm: 0.7511 (0.7412)  time: 0.7995  data: 0.4398  max mem: 11583
Epoch: [299]  [40/55]  eta: 0:00:14  lr: 0.000032  min_lr: 0.000032  loss: 0.4375 (0.4376)  loss_scale: 524288.0000 (524288.0000)  weight_decay: 0.0500 (0.0500)  grad_norm: 0.7701 (0.7473)  time: 0.8184  data: 0.4561  max mem: 11583
Epoch: [299]  [50/55]  eta: 0:00:04  lr: 0.000032  min_lr: 0.000032  loss: 0.4378 (0.4382)  loss_scale: 524288.0000 (524288.0000)  weight_decay: 0.0500 (0.0500)  grad_norm: 0.7141 (0.7306)  time: 0.7951  data: 0.4363  max mem: 11583
Epoch: [299]  [54/55]  eta: 0:00:00  lr: 0.000032  min_lr: 0.000032  loss: 0.4378 (0.4383)  loss_scale: 524288.0000 (524288.0000)  weight_decay: 0.0500 (0.0500)  grad_norm: 0.6751 (0.7275)  time: 0.7813  data: 0.4306  max mem: 11583
Epoch: [299] Total time: 0:00:49 (0.8971 s / it)
Averaged stats: lr: 0.000032  min_lr: 0.000032  loss: 0.4378 (0.4383)  loss_scale: 524288.0000 (524288.0000)  weight_decay: 0.0500 (0.0500)  grad_norm: 0.6751 (0.7275)
Epoch: [300]  [ 0/55]  eta: 0:07:20  lr: 0.000032  min_lr: 0.000032  loss: 0.4197 (0.4197)  loss_scale: 524288.0000 (524288.0000)  weight_decay: 0.0500 (0.0500)  grad_norm: 0.6461 (0.6461)  time: 8.0031  data: 7.5789  max mem: 11583
Epoch: [300]  [10/55]  eta: 0:01:04  lr: 0.000031  min_lr: 0.000031  loss: 0.4362 (0.4360)  loss_scale: 524288.0000 (524288.0000)  weight_decay: 0.0500 (0.0500)  grad_norm: 0.5466 (0.5431)  time: 1.4358  data: 1.1347  max mem: 11583
Epoch: [300]  [20/55]  eta: 0:00:38  lr: 0.000031  min_lr: 0.000031  loss: 0.4386 (0.4374)  loss_scale: 524288.0000 (524288.0000)  weight_decay: 0.0500 (0.0500)  grad_norm: 0.5466 (0.5770)  time: 0.7664  data: 0.4421  max mem: 11583
Epoch: [300]  [30/55]  eta: 0:00:25  lr: 0.000031  min_lr: 0.000031  loss: 0.4421 (0.4393)  loss_scale: 524288.0000 (524288.0000)  weight_decay: 0.0500 (0.0500)  grad_norm: 0.5802 (0.5904)  time: 0.7798  data: 0.4245  max mem: 11583
Epoch: [300]  [40/55]  eta: 0:00:14  lr: 0.000031  min_lr: 0.000031  loss: 0.4387 (0.4380)  loss_scale: 524288.0000 (524288.0000)  weight_decay: 0.0500 (0.0500)  grad_norm: 0.6461 (0.6083)  time: 0.8028  data: 0.4479  max mem: 11583
Epoch: [300]  [50/55]  eta: 0:00:04  lr: 0.000031  min_lr: 0.000031  loss: 0.4356 (0.4380)  loss_scale: 524288.0000 (524288.0000)  weight_decay: 0.0500 (0.0500)  grad_norm: 0.7073 (0.6359)  time: 0.7967  data: 0.4380  max mem: 11583
Epoch: [300]  [54/55]  eta: 0:00:00  lr: 0.000031  min_lr: 0.000031  loss: 0.4342 (0.4378)  loss_scale: 524288.0000 (524288.0000)  weight_decay: 0.0500 (0.0500)  grad_norm: 0.6851 (0.6367)  time: 0.7792  data: 0.4231  max mem: 11583
Epoch: [300] Total time: 0:00:49 (0.8945 s / it)
Averaged stats: lr: 0.000031  min_lr: 0.000031  loss: 0.4342 (0.4378)  loss_scale: 524288.0000 (524288.0000)  weight_decay: 0.0500 (0.0500)  grad_norm: 0.6851 (0.6367)
Epoch: [301]  [ 0/55]  eta: 0:07:12  lr: 0.000031  min_lr: 0.000031  loss: 0.4425 (0.4425)  loss_scale: 524288.0000 (524288.0000)  weight_decay: 0.0500 (0.0500)  grad_norm: 0.7614 (0.7614)  time: 7.8569  data: 7.4624  max mem: 11583
Epoch: [301]  [10/55]  eta: 0:01:03  lr: 0.000031  min_lr: 0.000031  loss: 0.4411 (0.4405)  loss_scale: 524288.0000 (524288.0000)  weight_decay: 0.0500 (0.0500)  grad_norm: 0.7239 (0.8119)  time: 1.4004  data: 1.0423  max mem: 11583
Epoch: [301]  [20/55]  eta: 0:00:39  lr: 0.000031  min_lr: 0.000031  loss: 0.4395 (0.4395)  loss_scale: 524288.0000 (524288.0000)  weight_decay: 0.0500 (0.0500)  grad_norm: 0.6822 (0.7356)  time: 0.8018  data: 0.4501  max mem: 11583
Epoch: [301]  [30/55]  eta: 0:00:25  lr: 0.000031  min_lr: 0.000031  loss: 0.4355 (0.4381)  loss_scale: 524288.0000 (524288.0000)  weight_decay: 0.0500 (0.0500)  grad_norm: 0.6168 (0.6876)  time: 0.8371  data: 0.4774  max mem: 11583
Epoch: [301]  [40/55]  eta: 0:00:14  lr: 0.000031  min_lr: 0.000031  loss: 0.4349 (0.4375)  loss_scale: 524288.0000 (524288.0000)  weight_decay: 0.0500 (0.0500)  grad_norm: 0.5961 (0.6577)  time: 0.8008  data: 0.4461  max mem: 11583
Epoch: [301]  [50/55]  eta: 0:00:04  lr: 0.000031  min_lr: 0.000031  loss: 0.4349 (0.4378)  loss_scale: 524288.0000 (524288.0000)  weight_decay: 0.0500 (0.0500)  grad_norm: 0.6060 (0.6551)  time: 0.7897  data: 0.5139  max mem: 11583
Epoch: [301]  [54/55]  eta: 0:00:00  lr: 0.000031  min_lr: 0.000031  loss: 0.4369 (0.4380)  loss_scale: 524288.0000 (524288.0000)  weight_decay: 0.0500 (0.0500)  grad_norm: 0.6060 (0.6541)  time: 0.7699  data: 0.4941  max mem: 11583
Epoch: [301] Total time: 0:00:49 (0.8988 s / it)
Averaged stats: lr: 0.000031  min_lr: 0.000031  loss: 0.4369 (0.4380)  loss_scale: 524288.0000 (524288.0000)  weight_decay: 0.0500 (0.0500)  grad_norm: 0.6060 (0.6541)
Epoch: [302]  [ 0/55]  eta: 0:07:09  lr: 0.000031  min_lr: 0.000031  loss: 0.4401 (0.4401)  loss_scale: 524288.0000 (524288.0000)  weight_decay: 0.0500 (0.0500)  grad_norm: 0.6499 (0.6499)  time: 7.8165  data: 7.4143  max mem: 11583
Epoch: [302]  [10/55]  eta: 0:01:07  lr: 0.000031  min_lr: 0.000031  loss: 0.4333 (0.4356)  loss_scale: 524288.0000 (524288.0000)  weight_decay: 0.0500 (0.0500)  grad_norm: 0.6499 (0.6518)  time: 1.4902  data: 1.1309  max mem: 11583
Epoch: [302]  [20/55]  eta: 0:00:40  lr: 0.000031  min_lr: 0.000031  loss: 0.4351 (0.4368)  loss_scale: 524288.0000 (524288.0000)  weight_decay: 0.0500 (0.0500)  grad_norm: 0.6175 (0.6367)  time: 0.8245  data: 0.4673  max mem: 11583
Epoch: [302]  [30/55]  eta: 0:00:26  lr: 0.000030  min_lr: 0.000030  loss: 0.4371 (0.4372)  loss_scale: 524288.0000 (524288.0000)  weight_decay: 0.0500 (0.0500)  grad_norm: 0.6148 (0.6271)  time: 0.8211  data: 0.4596  max mem: 11583
Epoch: [302]  [40/55]  eta: 0:00:15  lr: 0.000030  min_lr: 0.000030  loss: 0.4347 (0.4363)  loss_scale: 524288.0000 (524288.0000)  weight_decay: 0.0500 (0.0500)  grad_norm: 0.5938 (0.6104)  time: 0.8372  data: 0.4802  max mem: 11583
Epoch: [302]  [50/55]  eta: 0:00:04  lr: 0.000030  min_lr: 0.000030  loss: 0.4362 (0.4368)  loss_scale: 524288.0000 (524288.0000)  weight_decay: 0.0500 (0.0500)  grad_norm: 0.5294 (0.5997)  time: 0.7942  data: 0.4557  max mem: 11583
Epoch: [302]  [54/55]  eta: 0:00:00  lr: 0.000030  min_lr: 0.000030  loss: 0.4362 (0.4367)  loss_scale: 524288.0000 (524288.0000)  weight_decay: 0.0500 (0.0500)  grad_norm: 0.5273 (0.5947)  time: 0.7849  data: 0.4557  max mem: 11583
Epoch: [302] Total time: 0:00:50 (0.9093 s / it)
Averaged stats: lr: 0.000030  min_lr: 0.000030  loss: 0.4362 (0.4367)  loss_scale: 524288.0000 (524288.0000)  weight_decay: 0.0500 (0.0500)  grad_norm: 0.5273 (0.5947)
Epoch: [303]  [ 0/55]  eta: 0:07:19  lr: 0.000030  min_lr: 0.000030  loss: 0.4183 (0.4183)  loss_scale: 524288.0000 (524288.0000)  weight_decay: 0.0500 (0.0500)  grad_norm: 0.5328 (0.5328)  time: 7.9847  data: 7.5878  max mem: 11583
Epoch: [303]  [10/55]  eta: 0:01:05  lr: 0.000030  min_lr: 0.000030  loss: 0.4366 (0.4372)  loss_scale: 524288.0000 (524288.0000)  weight_decay: 0.0500 (0.0500)  grad_norm: 0.5328 (0.5439)  time: 1.4611  data: 1.0940  max mem: 11583
Epoch: [303]  [20/55]  eta: 0:00:39  lr: 0.000030  min_lr: 0.000030  loss: 0.4366 (0.4378)  loss_scale: 524288.0000 (524288.0000)  weight_decay: 0.0500 (0.0500)  grad_norm: 0.5365 (0.5635)  time: 0.7998  data: 0.4346  max mem: 11583
Epoch: [303]  [30/55]  eta: 0:00:25  lr: 0.000030  min_lr: 0.000030  loss: 0.4370 (0.4379)  loss_scale: 524288.0000 (524288.0000)  weight_decay: 0.0500 (0.0500)  grad_norm: 0.5386 (0.5629)  time: 0.7955  data: 0.4316  max mem: 11583
Epoch: [303]  [40/55]  eta: 0:00:14  lr: 0.000030  min_lr: 0.000030  loss: 0.4370 (0.4374)  loss_scale: 524288.0000 (524288.0000)  weight_decay: 0.0500 (0.0500)  grad_norm: 0.5812 (0.5983)  time: 0.8378  data: 0.4793  max mem: 11583
Epoch: [303]  [50/55]  eta: 0:00:04  lr: 0.000030  min_lr: 0.000030  loss: 0.4390 (0.4379)  loss_scale: 524288.0000 (524288.0000)  weight_decay: 0.0500 (0.0500)  grad_norm: 0.6941 (0.6247)  time: 0.8225  data: 0.4694  max mem: 11583
Epoch: [303]  [54/55]  eta: 0:00:00  lr: 0.000030  min_lr: 0.000030  loss: 0.4367 (0.4377)  loss_scale: 524288.0000 (524288.0000)  weight_decay: 0.0500 (0.0500)  grad_norm: 0.6906 (0.6263)  time: 0.8229  data: 0.4729  max mem: 11583
Epoch: [303] Total time: 0:00:50 (0.9149 s / it)
Averaged stats: lr: 0.000030  min_lr: 0.000030  loss: 0.4367 (0.4377)  loss_scale: 524288.0000 (524288.0000)  weight_decay: 0.0500 (0.0500)  grad_norm: 0.6906 (0.6263)
Epoch: [304]  [ 0/55]  eta: 0:07:36  lr: 0.000030  min_lr: 0.000030  loss: 0.4347 (0.4347)  loss_scale: 524288.0000 (524288.0000)  weight_decay: 0.0500 (0.0500)  grad_norm: 0.6363 (0.6363)  time: 8.3005  data: 7.8811  max mem: 11583
Epoch: [304]  [10/55]  eta: 0:01:05  lr: 0.000030  min_lr: 0.000030  loss: 0.4412 (0.4399)  loss_scale: 524288.0000 (524288.0000)  weight_decay: 0.0500 (0.0500)  grad_norm: 0.5797 (0.5852)  time: 1.4664  data: 1.0934  max mem: 11583
Epoch: [304]  [20/55]  eta: 0:00:40  lr: 0.000030  min_lr: 0.000030  loss: 0.4412 (0.4398)  loss_scale: 524288.0000 (524288.0000)  weight_decay: 0.0500 (0.0500)  grad_norm: 0.5458 (0.5611)  time: 0.7982  data: 0.4395  max mem: 11583
Epoch: [304]  [30/55]  eta: 0:00:26  lr: 0.000030  min_lr: 0.000030  loss: 0.4405 (0.4397)  loss_scale: 524288.0000 (524288.0000)  weight_decay: 0.0500 (0.0500)  grad_norm: 0.5547 (0.5711)  time: 0.8184  data: 0.4587  max mem: 11583
Epoch: [304]  [40/55]  eta: 0:00:14  lr: 0.000030  min_lr: 0.000030  loss: 0.4366 (0.4381)  loss_scale: 524288.0000 (524288.0000)  weight_decay: 0.0500 (0.0500)  grad_norm: 0.6010 (0.5910)  time: 0.8205  data: 0.4575  max mem: 11583
Epoch: [304]  [50/55]  eta: 0:00:04  lr: 0.000030  min_lr: 0.000030  loss: 0.4345 (0.4378)  loss_scale: 524288.0000 (524288.0000)  weight_decay: 0.0500 (0.0500)  grad_norm: 0.6077 (0.5973)  time: 0.8079  data: 0.5215  max mem: 11583
Epoch: [304]  [54/55]  eta: 0:00:00  lr: 0.000030  min_lr: 0.000030  loss: 0.4345 (0.4380)  loss_scale: 524288.0000 (524288.0000)  weight_decay: 0.0500 (0.0500)  grad_norm: 0.6005 (0.5910)  time: 0.7912  data: 0.5085  max mem: 11583
Epoch: [304] Total time: 0:00:50 (0.9112 s / it)
Averaged stats: lr: 0.000030  min_lr: 0.000030  loss: 0.4345 (0.4380)  loss_scale: 524288.0000 (524288.0000)  weight_decay: 0.0500 (0.0500)  grad_norm: 0.6005 (0.5910)
Epoch: [305]  [ 0/55]  eta: 0:07:37  lr: 0.000030  min_lr: 0.000030  loss: 0.4416 (0.4416)  loss_scale: 524288.0000 (524288.0000)  weight_decay: 0.0500 (0.0500)  grad_norm: 0.6758 (0.6758)  time: 8.3146  data: 7.9104  max mem: 11583
Epoch: [305]  [10/55]  eta: 0:01:05  lr: 0.000029  min_lr: 0.000029  loss: 0.4379 (0.4378)  loss_scale: 524288.0000 (524288.0000)  weight_decay: 0.0500 (0.0500)  grad_norm: 0.5939 (0.6206)  time: 1.4642  data: 1.0953  max mem: 11583
Epoch: [305]  [20/55]  eta: 0:00:39  lr: 0.000029  min_lr: 0.000029  loss: 0.4379 (0.4382)  loss_scale: 524288.0000 (524288.0000)  weight_decay: 0.0500 (0.0500)  grad_norm: 0.5939 (0.6574)  time: 0.7814  data: 0.4184  max mem: 11583
Epoch: [305]  [30/55]  eta: 0:00:25  lr: 0.000029  min_lr: 0.000029  loss: 0.4392 (0.4382)  loss_scale: 524288.0000 (524288.0000)  weight_decay: 0.0500 (0.0500)  grad_norm: 0.6203 (0.6455)  time: 0.8064  data: 0.4529  max mem: 11583
Epoch: [305]  [40/55]  eta: 0:00:14  lr: 0.000029  min_lr: 0.000029  loss: 0.4367 (0.4377)  loss_scale: 524288.0000 (524288.0000)  weight_decay: 0.0500 (0.0500)  grad_norm: 0.6248 (0.6633)  time: 0.8137  data: 0.4599  max mem: 11583
Epoch: [305]  [50/55]  eta: 0:00:04  lr: 0.000029  min_lr: 0.000029  loss: 0.4345 (0.4373)  loss_scale: 524288.0000 (524288.0000)  weight_decay: 0.0500 (0.0500)  grad_norm: 0.6037 (0.6513)  time: 0.7863  data: 0.4359  max mem: 11583
Epoch: [305]  [54/55]  eta: 0:00:00  lr: 0.000029  min_lr: 0.000029  loss: 0.4342 (0.4373)  loss_scale: 524288.0000 (524288.0000)  weight_decay: 0.0500 (0.0500)  grad_norm: 0.5938 (0.6487)  time: 0.7652  data: 0.4195  max mem: 11583
Epoch: [305] Total time: 0:00:49 (0.8996 s / it)
Averaged stats: lr: 0.000029  min_lr: 0.000029  loss: 0.4342 (0.4373)  loss_scale: 524288.0000 (524288.0000)  weight_decay: 0.0500 (0.0500)  grad_norm: 0.5938 (0.6487)
Epoch: [306]  [ 0/55]  eta: 0:07:27  lr: 0.000029  min_lr: 0.000029  loss: 0.4318 (0.4318)  loss_scale: 524288.0000 (524288.0000)  weight_decay: 0.0500 (0.0500)  grad_norm: 0.4703 (0.4703)  time: 8.1319  data: 7.7068  max mem: 11583
Epoch: [306]  [10/55]  eta: 0:01:06  lr: 0.000029  min_lr: 0.000029  loss: 0.4378 (0.4389)  loss_scale: 524288.0000 (524288.0000)  weight_decay: 0.0500 (0.0500)  grad_norm: 0.5160 (0.5521)  time: 1.4806  data: 1.1142  max mem: 11583
Epoch: [306]  [20/55]  eta: 0:00:40  lr: 0.000029  min_lr: 0.000029  loss: 0.4384 (0.4375)  loss_scale: 524288.0000 (524288.0000)  weight_decay: 0.0500 (0.0500)  grad_norm: 0.5160 (0.5505)  time: 0.8027  data: 0.4448  max mem: 11583
Epoch: [306]  [30/55]  eta: 0:00:25  lr: 0.000029  min_lr: 0.000029  loss: 0.4398 (0.4377)  loss_scale: 524288.0000 (524288.0000)  weight_decay: 0.0500 (0.0500)  grad_norm: 0.5892 (0.5705)  time: 0.7864  data: 0.4289  max mem: 11583
Epoch: [306]  [40/55]  eta: 0:00:14  lr: 0.000029  min_lr: 0.000029  loss: 0.4316 (0.4356)  loss_scale: 524288.0000 (524288.0000)  weight_decay: 0.0500 (0.0500)  grad_norm: 0.5892 (0.5787)  time: 0.8406  data: 0.4631  max mem: 11583
Epoch: [306]  [50/55]  eta: 0:00:04  lr: 0.000029  min_lr: 0.000029  loss: 0.4336 (0.4363)  loss_scale: 524288.0000 (524288.0000)  weight_decay: 0.0500 (0.0500)  grad_norm: 0.5807 (0.5845)  time: 0.8463  data: 0.4731  max mem: 11583
Epoch: [306]  [54/55]  eta: 0:00:00  lr: 0.000029  min_lr: 0.000029  loss: 0.4344 (0.4363)  loss_scale: 524288.0000 (524288.0000)  weight_decay: 0.0500 (0.0500)  grad_norm: 0.6383 (0.5914)  time: 0.8428  data: 0.4731  max mem: 11583
Epoch: [306] Total time: 0:00:50 (0.9169 s / it)
Averaged stats: lr: 0.000029  min_lr: 0.000029  loss: 0.4344 (0.4363)  loss_scale: 524288.0000 (524288.0000)  weight_decay: 0.0500 (0.0500)  grad_norm: 0.6383 (0.5914)
Epoch: [307]  [ 0/55]  eta: 0:07:21  lr: 0.000029  min_lr: 0.000029  loss: 0.4435 (0.4435)  loss_scale: 524288.0000 (524288.0000)  weight_decay: 0.0500 (0.0500)  grad_norm: 0.5038 (0.5038)  time: 8.0293  data: 7.6211  max mem: 11583
Epoch: [307]  [10/55]  eta: 0:01:04  lr: 0.000029  min_lr: 0.000029  loss: 0.4416 (0.4399)  loss_scale: 524288.0000 (524288.0000)  weight_decay: 0.0500 (0.0500)  grad_norm: 0.8268 (0.7704)  time: 1.4293  data: 1.0740  max mem: 11583
Epoch: [307]  [20/55]  eta: 0:00:40  lr: 0.000029  min_lr: 0.000029  loss: 0.4375 (0.4396)  loss_scale: 524288.0000 (524288.0000)  weight_decay: 0.0500 (0.0500)  grad_norm: 0.7920 (0.7504)  time: 0.7992  data: 0.4443  max mem: 11583
Epoch: [307]  [30/55]  eta: 0:00:25  lr: 0.000029  min_lr: 0.000029  loss: 0.4371 (0.4385)  loss_scale: 524288.0000 (524288.0000)  weight_decay: 0.0500 (0.0500)  grad_norm: 0.6590 (0.7100)  time: 0.8132  data: 0.4553  max mem: 11583
Epoch: [307]  [40/55]  eta: 0:00:14  lr: 0.000028  min_lr: 0.000028  loss: 0.4342 (0.4372)  loss_scale: 524288.0000 (524288.0000)  weight_decay: 0.0500 (0.0500)  grad_norm: 0.6033 (0.6808)  time: 0.7880  data: 0.4387  max mem: 11583
Epoch: [307]  [50/55]  eta: 0:00:04  lr: 0.000028  min_lr: 0.000028  loss: 0.4374 (0.4375)  loss_scale: 524288.0000 (524288.0000)  weight_decay: 0.0500 (0.0500)  grad_norm: 0.5971 (0.6796)  time: 0.8019  data: 0.4600  max mem: 11583
Epoch: [307]  [54/55]  eta: 0:00:00  lr: 0.000028  min_lr: 0.000028  loss: 0.4377 (0.4377)  loss_scale: 524288.0000 (524288.0000)  weight_decay: 0.0500 (0.0500)  grad_norm: 0.5971 (0.6728)  time: 0.7609  data: 0.4253  max mem: 11583
Epoch: [307] Total time: 0:00:49 (0.8998 s / it)
Averaged stats: lr: 0.000028  min_lr: 0.000028  loss: 0.4377 (0.4377)  loss_scale: 524288.0000 (524288.0000)  weight_decay: 0.0500 (0.0500)  grad_norm: 0.5971 (0.6728)
Epoch: [308]  [ 0/55]  eta: 0:07:30  lr: 0.000028  min_lr: 0.000028  loss: 0.4353 (0.4353)  loss_scale: 524288.0000 (524288.0000)  weight_decay: 0.0500 (0.0500)  grad_norm: 0.6608 (0.6608)  time: 8.1873  data: 7.7977  max mem: 11583
Epoch: [308]  [10/55]  eta: 0:01:05  lr: 0.000028  min_lr: 0.000028  loss: 0.4381 (0.4371)  loss_scale: 524288.0000 (524288.0000)  weight_decay: 0.0500 (0.0500)  grad_norm: 0.6518 (0.6398)  time: 1.4484  data: 1.0859  max mem: 11583
Epoch: [308]  [20/55]  eta: 0:00:39  lr: 0.000028  min_lr: 0.000028  loss: 0.4374 (0.4376)  loss_scale: 524288.0000 (524288.0000)  weight_decay: 0.0500 (0.0500)  grad_norm: 0.6062 (0.6192)  time: 0.7838  data: 0.4222  max mem: 11583
Epoch: [308]  [30/55]  eta: 0:00:25  lr: 0.000028  min_lr: 0.000028  loss: 0.4372 (0.4375)  loss_scale: 524288.0000 (524288.0000)  weight_decay: 0.0500 (0.0500)  grad_norm: 0.6009 (0.6359)  time: 0.8075  data: 0.4482  max mem: 11583
Epoch: [308]  [40/55]  eta: 0:00:14  lr: 0.000028  min_lr: 0.000028  loss: 0.4304 (0.4353)  loss_scale: 524288.0000 (524288.0000)  weight_decay: 0.0500 (0.0500)  grad_norm: 0.5944 (0.6162)  time: 0.8073  data: 0.4465  max mem: 11583
Epoch: [308]  [50/55]  eta: 0:00:04  lr: 0.000028  min_lr: 0.000028  loss: 0.4324 (0.4353)  loss_scale: 524288.0000 (524288.0000)  weight_decay: 0.0500 (0.0500)  grad_norm: 0.5525 (0.6117)  time: 0.7946  data: 0.4359  max mem: 11583
Epoch: [308]  [54/55]  eta: 0:00:00  lr: 0.000028  min_lr: 0.000028  loss: 0.4325 (0.4351)  loss_scale: 524288.0000 (524288.0000)  weight_decay: 0.0500 (0.0500)  grad_norm: 0.5679 (0.6175)  time: 0.7913  data: 0.4391  max mem: 11583
Epoch: [308] Total time: 0:00:49 (0.9068 s / it)
Averaged stats: lr: 0.000028  min_lr: 0.000028  loss: 0.4325 (0.4351)  loss_scale: 524288.0000 (524288.0000)  weight_decay: 0.0500 (0.0500)  grad_norm: 0.5679 (0.6175)
Epoch: [309]  [ 0/55]  eta: 0:07:09  lr: 0.000028  min_lr: 0.000028  loss: 0.4234 (0.4234)  loss_scale: 524288.0000 (524288.0000)  weight_decay: 0.0500 (0.0500)  grad_norm: 1.0703 (1.0703)  time: 7.8157  data: 7.3652  max mem: 11583
Epoch: [309]  [10/55]  eta: 0:01:04  lr: 0.000028  min_lr: 0.000028  loss: 0.4387 (0.4374)  loss_scale: 524288.0000 (524288.0000)  weight_decay: 0.0500 (0.0500)  grad_norm: 0.6049 (0.6566)  time: 1.4431  data: 1.0729  max mem: 11583
Epoch: [309]  [20/55]  eta: 0:00:39  lr: 0.000028  min_lr: 0.000028  loss: 0.4337 (0.4355)  loss_scale: 524288.0000 (524288.0000)  weight_decay: 0.0500 (0.0500)  grad_norm: 0.5949 (0.6295)  time: 0.7978  data: 0.4333  max mem: 11583
Epoch: [309]  [30/55]  eta: 0:00:25  lr: 0.000028  min_lr: 0.000028  loss: 0.4359 (0.4362)  loss_scale: 524288.0000 (524288.0000)  weight_decay: 0.0500 (0.0500)  grad_norm: 0.5569 (0.6027)  time: 0.8098  data: 0.4441  max mem: 11583
Epoch: [309]  [40/55]  eta: 0:00:14  lr: 0.000028  min_lr: 0.000028  loss: 0.4358 (0.4353)  loss_scale: 524288.0000 (524288.0000)  weight_decay: 0.0500 (0.0500)  grad_norm: 0.5780 (0.6162)  time: 0.8129  data: 0.4511  max mem: 11583
Epoch: [309]  [50/55]  eta: 0:00:04  lr: 0.000028  min_lr: 0.000028  loss: 0.4323 (0.4353)  loss_scale: 524288.0000 (524288.0000)  weight_decay: 0.0500 (0.0500)  grad_norm: 0.6134 (0.6239)  time: 0.7766  data: 0.4264  max mem: 11583
Epoch: [309]  [54/55]  eta: 0:00:00  lr: 0.000028  min_lr: 0.000028  loss: 0.4371 (0.4357)  loss_scale: 524288.0000 (524288.0000)  weight_decay: 0.0500 (0.0500)  grad_norm: 0.5616 (0.6192)  time: 0.7679  data: 0.4184  max mem: 11583
Epoch: [309] Total time: 0:00:49 (0.8983 s / it)
Averaged stats: lr: 0.000028  min_lr: 0.000028  loss: 0.4371 (0.4357)  loss_scale: 524288.0000 (524288.0000)  weight_decay: 0.0500 (0.0500)  grad_norm: 0.5616 (0.6192)
Epoch: [310]  [ 0/55]  eta: 0:07:22  lr: 0.000028  min_lr: 0.000028  loss: 0.4305 (0.4305)  loss_scale: 524288.0000 (524288.0000)  weight_decay: 0.0500 (0.0500)  grad_norm: 0.6040 (0.6040)  time: 8.0372  data: 7.6378  max mem: 11583
Epoch: [310]  [10/55]  eta: 0:01:04  lr: 0.000028  min_lr: 0.000028  loss: 0.4363 (0.4375)  loss_scale: 524288.0000 (524288.0000)  weight_decay: 0.0500 (0.0500)  grad_norm: 0.5712 (0.6251)  time: 1.4354  data: 1.0809  max mem: 11583
Epoch: [310]  [20/55]  eta: 0:00:40  lr: 0.000027  min_lr: 0.000027  loss: 0.4363 (0.4374)  loss_scale: 524288.0000 (524288.0000)  weight_decay: 0.0500 (0.0500)  grad_norm: 0.5712 (0.6714)  time: 0.8173  data: 0.4507  max mem: 11583
Epoch: [310]  [30/55]  eta: 0:00:25  lr: 0.000027  min_lr: 0.000027  loss: 0.4371 (0.4377)  loss_scale: 524288.0000 (524288.0000)  weight_decay: 0.0500 (0.0500)  grad_norm: 0.6685 (0.6634)  time: 0.8219  data: 0.4512  max mem: 11583
Epoch: [310]  [40/55]  eta: 0:00:14  lr: 0.000027  min_lr: 0.000027  loss: 0.4342 (0.4365)  loss_scale: 524288.0000 (524288.0000)  weight_decay: 0.0500 (0.0500)  grad_norm: 0.5981 (0.6487)  time: 0.8173  data: 0.4558  max mem: 11583
Epoch: [310]  [50/55]  eta: 0:00:04  lr: 0.000027  min_lr: 0.000027  loss: 0.4360 (0.4370)  loss_scale: 524288.0000 (524288.0000)  weight_decay: 0.0500 (0.0500)  grad_norm: 0.5927 (0.6433)  time: 0.8140  data: 0.4593  max mem: 11583
Epoch: [310]  [54/55]  eta: 0:00:00  lr: 0.000027  min_lr: 0.000027  loss: 0.4354 (0.4372)  loss_scale: 524288.0000 (524288.0000)  weight_decay: 0.0500 (0.0500)  grad_norm: 0.6288 (0.6483)  time: 0.7941  data: 0.4435  max mem: 11583
Epoch: [310] Total time: 0:00:49 (0.9089 s / it)
Averaged stats: lr: 0.000027  min_lr: 0.000027  loss: 0.4354 (0.4372)  loss_scale: 524288.0000 (524288.0000)  weight_decay: 0.0500 (0.0500)  grad_norm: 0.6288 (0.6483)
Epoch: [311]  [ 0/55]  eta: 0:07:47  lr: 0.000027  min_lr: 0.000027  loss: 0.4296 (0.4296)  loss_scale: 524288.0000 (524288.0000)  weight_decay: 0.0500 (0.0500)  grad_norm: 0.6444 (0.6444)  time: 8.5089  data: 8.1018  max mem: 11583
Epoch: [311]  [10/55]  eta: 0:01:05  lr: 0.000027  min_lr: 0.000027  loss: 0.4390 (0.4368)  loss_scale: 524288.0000 (524288.0000)  weight_decay: 0.0500 (0.0500)  grad_norm: 0.6000 (0.6106)  time: 1.4581  data: 1.0967  max mem: 11583
Epoch: [311]  [20/55]  eta: 0:00:40  lr: 0.000027  min_lr: 0.000027  loss: 0.4387 (0.4362)  loss_scale: 524288.0000 (524288.0000)  weight_decay: 0.0500 (0.0500)  grad_norm: 0.5968 (0.6344)  time: 0.7796  data: 0.4214  max mem: 11583
Epoch: [311]  [30/55]  eta: 0:00:25  lr: 0.000027  min_lr: 0.000027  loss: 0.4387 (0.4362)  loss_scale: 524288.0000 (524288.0000)  weight_decay: 0.0500 (0.0500)  grad_norm: 0.6550 (0.6674)  time: 0.8031  data: 0.4453  max mem: 11583
Epoch: [311]  [40/55]  eta: 0:00:14  lr: 0.000027  min_lr: 0.000027  loss: 0.4325 (0.4346)  loss_scale: 524288.0000 (524288.0000)  weight_decay: 0.0500 (0.0500)  grad_norm: 0.6085 (0.6356)  time: 0.8076  data: 0.4442  max mem: 11583
Epoch: [311]  [50/55]  eta: 0:00:04  lr: 0.000027  min_lr: 0.000027  loss: 0.4308 (0.4348)  loss_scale: 524288.0000 (524288.0000)  weight_decay: 0.0500 (0.0500)  grad_norm: 0.5449 (0.6278)  time: 0.8131  data: 0.4743  max mem: 11583
Epoch: [311]  [54/55]  eta: 0:00:00  lr: 0.000027  min_lr: 0.000027  loss: 0.4318 (0.4347)  loss_scale: 524288.0000 (524288.0000)  weight_decay: 0.0500 (0.0500)  grad_norm: 0.5297 (0.6210)  time: 0.8112  data: 0.4819  max mem: 11583
Epoch: [311] Total time: 0:00:50 (0.9099 s / it)
Averaged stats: lr: 0.000027  min_lr: 0.000027  loss: 0.4318 (0.4347)  loss_scale: 524288.0000 (524288.0000)  weight_decay: 0.0500 (0.0500)  grad_norm: 0.5297 (0.6210)
Epoch: [312]  [ 0/55]  eta: 0:07:23  lr: 0.000027  min_lr: 0.000027  loss: 0.4271 (0.4271)  loss_scale: 524288.0000 (524288.0000)  weight_decay: 0.0500 (0.0500)  grad_norm: 0.5496 (0.5496)  time: 8.0708  data: 7.6803  max mem: 11583
Epoch: [312]  [10/55]  eta: 0:01:05  lr: 0.000027  min_lr: 0.000027  loss: 0.4370 (0.4348)  loss_scale: 524288.0000 (524288.0000)  weight_decay: 0.0500 (0.0500)  grad_norm: 0.5496 (0.5755)  time: 1.4478  data: 1.0841  max mem: 11583
Epoch: [312]  [20/55]  eta: 0:00:39  lr: 0.000027  min_lr: 0.000027  loss: 0.4370 (0.4348)  loss_scale: 524288.0000 (524288.0000)  weight_decay: 0.0500 (0.0500)  grad_norm: 0.5750 (0.5905)  time: 0.7873  data: 0.4243  max mem: 11583
Epoch: [312]  [30/55]  eta: 0:00:25  lr: 0.000027  min_lr: 0.000027  loss: 0.4366 (0.4347)  loss_scale: 524288.0000 (524288.0000)  weight_decay: 0.0500 (0.0500)  grad_norm: 0.6424 (0.6212)  time: 0.8146  data: 0.4492  max mem: 11583
Epoch: [312]  [40/55]  eta: 0:00:14  lr: 0.000027  min_lr: 0.000027  loss: 0.4320 (0.4335)  loss_scale: 524288.0000 (524288.0000)  weight_decay: 0.0500 (0.0500)  grad_norm: 0.6605 (0.6290)  time: 0.8244  data: 0.4645  max mem: 11583
Epoch: [312]  [50/55]  eta: 0:00:04  lr: 0.000027  min_lr: 0.000027  loss: 0.4327 (0.4343)  loss_scale: 524288.0000 (524288.0000)  weight_decay: 0.0500 (0.0500)  grad_norm: 0.6642 (0.6408)  time: 0.8026  data: 0.4528  max mem: 11583
Epoch: [312]  [54/55]  eta: 0:00:00  lr: 0.000027  min_lr: 0.000027  loss: 0.4352 (0.4345)  loss_scale: 524288.0000 (524288.0000)  weight_decay: 0.0500 (0.0500)  grad_norm: 0.6502 (0.6340)  time: 0.7797  data: 0.4322  max mem: 11583
Epoch: [312] Total time: 0:00:49 (0.9061 s / it)
Averaged stats: lr: 0.000027  min_lr: 0.000027  loss: 0.4352 (0.4345)  loss_scale: 524288.0000 (524288.0000)  weight_decay: 0.0500 (0.0500)  grad_norm: 0.6502 (0.6340)
Epoch: [313]  [ 0/55]  eta: 0:07:08  lr: 0.000026  min_lr: 0.000026  loss: 0.4195 (0.4195)  loss_scale: 524288.0000 (524288.0000)  weight_decay: 0.0500 (0.0500)  grad_norm: 0.5130 (0.5130)  time: 7.7922  data: 7.3822  max mem: 11583
Epoch: [313]  [10/55]  eta: 0:01:04  lr: 0.000026  min_lr: 0.000026  loss: 0.4333 (0.4324)  loss_scale: 524288.0000 (524288.0000)  weight_decay: 0.0500 (0.0500)  grad_norm: 0.5399 (0.5762)  time: 1.4299  data: 1.0705  max mem: 11583
Epoch: [313]  [20/55]  eta: 0:00:39  lr: 0.000026  min_lr: 0.000026  loss: 0.4344 (0.4342)  loss_scale: 524288.0000 (524288.0000)  weight_decay: 0.0500 (0.0500)  grad_norm: 0.5697 (0.5948)  time: 0.7918  data: 0.4350  max mem: 11583
Epoch: [313]  [30/55]  eta: 0:00:25  lr: 0.000026  min_lr: 0.000026  loss: 0.4363 (0.4347)  loss_scale: 524288.0000 (524288.0000)  weight_decay: 0.0500 (0.0500)  grad_norm: 0.5659 (0.5936)  time: 0.7999  data: 0.4408  max mem: 11583
Epoch: [313]  [40/55]  eta: 0:00:14  lr: 0.000026  min_lr: 0.000026  loss: 0.4334 (0.4344)  loss_scale: 524288.0000 (524288.0000)  weight_decay: 0.0500 (0.0500)  grad_norm: 0.6266 (0.6132)  time: 0.8447  data: 0.4885  max mem: 11583
Epoch: [313]  [50/55]  eta: 0:00:04  lr: 0.000026  min_lr: 0.000026  loss: 0.4327 (0.4347)  loss_scale: 524288.0000 (524288.0000)  weight_decay: 0.0500 (0.0500)  grad_norm: 0.6241 (0.6076)  time: 0.8379  data: 0.4873  max mem: 11583
Epoch: [313]  [54/55]  eta: 0:00:00  lr: 0.000026  min_lr: 0.000026  loss: 0.4316 (0.4343)  loss_scale: 524288.0000 (524288.0000)  weight_decay: 0.0500 (0.0500)  grad_norm: 0.5830 (0.6046)  time: 0.8128  data: 0.4644  max mem: 11583
Epoch: [313] Total time: 0:00:49 (0.9082 s / it)
Averaged stats: lr: 0.000026  min_lr: 0.000026  loss: 0.4316 (0.4343)  loss_scale: 524288.0000 (524288.0000)  weight_decay: 0.0500 (0.0500)  grad_norm: 0.5830 (0.6046)
Epoch: [314]  [ 0/55]  eta: 0:07:49  lr: 0.000026  min_lr: 0.000026  loss: 0.4273 (0.4273)  loss_scale: 524288.0000 (524288.0000)  weight_decay: 0.0500 (0.0500)  grad_norm: 0.4217 (0.4217)  time: 8.5449  data: 8.1224  max mem: 11583
Epoch: [314]  [10/55]  eta: 0:01:06  lr: 0.000026  min_lr: 0.000026  loss: 0.4335 (0.4333)  loss_scale: 524288.0000 (524288.0000)  weight_decay: 0.0500 (0.0500)  grad_norm: 0.6274 (0.6175)  time: 1.4680  data: 1.1112  max mem: 11583
Epoch: [314]  [20/55]  eta: 0:00:40  lr: 0.000026  min_lr: 0.000026  loss: 0.4349 (0.4346)  loss_scale: 524288.0000 (524288.0000)  weight_decay: 0.0500 (0.0500)  grad_norm: 0.6324 (0.6300)  time: 0.7882  data: 0.4344  max mem: 11583
Epoch: [314]  [30/55]  eta: 0:00:25  lr: 0.000026  min_lr: 0.000026  loss: 0.4376 (0.4357)  loss_scale: 524288.0000 (524288.0000)  weight_decay: 0.0500 (0.0500)  grad_norm: 0.6432 (0.6367)  time: 0.7999  data: 0.4442  max mem: 11583
Epoch: [314]  [40/55]  eta: 0:00:14  lr: 0.000026  min_lr: 0.000026  loss: 0.4335 (0.4341)  loss_scale: 524288.0000 (524288.0000)  weight_decay: 0.0500 (0.0500)  grad_norm: 0.6238 (0.6336)  time: 0.8208  data: 0.4643  max mem: 11583
Epoch: [314]  [50/55]  eta: 0:00:04  lr: 0.000026  min_lr: 0.000026  loss: 0.4296 (0.4345)  loss_scale: 524288.0000 (524288.0000)  weight_decay: 0.0500 (0.0500)  grad_norm: 0.5928 (0.6238)  time: 0.8179  data: 0.4625  max mem: 11583
Epoch: [314]  [54/55]  eta: 0:00:00  lr: 0.000026  min_lr: 0.000026  loss: 0.4337 (0.4347)  loss_scale: 524288.0000 (524288.0000)  weight_decay: 0.0500 (0.0500)  grad_norm: 0.5871 (0.6210)  time: 0.8092  data: 0.4570  max mem: 11583
Epoch: [314] Total time: 0:00:50 (0.9092 s / it)
Averaged stats: lr: 0.000026  min_lr: 0.000026  loss: 0.4337 (0.4347)  loss_scale: 524288.0000 (524288.0000)  weight_decay: 0.0500 (0.0500)  grad_norm: 0.5871 (0.6210)
Epoch: [315]  [ 0/55]  eta: 0:07:39  lr: 0.000026  min_lr: 0.000026  loss: 0.4372 (0.4372)  loss_scale: 524288.0000 (524288.0000)  weight_decay: 0.0500 (0.0500)  grad_norm: 0.4839 (0.4839)  time: 8.3626  data: 7.9693  max mem: 11583
Epoch: [315]  [10/55]  eta: 0:01:04  lr: 0.000026  min_lr: 0.000026  loss: 0.4330 (0.4346)  loss_scale: 524288.0000 (524288.0000)  weight_decay: 0.0500 (0.0500)  grad_norm: 0.6365 (0.6458)  time: 1.4321  data: 1.0811  max mem: 11583
Epoch: [315]  [20/55]  eta: 0:00:39  lr: 0.000026  min_lr: 0.000026  loss: 0.4343 (0.4347)  loss_scale: 524288.0000 (524288.0000)  weight_decay: 0.0500 (0.0500)  grad_norm: 0.6026 (0.6113)  time: 0.7549  data: 0.4033  max mem: 11583
Epoch: [315]  [30/55]  eta: 0:00:26  lr: 0.000026  min_lr: 0.000026  loss: 0.4372 (0.4357)  loss_scale: 524288.0000 (524288.0000)  weight_decay: 0.0500 (0.0500)  grad_norm: 0.5842 (0.6140)  time: 0.8424  data: 0.4840  max mem: 11583
Epoch: [315]  [40/55]  eta: 0:00:14  lr: 0.000026  min_lr: 0.000026  loss: 0.4346 (0.4351)  loss_scale: 524288.0000 (524288.0000)  weight_decay: 0.0500 (0.0500)  grad_norm: 0.6297 (0.6230)  time: 0.8570  data: 0.4940  max mem: 11583
Epoch: [315]  [50/55]  eta: 0:00:04  lr: 0.000025  min_lr: 0.000025  loss: 0.4319 (0.4350)  loss_scale: 524288.0000 (524288.0000)  weight_decay: 0.0500 (0.0500)  grad_norm: 0.6451 (0.6565)  time: 0.7926  data: 0.4392  max mem: 11583
Epoch: [315]  [54/55]  eta: 0:00:00  lr: 0.000025  min_lr: 0.000025  loss: 0.4335 (0.4355)  loss_scale: 524288.0000 (524288.0000)  weight_decay: 0.0500 (0.0500)  grad_norm: 0.6293 (0.6499)  time: 0.7726  data: 0.4217  max mem: 11583
Epoch: [315] Total time: 0:00:49 (0.9081 s / it)
Averaged stats: lr: 0.000025  min_lr: 0.000025  loss: 0.4335 (0.4355)  loss_scale: 524288.0000 (524288.0000)  weight_decay: 0.0500 (0.0500)  grad_norm: 0.6293 (0.6499)
Epoch: [316]  [ 0/55]  eta: 0:07:13  lr: 0.000025  min_lr: 0.000025  loss: 0.4272 (0.4272)  loss_scale: 524288.0000 (524288.0000)  weight_decay: 0.0500 (0.0500)  grad_norm: 0.6124 (0.6124)  time: 7.8763  data: 7.4680  max mem: 11583
Epoch: [316]  [10/55]  eta: 0:01:05  lr: 0.000025  min_lr: 0.000025  loss: 0.4382 (0.4380)  loss_scale: 524288.0000 (524288.0000)  weight_decay: 0.0500 (0.0500)  grad_norm: 0.5704 (0.5660)  time: 1.4656  data: 1.0986  max mem: 11583
Epoch: [316]  [20/55]  eta: 0:00:39  lr: 0.000025  min_lr: 0.000025  loss: 0.4356 (0.4347)  loss_scale: 524288.0000 (524288.0000)  weight_decay: 0.0500 (0.0500)  grad_norm: 0.5038 (0.5458)  time: 0.7979  data: 0.4367  max mem: 11583
Epoch: [316]  [30/55]  eta: 0:00:26  lr: 0.000025  min_lr: 0.000025  loss: 0.4356 (0.4366)  loss_scale: 524288.0000 (524288.0000)  weight_decay: 0.0500 (0.0500)  grad_norm: 0.5038 (0.5418)  time: 0.8102  data: 0.4448  max mem: 11583
Epoch: [316]  [40/55]  eta: 0:00:14  lr: 0.000025  min_lr: 0.000025  loss: 0.4356 (0.4354)  loss_scale: 524288.0000 (524288.0000)  weight_decay: 0.0500 (0.0500)  grad_norm: 0.5737 (0.5615)  time: 0.8317  data: 0.4628  max mem: 11583
Epoch: [316]  [50/55]  eta: 0:00:04  lr: 0.000025  min_lr: 0.000025  loss: 0.4315 (0.4355)  loss_scale: 524288.0000 (524288.0000)  weight_decay: 0.0500 (0.0500)  grad_norm: 0.6070 (0.5707)  time: 0.7948  data: 0.4375  max mem: 11583
Epoch: [316]  [54/55]  eta: 0:00:00  lr: 0.000025  min_lr: 0.000025  loss: 0.4339 (0.4357)  loss_scale: 524288.0000 (524288.0000)  weight_decay: 0.0500 (0.0500)  grad_norm: 0.5896 (0.5682)  time: 0.7740  data: 0.4212  max mem: 11583
Epoch: [316] Total time: 0:00:49 (0.9036 s / it)
Averaged stats: lr: 0.000025  min_lr: 0.000025  loss: 0.4339 (0.4357)  loss_scale: 524288.0000 (524288.0000)  weight_decay: 0.0500 (0.0500)  grad_norm: 0.5896 (0.5682)
Epoch: [317]  [ 0/55]  eta: 0:07:19  lr: 0.000025  min_lr: 0.000025  loss: 0.4192 (0.4192)  loss_scale: 524288.0000 (524288.0000)  weight_decay: 0.0500 (0.0500)  grad_norm: 0.5253 (0.5253)  time: 7.9956  data: 7.6185  max mem: 11583
Epoch: [317]  [10/55]  eta: 0:01:03  lr: 0.000025  min_lr: 0.000025  loss: 0.4359 (0.4348)  loss_scale: 524288.0000 (524288.0000)  weight_decay: 0.0500 (0.0500)  grad_norm: 0.5253 (0.5679)  time: 1.4133  data: 1.0617  max mem: 11583
Epoch: [317]  [20/55]  eta: 0:00:40  lr: 0.000025  min_lr: 0.000025  loss: 0.4352 (0.4344)  loss_scale: 524288.0000 (524288.0000)  weight_decay: 0.0500 (0.0500)  grad_norm: 0.5600 (0.5685)  time: 0.8050  data: 0.4452  max mem: 11583
Epoch: [317]  [30/55]  eta: 0:00:25  lr: 0.000025  min_lr: 0.000025  loss: 0.4336 (0.4341)  loss_scale: 524288.0000 (524288.0000)  weight_decay: 0.0500 (0.0500)  grad_norm: 0.5758 (0.5654)  time: 0.8254  data: 0.4628  max mem: 11583
Epoch: [317]  [40/55]  eta: 0:00:14  lr: 0.000025  min_lr: 0.000025  loss: 0.4322 (0.4336)  loss_scale: 524288.0000 (524288.0000)  weight_decay: 0.0500 (0.0500)  grad_norm: 0.5755 (0.5765)  time: 0.8199  data: 0.4604  max mem: 11583
Epoch: [317]  [50/55]  eta: 0:00:04  lr: 0.000025  min_lr: 0.000025  loss: 0.4313 (0.4341)  loss_scale: 524288.0000 (524288.0000)  weight_decay: 0.0500 (0.0500)  grad_norm: 0.5259 (0.5707)  time: 0.8120  data: 0.4534  max mem: 11583
Epoch: [317]  [54/55]  eta: 0:00:00  lr: 0.000025  min_lr: 0.000025  loss: 0.4338 (0.4345)  loss_scale: 524288.0000 (524288.0000)  weight_decay: 0.0500 (0.0500)  grad_norm: 0.5259 (0.5653)  time: 0.8040  data: 0.4502  max mem: 11583
Epoch: [317] Total time: 0:00:50 (0.9155 s / it)
Averaged stats: lr: 0.000025  min_lr: 0.000025  loss: 0.4338 (0.4345)  loss_scale: 524288.0000 (524288.0000)  weight_decay: 0.0500 (0.0500)  grad_norm: 0.5259 (0.5653)
Epoch: [318]  [ 0/55]  eta: 0:07:32  lr: 0.000025  min_lr: 0.000025  loss: 0.4187 (0.4187)  loss_scale: 524288.0000 (524288.0000)  weight_decay: 0.0500 (0.0500)  grad_norm: 0.8066 (0.8066)  time: 8.2359  data: 7.8297  max mem: 11583
Epoch: [318]  [10/55]  eta: 0:01:04  lr: 0.000025  min_lr: 0.000025  loss: 0.4354 (0.4342)  loss_scale: 524288.0000 (524288.0000)  weight_decay: 0.0500 (0.0500)  grad_norm: 0.5848 (0.5893)  time: 1.4374  data: 1.0782  max mem: 11583
Epoch: [318]  [20/55]  eta: 0:00:39  lr: 0.000025  min_lr: 0.000025  loss: 0.4354 (0.4337)  loss_scale: 524288.0000 (524288.0000)  weight_decay: 0.0500 (0.0500)  grad_norm: 0.5770 (0.5891)  time: 0.7817  data: 0.4215  max mem: 11583
Epoch: [318]  [30/55]  eta: 0:00:26  lr: 0.000025  min_lr: 0.000025  loss: 0.4328 (0.4330)  loss_scale: 524288.0000 (524288.0000)  weight_decay: 0.0500 (0.0500)  grad_norm: 0.5539 (0.5765)  time: 0.8237  data: 0.4545  max mem: 11583
Epoch: [318]  [40/55]  eta: 0:00:14  lr: 0.000024  min_lr: 0.000024  loss: 0.4313 (0.4326)  loss_scale: 524288.0000 (524288.0000)  weight_decay: 0.0500 (0.0500)  grad_norm: 0.5583 (0.5748)  time: 0.8129  data: 0.4518  max mem: 11583
Epoch: [318]  [50/55]  eta: 0:00:04  lr: 0.000024  min_lr: 0.000024  loss: 0.4328 (0.4332)  loss_scale: 524288.0000 (524288.0000)  weight_decay: 0.0500 (0.0500)  grad_norm: 0.5707 (0.5744)  time: 0.8048  data: 0.4555  max mem: 11583
Epoch: [318]  [54/55]  eta: 0:00:00  lr: 0.000024  min_lr: 0.000024  loss: 0.4348 (0.4333)  loss_scale: 524288.0000 (524288.0000)  weight_decay: 0.0500 (0.0500)  grad_norm: 0.5631 (0.5735)  time: 0.7814  data: 0.4329  max mem: 11583
Epoch: [318] Total time: 0:00:49 (0.9071 s / it)
Averaged stats: lr: 0.000024  min_lr: 0.000024  loss: 0.4348 (0.4333)  loss_scale: 524288.0000 (524288.0000)  weight_decay: 0.0500 (0.0500)  grad_norm: 0.5631 (0.5735)
Epoch: [319]  [ 0/55]  eta: 0:07:46  lr: 0.000024  min_lr: 0.000024  loss: 0.4233 (0.4233)  loss_scale: 524288.0000 (524288.0000)  weight_decay: 0.0500 (0.0500)  grad_norm: 0.5444 (0.5444)  time: 8.4764  data: 8.0653  max mem: 11583
Epoch: [319]  [10/55]  eta: 0:01:06  lr: 0.000024  min_lr: 0.000024  loss: 0.4338 (0.4323)  loss_scale: 524288.0000 (524288.0000)  weight_decay: 0.0500 (0.0500)  grad_norm: 0.5461 (0.6183)  time: 1.4743  data: 1.1082  max mem: 11583
Epoch: [319]  [20/55]  eta: 0:00:40  lr: 0.000024  min_lr: 0.000024  loss: 0.4338 (0.4329)  loss_scale: 524288.0000 (524288.0000)  weight_decay: 0.0500 (0.0500)  grad_norm: 0.5620 (0.6048)  time: 0.7770  data: 0.4183  max mem: 11583
Epoch: [319]  [30/55]  eta: 0:00:26  lr: 0.000024  min_lr: 0.000024  loss: 0.4341 (0.4338)  loss_scale: 524288.0000 (524288.0000)  weight_decay: 0.0500 (0.0500)  grad_norm: 0.5752 (0.5976)  time: 0.8179  data: 0.4606  max mem: 11583
Epoch: [319]  [40/55]  eta: 0:00:14  lr: 0.000024  min_lr: 0.000024  loss: 0.4301 (0.4335)  loss_scale: 524288.0000 (524288.0000)  weight_decay: 0.0500 (0.0500)  grad_norm: 0.5501 (0.5912)  time: 0.8248  data: 0.4712  max mem: 11583
Epoch: [319]  [50/55]  eta: 0:00:04  lr: 0.000024  min_lr: 0.000024  loss: 0.4354 (0.4342)  loss_scale: 524288.0000 (524288.0000)  weight_decay: 0.0500 (0.0500)  grad_norm: 0.5551 (0.5936)  time: 0.8095  data: 0.4595  max mem: 11583
Epoch: [319]  [54/55]  eta: 0:00:00  lr: 0.000024  min_lr: 0.000024  loss: 0.4354 (0.4342)  loss_scale: 524288.0000 (524288.0000)  weight_decay: 0.0500 (0.0500)  grad_norm: 0.6034 (0.5976)  time: 0.8098  data: 0.4595  max mem: 11583
Epoch: [319] Total time: 0:00:50 (0.9137 s / it)
Averaged stats: lr: 0.000024  min_lr: 0.000024  loss: 0.4354 (0.4342)  loss_scale: 524288.0000 (524288.0000)  weight_decay: 0.0500 (0.0500)  grad_norm: 0.6034 (0.5976)
Epoch: [320]  [ 0/55]  eta: 0:07:24  lr: 0.000024  min_lr: 0.000024  loss: 0.4247 (0.4247)  loss_scale: 524288.0000 (524288.0000)  weight_decay: 0.0500 (0.0500)  grad_norm: 0.5924 (0.5924)  time: 8.0841  data: 7.6740  max mem: 11583
Epoch: [320]  [10/55]  eta: 0:01:05  lr: 0.000024  min_lr: 0.000024  loss: 0.4277 (0.4304)  loss_scale: 524288.0000 (524288.0000)  weight_decay: 0.0500 (0.0500)  grad_norm: 0.5516 (0.5694)  time: 1.4480  data: 1.0928  max mem: 11583
Epoch: [320]  [20/55]  eta: 0:00:39  lr: 0.000024  min_lr: 0.000024  loss: 0.4301 (0.4316)  loss_scale: 524288.0000 (524288.0000)  weight_decay: 0.0500 (0.0500)  grad_norm: 0.5361 (0.5425)  time: 0.7750  data: 0.4213  max mem: 11583
Epoch: [320]  [30/55]  eta: 0:00:25  lr: 0.000024  min_lr: 0.000024  loss: 0.4338 (0.4326)  loss_scale: 524288.0000 (524288.0000)  weight_decay: 0.0500 (0.0500)  grad_norm: 0.5361 (0.5421)  time: 0.7872  data: 0.4266  max mem: 11583
Epoch: [320]  [40/55]  eta: 0:00:14  lr: 0.000024  min_lr: 0.000024  loss: 0.4315 (0.4318)  loss_scale: 524288.0000 (524288.0000)  weight_decay: 0.0500 (0.0500)  grad_norm: 0.5625 (0.5651)  time: 0.8453  data: 0.4813  max mem: 11583
Epoch: [320]  [50/55]  eta: 0:00:04  lr: 0.000024  min_lr: 0.000024  loss: 0.4315 (0.4324)  loss_scale: 524288.0000 (524288.0000)  weight_decay: 0.0500 (0.0500)  grad_norm: 0.5917 (0.5644)  time: 0.8256  data: 0.4705  max mem: 11583
Epoch: [320]  [54/55]  eta: 0:00:00  lr: 0.000024  min_lr: 0.000024  loss: 0.4322 (0.4323)  loss_scale: 524288.0000 (524288.0000)  weight_decay: 0.0500 (0.0500)  grad_norm: 0.5934 (0.5720)  time: 0.8113  data: 0.4611  max mem: 11583
Epoch: [320] Total time: 0:00:49 (0.9072 s / it)
Averaged stats: lr: 0.000024  min_lr: 0.000024  loss: 0.4322 (0.4323)  loss_scale: 524288.0000 (524288.0000)  weight_decay: 0.0500 (0.0500)  grad_norm: 0.5934 (0.5720)
Epoch: [321]  [ 0/55]  eta: 0:07:15  lr: 0.000024  min_lr: 0.000024  loss: 0.4338 (0.4338)  loss_scale: 524288.0000 (524288.0000)  weight_decay: 0.0500 (0.0500)  grad_norm: 0.6680 (0.6680)  time: 7.9243  data: 7.5290  max mem: 11583
Epoch: [321]  [10/55]  eta: 0:01:04  lr: 0.000024  min_lr: 0.000024  loss: 0.4338 (0.4332)  loss_scale: 524288.0000 (524288.0000)  weight_decay: 0.0500 (0.0500)  grad_norm: 0.6038 (0.6319)  time: 1.4332  data: 1.0798  max mem: 11583
Epoch: [321]  [20/55]  eta: 0:00:40  lr: 0.000024  min_lr: 0.000024  loss: 0.4349 (0.4337)  loss_scale: 524288.0000 (524288.0000)  weight_decay: 0.0500 (0.0500)  grad_norm: 0.5501 (0.5872)  time: 0.8049  data: 0.4487  max mem: 11583
Epoch: [321]  [30/55]  eta: 0:00:26  lr: 0.000024  min_lr: 0.000024  loss: 0.4349 (0.4343)  loss_scale: 524288.0000 (524288.0000)  weight_decay: 0.0500 (0.0500)  grad_norm: 0.5382 (0.5808)  time: 0.8274  data: 0.4610  max mem: 11583
Epoch: [321]  [40/55]  eta: 0:00:14  lr: 0.000023  min_lr: 0.000023  loss: 0.4312 (0.4328)  loss_scale: 524288.0000 (524288.0000)  weight_decay: 0.0500 (0.0500)  grad_norm: 0.5432 (0.5796)  time: 0.8348  data: 0.4699  max mem: 11583
Epoch: [321]  [50/55]  eta: 0:00:04  lr: 0.000023  min_lr: 0.000023  loss: 0.4312 (0.4327)  loss_scale: 524288.0000 (524288.0000)  weight_decay: 0.0500 (0.0500)  grad_norm: 0.5441 (0.5907)  time: 0.8150  data: 0.4610  max mem: 11583
Epoch: [321]  [54/55]  eta: 0:00:00  lr: 0.000023  min_lr: 0.000023  loss: 0.4312 (0.4323)  loss_scale: 524288.0000 (524288.0000)  weight_decay: 0.0500 (0.0500)  grad_norm: 0.6312 (0.6043)  time: 0.8080  data: 0.4567  max mem: 11583
Epoch: [321] Total time: 0:00:50 (0.9107 s / it)
Averaged stats: lr: 0.000023  min_lr: 0.000023  loss: 0.4312 (0.4323)  loss_scale: 524288.0000 (524288.0000)  weight_decay: 0.0500 (0.0500)  grad_norm: 0.6312 (0.6043)
Epoch: [322]  [ 0/55]  eta: 0:07:33  lr: 0.000023  min_lr: 0.000023  loss: 0.4312 (0.4312)  loss_scale: 524288.0000 (524288.0000)  weight_decay: 0.0500 (0.0500)  grad_norm: 0.6029 (0.6029)  time: 8.2399  data: 7.8234  max mem: 11583
Epoch: [322]  [10/55]  eta: 0:01:07  lr: 0.000023  min_lr: 0.000023  loss: 0.4325 (0.4351)  loss_scale: 524288.0000 (524288.0000)  weight_decay: 0.0500 (0.0500)  grad_norm: 0.6944 (0.6788)  time: 1.4934  data: 1.1140  max mem: 11583
Epoch: [322]  [20/55]  eta: 0:00:40  lr: 0.000023  min_lr: 0.000023  loss: 0.4308 (0.4334)  loss_scale: 524288.0000 (524288.0000)  weight_decay: 0.0500 (0.0500)  grad_norm: 0.6944 (0.6711)  time: 0.8044  data: 0.4348  max mem: 11583
Epoch: [322]  [30/55]  eta: 0:00:26  lr: 0.000023  min_lr: 0.000023  loss: 0.4308 (0.4334)  loss_scale: 524288.0000 (524288.0000)  weight_decay: 0.0500 (0.0500)  grad_norm: 0.6065 (0.6418)  time: 0.8416  data: 0.4717  max mem: 11583
Epoch: [322]  [40/55]  eta: 0:00:15  lr: 0.000023  min_lr: 0.000023  loss: 0.4289 (0.4320)  loss_scale: 524288.0000 (524288.0000)  weight_decay: 0.0500 (0.0500)  grad_norm: 0.5876 (0.6275)  time: 0.8452  data: 0.4772  max mem: 11583
Epoch: [322]  [50/55]  eta: 0:00:04  lr: 0.000023  min_lr: 0.000023  loss: 0.4306 (0.4329)  loss_scale: 524288.0000 (524288.0000)  weight_decay: 0.0500 (0.0500)  grad_norm: 0.5680 (0.6173)  time: 0.7877  data: 0.4382  max mem: 11583
Epoch: [322]  [54/55]  eta: 0:00:00  lr: 0.000023  min_lr: 0.000023  loss: 0.4329 (0.4333)  loss_scale: 524288.0000 (524288.0000)  weight_decay: 0.0500 (0.0500)  grad_norm: 0.5249 (0.6116)  time: 0.7699  data: 0.4234  max mem: 11583
Epoch: [322] Total time: 0:00:50 (0.9174 s / it)
Averaged stats: lr: 0.000023  min_lr: 0.000023  loss: 0.4329 (0.4333)  loss_scale: 524288.0000 (524288.0000)  weight_decay: 0.0500 (0.0500)  grad_norm: 0.5249 (0.6116)
Epoch: [323]  [ 0/55]  eta: 0:07:30  lr: 0.000023  min_lr: 0.000023  loss: 0.4189 (0.4189)  loss_scale: 524288.0000 (524288.0000)  weight_decay: 0.0500 (0.0500)  grad_norm: 0.4660 (0.4660)  time: 8.1947  data: 7.7671  max mem: 11583
Epoch: [323]  [10/55]  eta: 0:01:04  lr: 0.000023  min_lr: 0.000023  loss: 0.4274 (0.4317)  loss_scale: 524288.0000 (524288.0000)  weight_decay: 0.0500 (0.0500)  grad_norm: 0.5839 (0.5674)  time: 1.4365  data: 1.0770  max mem: 11583
Epoch: [323]  [20/55]  eta: 0:00:39  lr: 0.000023  min_lr: 0.000023  loss: 0.4299 (0.4318)  loss_scale: 524288.0000 (524288.0000)  weight_decay: 0.0500 (0.0500)  grad_norm: 0.5427 (0.5405)  time: 0.7771  data: 0.4234  max mem: 11583
Epoch: [323]  [30/55]  eta: 0:00:25  lr: 0.000023  min_lr: 0.000023  loss: 0.4308 (0.4321)  loss_scale: 524288.0000 (524288.0000)  weight_decay: 0.0500 (0.0500)  grad_norm: 0.4937 (0.5460)  time: 0.7947  data: 0.4388  max mem: 11583
Epoch: [323]  [40/55]  eta: 0:00:14  lr: 0.000023  min_lr: 0.000023  loss: 0.4306 (0.4313)  loss_scale: 524288.0000 (524288.0000)  weight_decay: 0.0500 (0.0500)  grad_norm: 0.5108 (0.5384)  time: 0.8098  data: 0.4489  max mem: 11583
Epoch: [323]  [50/55]  eta: 0:00:04  lr: 0.000023  min_lr: 0.000023  loss: 0.4319 (0.4323)  loss_scale: 524288.0000 (524288.0000)  weight_decay: 0.0500 (0.0500)  grad_norm: 0.5231 (0.5339)  time: 0.7916  data: 0.4388  max mem: 11583
Epoch: [323]  [54/55]  eta: 0:00:00  lr: 0.000023  min_lr: 0.000023  loss: 0.4317 (0.4321)  loss_scale: 524288.0000 (524288.0000)  weight_decay: 0.0500 (0.0500)  grad_norm: 0.5231 (0.5324)  time: 0.7799  data: 0.4338  max mem: 11583
Epoch: [323] Total time: 0:00:49 (0.8997 s / it)
Averaged stats: lr: 0.000023  min_lr: 0.000023  loss: 0.4317 (0.4321)  loss_scale: 524288.0000 (524288.0000)  weight_decay: 0.0500 (0.0500)  grad_norm: 0.5231 (0.5324)
Epoch: [324]  [ 0/55]  eta: 0:07:42  lr: 0.000023  min_lr: 0.000023  loss: 0.4287 (0.4287)  loss_scale: 524288.0000 (524288.0000)  weight_decay: 0.0500 (0.0500)  grad_norm: 0.4143 (0.4143)  time: 8.4021  data: 7.9838  max mem: 11583
Epoch: [324]  [10/55]  eta: 0:01:05  lr: 0.000023  min_lr: 0.000023  loss: 0.4307 (0.4320)  loss_scale: 524288.0000 (619613.0909)  weight_decay: 0.0500 (0.0500)  grad_norm: 0.5777 (0.5585)  time: 1.4662  data: 1.1025  max mem: 11583
Epoch: [324]  [20/55]  eta: 0:00:40  lr: 0.000023  min_lr: 0.000023  loss: 0.4307 (0.4313)  loss_scale: 1048576.0000 (823881.1429)  weight_decay: 0.0500 (0.0500)  grad_norm: 0.5777 (0.5671)  time: 0.7819  data: 0.4175  max mem: 11583
Epoch: [324]  [30/55]  eta: 0:00:26  lr: 0.000023  min_lr: 0.000023  loss: 0.4329 (0.4326)  loss_scale: 1048576.0000 (896363.3548)  weight_decay: 0.0500 (0.0500)  grad_norm: 0.5798 (0.5809)  time: 0.8354  data: 0.4701  max mem: 11583
Epoch: [324]  [40/55]  eta: 0:00:14  lr: 0.000022  min_lr: 0.000022  loss: 0.4344 (0.4321)  loss_scale: 1048576.0000 (933488.3902)  weight_decay: 0.0500 (0.0500)  grad_norm: 0.5322 (0.5683)  time: 0.8450  data: 0.4811  max mem: 11583
Epoch: [324]  [50/55]  eta: 0:00:04  lr: 0.000022  min_lr: 0.000022  loss: 0.4320 (0.4326)  loss_scale: 1048576.0000 (956054.5882)  weight_decay: 0.0500 (0.0500)  grad_norm: 0.5611 (0.5713)  time: 0.7993  data: 0.4449  max mem: 11583
Epoch: [324]  [54/55]  eta: 0:00:00  lr: 0.000022  min_lr: 0.000022  loss: 0.4341 (0.4328)  loss_scale: 1048576.0000 (962783.4182)  weight_decay: 0.0500 (0.0500)  grad_norm: 0.5705 (0.5777)  time: 0.7817  data: 0.4313  max mem: 11583
Epoch: [324] Total time: 0:00:50 (0.9143 s / it)
Averaged stats: lr: 0.000022  min_lr: 0.000022  loss: 0.4341 (0.4328)  loss_scale: 1048576.0000 (962783.4182)  weight_decay: 0.0500 (0.0500)  grad_norm: 0.5705 (0.5777)
Epoch: [325]  [ 0/55]  eta: 0:07:25  lr: 0.000022  min_lr: 0.000022  loss: 0.4209 (0.4209)  loss_scale: 1048576.0000 (1048576.0000)  weight_decay: 0.0500 (0.0500)  grad_norm: 0.5911 (0.5911)  time: 8.1048  data: 7.7402  max mem: 11583
Epoch: [325]  [10/55]  eta: 0:01:08  lr: 0.000022  min_lr: 0.000022  loss: 0.4318 (0.4334)  loss_scale: 1048576.0000 (1048576.0000)  weight_decay: 0.0500 (0.0500)  grad_norm: 0.6669 (0.6660)  time: 1.5143  data: 1.1615  max mem: 11583
Epoch: [325]  [20/55]  eta: 0:00:40  lr: 0.000022  min_lr: 0.000022  loss: 0.4326 (0.4329)  loss_scale: 1048576.0000 (1048576.0000)  weight_decay: 0.0500 (0.0500)  grad_norm: 0.6028 (0.6322)  time: 0.8202  data: 0.4659  max mem: 11583
Epoch: [325]  [30/55]  eta: 0:00:26  lr: 0.000022  min_lr: 0.000022  loss: 0.4333 (0.4330)  loss_scale: 1048576.0000 (1048576.0000)  weight_decay: 0.0500 (0.0500)  grad_norm: 0.5757 (0.6125)  time: 0.8073  data: 0.4528  max mem: 11583
Epoch: [325]  [40/55]  eta: 0:00:15  lr: 0.000022  min_lr: 0.000022  loss: 0.4304 (0.4323)  loss_scale: 1048576.0000 (1048576.0000)  weight_decay: 0.0500 (0.0500)  grad_norm: 0.5651 (0.6056)  time: 0.8278  data: 0.4691  max mem: 11583
Epoch: [325]  [50/55]  eta: 0:00:04  lr: 0.000022  min_lr: 0.000022  loss: 0.4296 (0.4323)  loss_scale: 1048576.0000 (1048576.0000)  weight_decay: 0.0500 (0.0500)  grad_norm: 0.5850 (0.6030)  time: 0.8028  data: 0.4472  max mem: 11583
Epoch: [325]  [54/55]  eta: 0:00:00  lr: 0.000022  min_lr: 0.000022  loss: 0.4296 (0.4326)  loss_scale: 1048576.0000 (1048576.0000)  weight_decay: 0.0500 (0.0500)  grad_norm: 0.5916 (0.6032)  time: 0.7877  data: 0.4472  max mem: 11583
Epoch: [325] Total time: 0:00:50 (0.9135 s / it)
Averaged stats: lr: 0.000022  min_lr: 0.000022  loss: 0.4296 (0.4326)  loss_scale: 1048576.0000 (1048576.0000)  weight_decay: 0.0500 (0.0500)  grad_norm: 0.5916 (0.6032)
Epoch: [326]  [ 0/55]  eta: 0:07:15  lr: 0.000022  min_lr: 0.000022  loss: 0.4271 (0.4271)  loss_scale: 1048576.0000 (1048576.0000)  weight_decay: 0.0500 (0.0500)  grad_norm: 0.5027 (0.5027)  time: 7.9196  data: 7.4719  max mem: 11583
Epoch: [326]  [10/55]  eta: 0:01:05  lr: 0.000022  min_lr: 0.000022  loss: 0.4327 (0.4341)  loss_scale: 1048576.0000 (1048576.0000)  weight_decay: 0.0500 (0.0500)  grad_norm: 0.5320 (0.5497)  time: 1.4515  data: 1.0855  max mem: 11583
Epoch: [326]  [20/55]  eta: 0:00:39  lr: 0.000022  min_lr: 0.000022  loss: 0.4322 (0.4323)  loss_scale: 1048576.0000 (1048576.0000)  weight_decay: 0.0500 (0.0500)  grad_norm: 0.5402 (0.5461)  time: 0.7917  data: 0.4321  max mem: 11583
Epoch: [326]  [30/55]  eta: 0:00:25  lr: 0.000022  min_lr: 0.000022  loss: 0.4314 (0.4318)  loss_scale: 1048576.0000 (1048576.0000)  weight_decay: 0.0500 (0.0500)  grad_norm: 0.5402 (0.5417)  time: 0.8053  data: 0.4368  max mem: 11583
Epoch: [326]  [40/55]  eta: 0:00:14  lr: 0.000022  min_lr: 0.000022  loss: 0.4314 (0.4313)  loss_scale: 1048576.0000 (1048576.0000)  weight_decay: 0.0500 (0.0500)  grad_norm: 0.5637 (0.5521)  time: 0.8360  data: 0.4728  max mem: 11583
Epoch: [326]  [50/55]  eta: 0:00:04  lr: 0.000022  min_lr: 0.000022  loss: 0.4313 (0.4319)  loss_scale: 1048576.0000 (1048576.0000)  weight_decay: 0.0500 (0.0500)  grad_norm: 0.5600 (0.5536)  time: 0.8048  data: 0.4582  max mem: 11583
Epoch: [326]  [54/55]  eta: 0:00:00  lr: 0.000022  min_lr: 0.000022  loss: 0.4319 (0.4324)  loss_scale: 1048576.0000 (1048576.0000)  weight_decay: 0.0500 (0.0500)  grad_norm: 0.5398 (0.5512)  time: 0.7953  data: 0.4550  max mem: 11583
Epoch: [326] Total time: 0:00:49 (0.9020 s / it)
Averaged stats: lr: 0.000022  min_lr: 0.000022  loss: 0.4319 (0.4324)  loss_scale: 1048576.0000 (1048576.0000)  weight_decay: 0.0500 (0.0500)  grad_norm: 0.5398 (0.5512)
Epoch: [327]  [ 0/55]  eta: 0:07:24  lr: 0.000022  min_lr: 0.000022  loss: 0.4343 (0.4343)  loss_scale: 1048576.0000 (1048576.0000)  weight_decay: 0.0500 (0.0500)  grad_norm: 0.5882 (0.5882)  time: 8.0896  data: 7.7136  max mem: 11583
Epoch: [327]  [10/55]  eta: 0:01:05  lr: 0.000022  min_lr: 0.000022  loss: 0.4339 (0.4335)  loss_scale: 1048576.0000 (1048576.0000)  weight_decay: 0.0500 (0.0500)  grad_norm: 0.5882 (0.6016)  time: 1.4582  data: 1.0969  max mem: 11583
Epoch: [327]  [20/55]  eta: 0:00:40  lr: 0.000022  min_lr: 0.000022  loss: 0.4333 (0.4340)  loss_scale: 1048576.0000 (1048576.0000)  weight_decay: 0.0500 (0.0500)  grad_norm: 0.5373 (0.5591)  time: 0.8076  data: 0.4498  max mem: 11583
Epoch: [327]  [30/55]  eta: 0:00:26  lr: 0.000022  min_lr: 0.000022  loss: 0.4333 (0.4340)  loss_scale: 1048576.0000 (1048576.0000)  weight_decay: 0.0500 (0.0500)  grad_norm: 0.5373 (0.5685)  time: 0.8198  data: 0.4646  max mem: 11583
Epoch: [327]  [40/55]  eta: 0:00:14  lr: 0.000022  min_lr: 0.000022  loss: 0.4303 (0.4328)  loss_scale: 1048576.0000 (1048576.0000)  weight_decay: 0.0500 (0.0500)  grad_norm: 0.5533 (0.5817)  time: 0.8300  data: 0.4700  max mem: 11583
Epoch: [327]  [50/55]  eta: 0:00:04  lr: 0.000021  min_lr: 0.000021  loss: 0.4298 (0.4329)  loss_scale: 1048576.0000 (1048576.0000)  weight_decay: 0.0500 (0.0500)  grad_norm: 0.5743 (0.5757)  time: 0.8129  data: 0.4566  max mem: 11583
Epoch: [327]  [54/55]  eta: 0:00:00  lr: 0.000021  min_lr: 0.000021  loss: 0.4299 (0.4329)  loss_scale: 1048576.0000 (1048576.0000)  weight_decay: 0.0500 (0.0500)  grad_norm: 0.5519 (0.5726)  time: 0.8078  data: 0.4566  max mem: 11583
Epoch: [327] Total time: 0:00:50 (0.9122 s / it)
Averaged stats: lr: 0.000021  min_lr: 0.000021  loss: 0.4299 (0.4329)  loss_scale: 1048576.0000 (1048576.0000)  weight_decay: 0.0500 (0.0500)  grad_norm: 0.5519 (0.5726)
Epoch: [328]  [ 0/55]  eta: 0:07:36  lr: 0.000021  min_lr: 0.000021  loss: 0.4218 (0.4218)  loss_scale: 1048576.0000 (1048576.0000)  weight_decay: 0.0500 (0.0500)  grad_norm: 0.5635 (0.5635)  time: 8.3077  data: 7.9059  max mem: 11583
Epoch: [328]  [10/55]  eta: 0:01:05  lr: 0.000021  min_lr: 0.000021  loss: 0.4332 (0.4341)  loss_scale: 1048576.0000 (1048576.0000)  weight_decay: 0.0500 (0.0500)  grad_norm: 0.5804 (0.6014)  time: 1.4650  data: 1.0991  max mem: 11583
Epoch: [328]  [20/55]  eta: 0:00:39  lr: 0.000021  min_lr: 0.000021  loss: 0.4293 (0.4316)  loss_scale: 1048576.0000 (1048576.0000)  weight_decay: 0.0500 (0.0500)  grad_norm: 0.5549 (0.5649)  time: 0.7752  data: 0.4153  max mem: 11583
Epoch: [328]  [30/55]  eta: 0:00:26  lr: 0.000021  min_lr: 0.000021  loss: 0.4284 (0.4316)  loss_scale: 1048576.0000 (1048576.0000)  weight_decay: 0.0500 (0.0500)  grad_norm: 0.5398 (0.5660)  time: 0.8317  data: 0.4654  max mem: 11583
Epoch: [328]  [40/55]  eta: 0:00:14  lr: 0.000021  min_lr: 0.000021  loss: 0.4315 (0.4308)  loss_scale: 1048576.0000 (1048576.0000)  weight_decay: 0.0500 (0.0500)  grad_norm: 0.5617 (0.5948)  time: 0.8569  data: 0.4869  max mem: 11583
Epoch: [328]  [50/55]  eta: 0:00:04  lr: 0.000021  min_lr: 0.000021  loss: 0.4296 (0.4310)  loss_scale: 1048576.0000 (1048576.0000)  weight_decay: 0.0500 (0.0500)  grad_norm: 0.6541 (0.6020)  time: 0.8026  data: 0.4499  max mem: 11583
Epoch: [328]  [54/55]  eta: 0:00:00  lr: 0.000021  min_lr: 0.000021  loss: 0.4281 (0.4310)  loss_scale: 1048576.0000 (1048576.0000)  weight_decay: 0.0500 (0.0500)  grad_norm: 0.5798 (0.5990)  time: 0.7812  data: 0.4307  max mem: 11583
Epoch: [328] Total time: 0:00:50 (0.9143 s / it)
Averaged stats: lr: 0.000021  min_lr: 0.000021  loss: 0.4281 (0.4310)  loss_scale: 1048576.0000 (1048576.0000)  weight_decay: 0.0500 (0.0500)  grad_norm: 0.5798 (0.5990)
Epoch: [329]  [ 0/55]  eta: 0:07:23  lr: 0.000021  min_lr: 0.000021  loss: 0.4253 (0.4253)  loss_scale: 1048576.0000 (1048576.0000)  weight_decay: 0.0500 (0.0500)  grad_norm: 0.6979 (0.6979)  time: 8.0607  data: 7.6726  max mem: 11583
Epoch: [329]  [10/55]  eta: 0:01:04  lr: 0.000021  min_lr: 0.000021  loss: 0.4313 (0.4311)  loss_scale: 1048576.0000 (1048576.0000)  weight_decay: 0.0500 (0.0500)  grad_norm: 0.5527 (0.5855)  time: 1.4325  data: 1.0788  max mem: 11583
Epoch: [329]  [20/55]  eta: 0:00:39  lr: 0.000021  min_lr: 0.000021  loss: 0.4321 (0.4318)  loss_scale: 1048576.0000 (1048576.0000)  weight_decay: 0.0500 (0.0500)  grad_norm: 0.5527 (0.5694)  time: 0.7708  data: 0.4153  max mem: 11583
Epoch: [329]  [30/55]  eta: 0:00:25  lr: 0.000021  min_lr: 0.000021  loss: 0.4329 (0.4314)  loss_scale: 1048576.0000 (1048576.0000)  weight_decay: 0.0500 (0.0500)  grad_norm: 0.5700 (0.5722)  time: 0.8019  data: 0.4384  max mem: 11583
Epoch: [329]  [40/55]  eta: 0:00:14  lr: 0.000021  min_lr: 0.000021  loss: 0.4295 (0.4304)  loss_scale: 1048576.0000 (1048576.0000)  weight_decay: 0.0500 (0.0500)  grad_norm: 0.5152 (0.5583)  time: 0.8159  data: 0.4527  max mem: 11583
Epoch: [329]  [50/55]  eta: 0:00:04  lr: 0.000021  min_lr: 0.000021  loss: 0.4307 (0.4311)  loss_scale: 1048576.0000 (1048576.0000)  weight_decay: 0.0500 (0.0500)  grad_norm: 0.5716 (0.5759)  time: 0.7899  data: 0.4347  max mem: 11583
Epoch: [329]  [54/55]  eta: 0:00:00  lr: 0.000021  min_lr: 0.000021  loss: 0.4314 (0.4313)  loss_scale: 1048576.0000 (1048576.0000)  weight_decay: 0.0500 (0.0500)  grad_norm: 0.5901 (0.5750)  time: 0.7595  data: 0.4218  max mem: 11583
Epoch: [329] Total time: 0:00:48 (0.8866 s / it)
Averaged stats: lr: 0.000021  min_lr: 0.000021  loss: 0.4314 (0.4313)  loss_scale: 1048576.0000 (1048576.0000)  weight_decay: 0.0500 (0.0500)  grad_norm: 0.5901 (0.5750)
Epoch: [330]  [ 0/55]  eta: 0:07:18  lr: 0.000021  min_lr: 0.000021  loss: 0.4226 (0.4226)  loss_scale: 1048576.0000 (1048576.0000)  weight_decay: 0.0500 (0.0500)  grad_norm: 0.5668 (0.5668)  time: 7.9677  data: 7.5467  max mem: 11583
Epoch: [330]  [10/55]  eta: 0:01:03  lr: 0.000021  min_lr: 0.000021  loss: 0.4263 (0.4286)  loss_scale: 1048576.0000 (1048576.0000)  weight_decay: 0.0500 (0.0500)  grad_norm: 0.6255 (0.6155)  time: 1.4148  data: 1.0604  max mem: 11583
Epoch: [330]  [20/55]  eta: 0:00:39  lr: 0.000021  min_lr: 0.000021  loss: 0.4305 (0.4309)  loss_scale: 1048576.0000 (1048576.0000)  weight_decay: 0.0500 (0.0500)  grad_norm: 0.5679 (0.5889)  time: 0.7945  data: 0.4361  max mem: 11583
Epoch: [330]  [30/55]  eta: 0:00:25  lr: 0.000021  min_lr: 0.000021  loss: 0.4323 (0.4313)  loss_scale: 1048576.0000 (1048576.0000)  weight_decay: 0.0500 (0.0500)  grad_norm: 0.5298 (0.5665)  time: 0.8199  data: 0.4531  max mem: 11583
Epoch: [330]  [40/55]  eta: 0:00:14  lr: 0.000021  min_lr: 0.000021  loss: 0.4329 (0.4317)  loss_scale: 1048576.0000 (1048576.0000)  weight_decay: 0.0500 (0.0500)  grad_norm: 0.5402 (0.5731)  time: 0.8322  data: 0.4666  max mem: 11583
Epoch: [330]  [50/55]  eta: 0:00:04  lr: 0.000021  min_lr: 0.000021  loss: 0.4296 (0.4316)  loss_scale: 1048576.0000 (1048576.0000)  weight_decay: 0.0500 (0.0500)  grad_norm: 0.5672 (0.5818)  time: 0.8153  data: 0.4553  max mem: 11583
Epoch: [330]  [54/55]  eta: 0:00:00  lr: 0.000021  min_lr: 0.000021  loss: 0.4294 (0.4314)  loss_scale: 1048576.0000 (1048576.0000)  weight_decay: 0.0500 (0.0500)  grad_norm: 0.5629 (0.5818)  time: 0.8128  data: 0.4552  max mem: 11583
Epoch: [330] Total time: 0:00:49 (0.9042 s / it)
Averaged stats: lr: 0.000021  min_lr: 0.000021  loss: 0.4294 (0.4314)  loss_scale: 1048576.0000 (1048576.0000)  weight_decay: 0.0500 (0.0500)  grad_norm: 0.5629 (0.5818)
Epoch: [331]  [ 0/55]  eta: 0:07:43  lr: 0.000021  min_lr: 0.000021  loss: 0.4262 (0.4262)  loss_scale: 1048576.0000 (1048576.0000)  weight_decay: 0.0500 (0.0500)  grad_norm: 0.5130 (0.5130)  time: 8.4291  data: 8.0222  max mem: 11583
Epoch: [331]  [10/55]  eta: 0:01:05  lr: 0.000020  min_lr: 0.000020  loss: 0.4384 (0.4359)  loss_scale: 1048576.0000 (1048576.0000)  weight_decay: 0.0500 (0.0500)  grad_norm: 0.5255 (0.5222)  time: 1.4600  data: 1.0957  max mem: 11583
Epoch: [331]  [20/55]  eta: 0:00:40  lr: 0.000020  min_lr: 0.000020  loss: 0.4345 (0.4332)  loss_scale: 1048576.0000 (1048576.0000)  weight_decay: 0.0500 (0.0500)  grad_norm: 0.5438 (0.5759)  time: 0.7947  data: 0.4325  max mem: 11583
Epoch: [331]  [30/55]  eta: 0:00:25  lr: 0.000020  min_lr: 0.000020  loss: 0.4325 (0.4334)  loss_scale: 1048576.0000 (1048576.0000)  weight_decay: 0.0500 (0.0500)  grad_norm: 0.5757 (0.5874)  time: 0.8024  data: 0.4394  max mem: 11583
Epoch: [331]  [40/55]  eta: 0:00:14  lr: 0.000020  min_lr: 0.000020  loss: 0.4296 (0.4319)  loss_scale: 1048576.0000 (1048576.0000)  weight_decay: 0.0500 (0.0500)  grad_norm: 0.5773 (0.5829)  time: 0.7990  data: 0.4368  max mem: 11583
Epoch: [331]  [50/55]  eta: 0:00:04  lr: 0.000020  min_lr: 0.000020  loss: 0.4288 (0.4322)  loss_scale: 1048576.0000 (1048576.0000)  weight_decay: 0.0500 (0.0500)  grad_norm: 0.5251 (0.5700)  time: 0.8305  data: 0.4672  max mem: 11583
Epoch: [331]  [54/55]  eta: 0:00:00  lr: 0.000020  min_lr: 0.000020  loss: 0.4282 (0.4319)  loss_scale: 1048576.0000 (1048576.0000)  weight_decay: 0.0500 (0.0500)  grad_norm: 0.5251 (0.5699)  time: 0.8071  data: 0.4504  max mem: 11583
Epoch: [331] Total time: 0:00:50 (0.9117 s / it)
Averaged stats: lr: 0.000020  min_lr: 0.000020  loss: 0.4282 (0.4319)  loss_scale: 1048576.0000 (1048576.0000)  weight_decay: 0.0500 (0.0500)  grad_norm: 0.5251 (0.5699)
Epoch: [332]  [ 0/55]  eta: 0:07:34  lr: 0.000020  min_lr: 0.000020  loss: 0.4263 (0.4263)  loss_scale: 1048576.0000 (1048576.0000)  weight_decay: 0.0500 (0.0500)  grad_norm: 0.5230 (0.5230)  time: 8.2560  data: 7.8030  max mem: 11583
Epoch: [332]  [10/55]  eta: 0:01:04  lr: 0.000020  min_lr: 0.000020  loss: 0.4263 (0.4285)  loss_scale: 1048576.0000 (1048576.0000)  weight_decay: 0.0500 (0.0500)  grad_norm: 0.5378 (0.5488)  time: 1.4374  data: 1.0667  max mem: 11583
Epoch: [332]  [20/55]  eta: 0:00:39  lr: 0.000020  min_lr: 0.000020  loss: 0.4267 (0.4293)  loss_scale: 1048576.0000 (1048576.0000)  weight_decay: 0.0500 (0.0500)  grad_norm: 0.5249 (0.5483)  time: 0.7630  data: 0.4002  max mem: 11583
Epoch: [332]  [30/55]  eta: 0:00:25  lr: 0.000020  min_lr: 0.000020  loss: 0.4284 (0.4297)  loss_scale: 1048576.0000 (1048576.0000)  weight_decay: 0.0500 (0.0500)  grad_norm: 0.5087 (0.5301)  time: 0.8001  data: 0.4463  max mem: 11583
Epoch: [332]  [40/55]  eta: 0:00:14  lr: 0.000020  min_lr: 0.000020  loss: 0.4280 (0.4289)  loss_scale: 1048576.0000 (1048576.0000)  weight_decay: 0.0500 (0.0500)  grad_norm: 0.5190 (0.5355)  time: 0.8168  data: 0.4597  max mem: 11583
Epoch: [332]  [50/55]  eta: 0:00:04  lr: 0.000020  min_lr: 0.000020  loss: 0.4297 (0.4296)  loss_scale: 1048576.0000 (1048576.0000)  weight_decay: 0.0500 (0.0500)  grad_norm: 0.5498 (0.5433)  time: 0.7883  data: 0.4316  max mem: 11583
Epoch: [332]  [54/55]  eta: 0:00:00  lr: 0.000020  min_lr: 0.000020  loss: 0.4300 (0.4302)  loss_scale: 1048576.0000 (1048576.0000)  weight_decay: 0.0500 (0.0500)  grad_norm: 0.5846 (0.5578)  time: 0.7876  data: 0.4425  max mem: 11583
Epoch: [332] Total time: 0:00:50 (0.9105 s / it)
Averaged stats: lr: 0.000020  min_lr: 0.000020  loss: 0.4300 (0.4302)  loss_scale: 1048576.0000 (1048576.0000)  weight_decay: 0.0500 (0.0500)  grad_norm: 0.5846 (0.5578)
Epoch: [333]  [ 0/55]  eta: 0:07:21  lr: 0.000020  min_lr: 0.000020  loss: 0.4363 (0.4363)  loss_scale: 1048576.0000 (1048576.0000)  weight_decay: 0.0500 (0.0500)  grad_norm: 1.0257 (1.0257)  time: 8.0226  data: 7.6359  max mem: 11583
Epoch: [333]  [10/55]  eta: 0:01:05  lr: 0.000020  min_lr: 0.000020  loss: 0.4313 (0.4306)  loss_scale: 1048576.0000 (1048576.0000)  weight_decay: 0.0500 (0.0500)  grad_norm: 0.6299 (0.6705)  time: 1.4469  data: 1.1009  max mem: 11583
Epoch: [333]  [20/55]  eta: 0:00:39  lr: 0.000020  min_lr: 0.000020  loss: 0.4319 (0.4319)  loss_scale: 1048576.0000 (1048576.0000)  weight_decay: 0.0500 (0.0500)  grad_norm: 0.5865 (0.6184)  time: 0.7944  data: 0.4429  max mem: 11583
Epoch: [333]  [30/55]  eta: 0:00:25  lr: 0.000020  min_lr: 0.000020  loss: 0.4326 (0.4324)  loss_scale: 1048576.0000 (1048576.0000)  weight_decay: 0.0500 (0.0500)  grad_norm: 0.5495 (0.5919)  time: 0.8048  data: 0.4454  max mem: 11583
Epoch: [333]  [40/55]  eta: 0:00:14  lr: 0.000020  min_lr: 0.000020  loss: 0.4301 (0.4315)  loss_scale: 1048576.0000 (1048576.0000)  weight_decay: 0.0500 (0.0500)  grad_norm: 0.5465 (0.6043)  time: 0.8229  data: 0.4652  max mem: 11583
Epoch: [333]  [50/55]  eta: 0:00:04  lr: 0.000020  min_lr: 0.000020  loss: 0.4302 (0.4317)  loss_scale: 1048576.0000 (1048576.0000)  weight_decay: 0.0500 (0.0500)  grad_norm: 0.6666 (0.6187)  time: 0.8065  data: 0.4527  max mem: 11583
Epoch: [333]  [54/55]  eta: 0:00:00  lr: 0.000020  min_lr: 0.000020  loss: 0.4302 (0.4317)  loss_scale: 1048576.0000 (1048576.0000)  weight_decay: 0.0500 (0.0500)  grad_norm: 0.6262 (0.6172)  time: 0.7993  data: 0.4476  max mem: 11583
Epoch: [333] Total time: 0:00:49 (0.9048 s / it)
Averaged stats: lr: 0.000020  min_lr: 0.000020  loss: 0.4302 (0.4317)  loss_scale: 1048576.0000 (1048576.0000)  weight_decay: 0.0500 (0.0500)  grad_norm: 0.6262 (0.6172)
Epoch: [334]  [ 0/55]  eta: 0:07:46  lr: 0.000020  min_lr: 0.000020  loss: 0.4345 (0.4345)  loss_scale: 1048576.0000 (1048576.0000)  weight_decay: 0.0500 (0.0500)  grad_norm: 0.5606 (0.5606)  time: 8.4861  data: 8.1130  max mem: 11583
Epoch: [334]  [10/55]  eta: 0:01:06  lr: 0.000020  min_lr: 0.000020  loss: 0.4293 (0.4319)  loss_scale: 1048576.0000 (1048576.0000)  weight_decay: 0.0500 (0.0500)  grad_norm: 0.6415 (0.7108)  time: 1.4853  data: 1.1190  max mem: 11583
Epoch: [334]  [20/55]  eta: 0:00:40  lr: 0.000020  min_lr: 0.000020  loss: 0.4308 (0.4311)  loss_scale: 1048576.0000 (1048576.0000)  weight_decay: 0.0500 (0.0500)  grad_norm: 0.5718 (0.6425)  time: 0.7900  data: 0.4294  max mem: 11583
Epoch: [334]  [30/55]  eta: 0:00:26  lr: 0.000020  min_lr: 0.000020  loss: 0.4329 (0.4325)  loss_scale: 1048576.0000 (1048576.0000)  weight_decay: 0.0500 (0.0500)  grad_norm: 0.5528 (0.6217)  time: 0.8047  data: 0.4436  max mem: 11583
Epoch: [334]  [40/55]  eta: 0:00:14  lr: 0.000019  min_lr: 0.000019  loss: 0.4288 (0.4314)  loss_scale: 1048576.0000 (1048576.0000)  weight_decay: 0.0500 (0.0500)  grad_norm: 0.5065 (0.6000)  time: 0.8071  data: 0.4438  max mem: 11583
Epoch: [334]  [50/55]  eta: 0:00:04  lr: 0.000019  min_lr: 0.000019  loss: 0.4280 (0.4309)  loss_scale: 1048576.0000 (1048576.0000)  weight_decay: 0.0500 (0.0500)  grad_norm: 0.5006 (0.5847)  time: 0.8300  data: 0.4770  max mem: 11583
Epoch: [334]  [54/55]  eta: 0:00:00  lr: 0.000019  min_lr: 0.000019  loss: 0.4285 (0.4313)  loss_scale: 1048576.0000 (1048576.0000)  weight_decay: 0.0500 (0.0500)  grad_norm: 0.5065 (0.5856)  time: 0.8128  data: 0.4630  max mem: 11583
Epoch: [334] Total time: 0:00:50 (0.9183 s / it)
Averaged stats: lr: 0.000019  min_lr: 0.000019  loss: 0.4285 (0.4313)  loss_scale: 1048576.0000 (1048576.0000)  weight_decay: 0.0500 (0.0500)  grad_norm: 0.5065 (0.5856)
Epoch: [335]  [ 0/55]  eta: 0:07:25  lr: 0.000019  min_lr: 0.000019  loss: 0.4236 (0.4236)  loss_scale: 1048576.0000 (1048576.0000)  weight_decay: 0.0500 (0.0500)  grad_norm: 0.5953 (0.5953)  time: 8.1013  data: 7.7170  max mem: 11583
Epoch: [335]  [10/55]  eta: 0:01:04  lr: 0.000019  min_lr: 0.000019  loss: 0.4293 (0.4298)  loss_scale: 1048576.0000 (1048576.0000)  weight_decay: 0.0500 (0.0500)  grad_norm: 0.5929 (0.5897)  time: 1.4355  data: 1.0813  max mem: 11583
Epoch: [335]  [20/55]  eta: 0:00:39  lr: 0.000019  min_lr: 0.000019  loss: 0.4302 (0.4311)  loss_scale: 1048576.0000 (1048576.0000)  weight_decay: 0.0500 (0.0500)  grad_norm: 0.4976 (0.5340)  time: 0.7714  data: 0.4154  max mem: 11583
Epoch: [335]  [30/55]  eta: 0:00:25  lr: 0.000019  min_lr: 0.000019  loss: 0.4302 (0.4315)  loss_scale: 1048576.0000 (1048576.0000)  weight_decay: 0.0500 (0.0500)  grad_norm: 0.4730 (0.5416)  time: 0.8223  data: 0.4623  max mem: 11583
Epoch: [335]  [40/55]  eta: 0:00:14  lr: 0.000019  min_lr: 0.000019  loss: 0.4293 (0.4302)  loss_scale: 1048576.0000 (1048576.0000)  weight_decay: 0.0500 (0.0500)  grad_norm: 0.5663 (0.5426)  time: 0.8482  data: 0.4885  max mem: 11583
Epoch: [335]  [50/55]  eta: 0:00:04  lr: 0.000019  min_lr: 0.000019  loss: 0.4303 (0.4312)  loss_scale: 1048576.0000 (1048576.0000)  weight_decay: 0.0500 (0.0500)  grad_norm: 0.5640 (0.5483)  time: 0.8017  data: 0.4489  max mem: 11583
Epoch: [335]  [54/55]  eta: 0:00:00  lr: 0.000019  min_lr: 0.000019  loss: 0.4309 (0.4311)  loss_scale: 1048576.0000 (1048576.0000)  weight_decay: 0.0500 (0.0500)  grad_norm: 0.5640 (0.5538)  time: 0.7964  data: 0.4459  max mem: 11583
Epoch: [335] Total time: 0:00:50 (0.9109 s / it)
Averaged stats: lr: 0.000019  min_lr: 0.000019  loss: 0.4309 (0.4311)  loss_scale: 1048576.0000 (1048576.0000)  weight_decay: 0.0500 (0.0500)  grad_norm: 0.5640 (0.5538)
Epoch: [336]  [ 0/55]  eta: 0:07:34  lr: 0.000019  min_lr: 0.000019  loss: 0.4182 (0.4182)  loss_scale: 1048576.0000 (1048576.0000)  weight_decay: 0.0500 (0.0500)  grad_norm: 0.5727 (0.5727)  time: 8.2645  data: 7.8653  max mem: 11583
Epoch: [336]  [10/55]  eta: 0:01:05  lr: 0.000019  min_lr: 0.000019  loss: 0.4283 (0.4266)  loss_scale: 1048576.0000 (1048576.0000)  weight_decay: 0.0500 (0.0500)  grad_norm: 0.5781 (0.5699)  time: 1.4645  data: 1.1075  max mem: 11583
Epoch: [336]  [20/55]  eta: 0:00:39  lr: 0.000019  min_lr: 0.000019  loss: 0.4278 (0.4283)  loss_scale: 1048576.0000 (1048576.0000)  weight_decay: 0.0500 (0.0500)  grad_norm: 0.5461 (0.5386)  time: 0.7737  data: 0.4216  max mem: 11583
Epoch: [336]  [30/55]  eta: 0:00:25  lr: 0.000019  min_lr: 0.000019  loss: 0.4312 (0.4296)  loss_scale: 1048576.0000 (1048576.0000)  weight_decay: 0.0500 (0.0500)  grad_norm: 0.4944 (0.5344)  time: 0.7801  data: 0.4254  max mem: 11583
Epoch: [336]  [40/55]  eta: 0:00:14  lr: 0.000019  min_lr: 0.000019  loss: 0.4322 (0.4296)  loss_scale: 1048576.0000 (1048576.0000)  weight_decay: 0.0500 (0.0500)  grad_norm: 0.4881 (0.5234)  time: 0.8113  data: 0.4535  max mem: 11583
Epoch: [336]  [50/55]  eta: 0:00:04  lr: 0.000019  min_lr: 0.000019  loss: 0.4294 (0.4297)  loss_scale: 1048576.0000 (1048576.0000)  weight_decay: 0.0500 (0.0500)  grad_norm: 0.5430 (0.5366)  time: 0.7940  data: 0.4398  max mem: 11583
Epoch: [336]  [54/55]  eta: 0:00:00  lr: 0.000019  min_lr: 0.000019  loss: 0.4286 (0.4298)  loss_scale: 1048576.0000 (1048576.0000)  weight_decay: 0.0500 (0.0500)  grad_norm: 0.5437 (0.5357)  time: 0.7862  data: 0.4339  max mem: 11583
Epoch: [336] Total time: 0:00:49 (0.8922 s / it)
Averaged stats: lr: 0.000019  min_lr: 0.000019  loss: 0.4286 (0.4298)  loss_scale: 1048576.0000 (1048576.0000)  weight_decay: 0.0500 (0.0500)  grad_norm: 0.5437 (0.5357)
Epoch: [337]  [ 0/55]  eta: 0:07:34  lr: 0.000019  min_lr: 0.000019  loss: 0.4308 (0.4308)  loss_scale: 1048576.0000 (1048576.0000)  weight_decay: 0.0500 (0.0500)  grad_norm: 0.5177 (0.5177)  time: 8.2553  data: 7.8230  max mem: 11583
Epoch: [337]  [10/55]  eta: 0:01:05  lr: 0.000019  min_lr: 0.000019  loss: 0.4303 (0.4295)  loss_scale: 1048576.0000 (1048576.0000)  weight_decay: 0.0500 (0.0500)  grad_norm: 0.5340 (0.5508)  time: 1.4640  data: 1.0888  max mem: 11583
Epoch: [337]  [20/55]  eta: 0:00:40  lr: 0.000019  min_lr: 0.000019  loss: 0.4276 (0.4293)  loss_scale: 1048576.0000 (1048576.0000)  weight_decay: 0.0500 (0.0500)  grad_norm: 0.5340 (0.5396)  time: 0.7928  data: 0.4294  max mem: 11583
Epoch: [337]  [30/55]  eta: 0:00:25  lr: 0.000019  min_lr: 0.000019  loss: 0.4287 (0.4301)  loss_scale: 1048576.0000 (1048576.0000)  weight_decay: 0.0500 (0.0500)  grad_norm: 0.5226 (0.5365)  time: 0.8034  data: 0.4481  max mem: 11583
Epoch: [337]  [40/55]  eta: 0:00:14  lr: 0.000019  min_lr: 0.000019  loss: 0.4289 (0.4293)  loss_scale: 1048576.0000 (1048576.0000)  weight_decay: 0.0500 (0.0500)  grad_norm: 0.5226 (0.5374)  time: 0.8050  data: 0.4502  max mem: 11583
Epoch: [337]  [50/55]  eta: 0:00:04  lr: 0.000019  min_lr: 0.000019  loss: 0.4285 (0.4294)  loss_scale: 1048576.0000 (1048576.0000)  weight_decay: 0.0500 (0.0500)  grad_norm: 0.5223 (0.5391)  time: 0.8215  data: 0.4697  max mem: 11583
Epoch: [337]  [54/55]  eta: 0:00:00  lr: 0.000019  min_lr: 0.000019  loss: 0.4299 (0.4296)  loss_scale: 1048576.0000 (1048576.0000)  weight_decay: 0.0500 (0.0500)  grad_norm: 0.5469 (0.5462)  time: 0.8048  data: 0.4579  max mem: 11583
Epoch: [337] Total time: 0:00:50 (0.9101 s / it)
Averaged stats: lr: 0.000019  min_lr: 0.000019  loss: 0.4299 (0.4296)  loss_scale: 1048576.0000 (1048576.0000)  weight_decay: 0.0500 (0.0500)  grad_norm: 0.5469 (0.5462)
Epoch: [338]  [ 0/55]  eta: 0:07:38  lr: 0.000019  min_lr: 0.000019  loss: 0.4201 (0.4201)  loss_scale: 1048576.0000 (1048576.0000)  weight_decay: 0.0500 (0.0500)  grad_norm: 0.6488 (0.6488)  time: 8.3288  data: 7.8379  max mem: 11583
Epoch: [338]  [10/55]  eta: 0:01:05  lr: 0.000019  min_lr: 0.000019  loss: 0.4321 (0.4308)  loss_scale: 1048576.0000 (1048576.0000)  weight_decay: 0.0500 (0.0500)  grad_norm: 0.6488 (0.6141)  time: 1.4634  data: 1.2242  max mem: 11583
Epoch: [338]  [20/55]  eta: 0:00:39  lr: 0.000018  min_lr: 0.000018  loss: 0.4317 (0.4314)  loss_scale: 1048576.0000 (1048576.0000)  weight_decay: 0.0500 (0.0500)  grad_norm: 0.5678 (0.5881)  time: 0.7761  data: 0.4903  max mem: 11583
Epoch: [338]  [30/55]  eta: 0:00:26  lr: 0.000018  min_lr: 0.000018  loss: 0.4302 (0.4309)  loss_scale: 1048576.0000 (1048576.0000)  weight_decay: 0.0500 (0.0500)  grad_norm: 0.5802 (0.5994)  time: 0.8077  data: 0.4482  max mem: 11583
Epoch: [338]  [40/55]  eta: 0:00:14  lr: 0.000018  min_lr: 0.000018  loss: 0.4281 (0.4304)  loss_scale: 1048576.0000 (1048576.0000)  weight_decay: 0.0500 (0.0500)  grad_norm: 0.5804 (0.5953)  time: 0.8319  data: 0.4629  max mem: 11583
Epoch: [338]  [50/55]  eta: 0:00:04  lr: 0.000018  min_lr: 0.000018  loss: 0.4281 (0.4299)  loss_scale: 1048576.0000 (1048576.0000)  weight_decay: 0.0500 (0.0500)  grad_norm: 0.5555 (0.5862)  time: 0.7975  data: 0.4386  max mem: 11583
Epoch: [338]  [54/55]  eta: 0:00:00  lr: 0.000018  min_lr: 0.000018  loss: 0.4279 (0.4302)  loss_scale: 1048576.0000 (1048576.0000)  weight_decay: 0.0500 (0.0500)  grad_norm: 0.5537 (0.5861)  time: 0.7964  data: 0.4427  max mem: 11583
Epoch: [338] Total time: 0:00:50 (0.9154 s / it)
Averaged stats: lr: 0.000018  min_lr: 0.000018  loss: 0.4279 (0.4302)  loss_scale: 1048576.0000 (1048576.0000)  weight_decay: 0.0500 (0.0500)  grad_norm: 0.5537 (0.5861)
Epoch: [339]  [ 0/55]  eta: 0:07:21  lr: 0.000018  min_lr: 0.000018  loss: 0.4243 (0.4243)  loss_scale: 1048576.0000 (1048576.0000)  weight_decay: 0.0500 (0.0500)  grad_norm: 0.5478 (0.5478)  time: 8.0298  data: 7.6191  max mem: 11583
Epoch: [339]  [10/55]  eta: 0:01:05  lr: 0.000018  min_lr: 0.000018  loss: 0.4271 (0.4293)  loss_scale: 1048576.0000 (1048576.0000)  weight_decay: 0.0500 (0.0500)  grad_norm: 0.5478 (0.5206)  time: 1.4534  data: 1.0903  max mem: 11583
Epoch: [339]  [20/55]  eta: 0:00:39  lr: 0.000018  min_lr: 0.000018  loss: 0.4293 (0.4298)  loss_scale: 1048576.0000 (1048576.0000)  weight_decay: 0.0500 (0.0500)  grad_norm: 0.5477 (0.5304)  time: 0.7905  data: 0.4328  max mem: 11583
Epoch: [339]  [30/55]  eta: 0:00:25  lr: 0.000018  min_lr: 0.000018  loss: 0.4317 (0.4307)  loss_scale: 1048576.0000 (1048576.0000)  weight_decay: 0.0500 (0.0500)  grad_norm: 0.5290 (0.5260)  time: 0.7850  data: 0.4300  max mem: 11583
Epoch: [339]  [40/55]  eta: 0:00:14  lr: 0.000018  min_lr: 0.000018  loss: 0.4264 (0.4289)  loss_scale: 1048576.0000 (1048576.0000)  weight_decay: 0.0500 (0.0500)  grad_norm: 0.4779 (0.5116)  time: 0.8451  data: 0.4775  max mem: 11583
Epoch: [339]  [50/55]  eta: 0:00:04  lr: 0.000018  min_lr: 0.000018  loss: 0.4249 (0.4291)  loss_scale: 1048576.0000 (1048576.0000)  weight_decay: 0.0500 (0.0500)  grad_norm: 0.4653 (0.5058)  time: 0.8395  data: 0.4753  max mem: 11583
Epoch: [339]  [54/55]  eta: 0:00:00  lr: 0.000018  min_lr: 0.000018  loss: 0.4266 (0.4294)  loss_scale: 1048576.0000 (1048576.0000)  weight_decay: 0.0500 (0.0500)  grad_norm: 0.4903 (0.5102)  time: 0.8362  data: 0.4752  max mem: 11583
Epoch: [339] Total time: 0:00:49 (0.9079 s / it)
Averaged stats: lr: 0.000018  min_lr: 0.000018  loss: 0.4266 (0.4294)  loss_scale: 1048576.0000 (1048576.0000)  weight_decay: 0.0500 (0.0500)  grad_norm: 0.4903 (0.5102)
Epoch: [340]  [ 0/55]  eta: 0:07:39  lr: 0.000018  min_lr: 0.000018  loss: 0.4158 (0.4158)  loss_scale: 1048576.0000 (1048576.0000)  weight_decay: 0.0500 (0.0500)  grad_norm: 0.6627 (0.6627)  time: 8.3520  data: 7.9372  max mem: 11583
Epoch: [340]  [10/55]  eta: 0:01:05  lr: 0.000018  min_lr: 0.000018  loss: 0.4253 (0.4271)  loss_scale: 1048576.0000 (1048576.0000)  weight_decay: 0.0500 (0.0500)  grad_norm: 0.5484 (0.5706)  time: 1.4627  data: 1.0968  max mem: 11583
Epoch: [340]  [20/55]  eta: 0:00:40  lr: 0.000018  min_lr: 0.000018  loss: 0.4269 (0.4294)  loss_scale: 1048576.0000 (1048576.0000)  weight_decay: 0.0500 (0.0500)  grad_norm: 0.5739 (0.5772)  time: 0.7947  data: 0.4356  max mem: 11583
Epoch: [340]  [30/55]  eta: 0:00:26  lr: 0.000018  min_lr: 0.000018  loss: 0.4328 (0.4306)  loss_scale: 1048576.0000 (1048576.0000)  weight_decay: 0.0500 (0.0500)  grad_norm: 0.5786 (0.5671)  time: 0.8100  data: 0.4480  max mem: 11583
Epoch: [340]  [40/55]  eta: 0:00:14  lr: 0.000018  min_lr: 0.000018  loss: 0.4284 (0.4298)  loss_scale: 1048576.0000 (1048576.0000)  weight_decay: 0.0500 (0.0500)  grad_norm: 0.5478 (0.5665)  time: 0.8170  data: 0.4489  max mem: 11583
Epoch: [340]  [50/55]  eta: 0:00:04  lr: 0.000018  min_lr: 0.000018  loss: 0.4266 (0.4296)  loss_scale: 1048576.0000 (1048576.0000)  weight_decay: 0.0500 (0.0500)  grad_norm: 0.5394 (0.5658)  time: 0.8237  data: 0.4655  max mem: 11583
Epoch: [340]  [54/55]  eta: 0:00:00  lr: 0.000018  min_lr: 0.000018  loss: 0.4266 (0.4296)  loss_scale: 1048576.0000 (1048576.0000)  weight_decay: 0.0500 (0.0500)  grad_norm: 0.5472 (0.5702)  time: 0.8075  data: 0.4500  max mem: 11583
Epoch: [340] Total time: 0:00:50 (0.9191 s / it)
Averaged stats: lr: 0.000018  min_lr: 0.000018  loss: 0.4266 (0.4296)  loss_scale: 1048576.0000 (1048576.0000)  weight_decay: 0.0500 (0.0500)  grad_norm: 0.5472 (0.5702)
Epoch: [341]  [ 0/55]  eta: 0:07:11  lr: 0.000018  min_lr: 0.000018  loss: 0.4194 (0.4194)  loss_scale: 1048576.0000 (1048576.0000)  weight_decay: 0.0500 (0.0500)  grad_norm: 0.7509 (0.7509)  time: 7.8528  data: 7.5288  max mem: 11583
Epoch: [341]  [10/55]  eta: 0:01:07  lr: 0.000018  min_lr: 0.000018  loss: 0.4241 (0.4247)  loss_scale: 1048576.0000 (1048576.0000)  weight_decay: 0.0500 (0.0500)  grad_norm: 0.5873 (0.6088)  time: 1.5110  data: 1.1674  max mem: 11583
Epoch: [341]  [20/55]  eta: 0:00:40  lr: 0.000018  min_lr: 0.000018  loss: 0.4256 (0.4265)  loss_scale: 1048576.0000 (1048576.0000)  weight_decay: 0.0500 (0.0500)  grad_norm: 0.5873 (0.6240)  time: 0.8286  data: 0.4795  max mem: 11583
Epoch: [341]  [30/55]  eta: 0:00:26  lr: 0.000018  min_lr: 0.000018  loss: 0.4314 (0.4278)  loss_scale: 1048576.0000 (1048576.0000)  weight_decay: 0.0500 (0.0500)  grad_norm: 0.6125 (0.6331)  time: 0.8167  data: 0.4533  max mem: 11583
Epoch: [341]  [40/55]  eta: 0:00:15  lr: 0.000018  min_lr: 0.000018  loss: 0.4280 (0.4276)  loss_scale: 1048576.0000 (1048576.0000)  weight_decay: 0.0500 (0.0500)  grad_norm: 0.5945 (0.6266)  time: 0.8426  data: 0.4705  max mem: 11583
Epoch: [341]  [50/55]  eta: 0:00:04  lr: 0.000018  min_lr: 0.000018  loss: 0.4262 (0.4278)  loss_scale: 1048576.0000 (1048576.0000)  weight_decay: 0.0500 (0.0500)  grad_norm: 0.5618 (0.6122)  time: 0.8110  data: 0.4549  max mem: 11583
Epoch: [341]  [54/55]  eta: 0:00:00  lr: 0.000018  min_lr: 0.000018  loss: 0.4262 (0.4280)  loss_scale: 1048576.0000 (1048576.0000)  weight_decay: 0.0500 (0.0500)  grad_norm: 0.5326 (0.6043)  time: 0.7813  data: 0.4337  max mem: 11583
Epoch: [341] Total time: 0:00:50 (0.9196 s / it)
Averaged stats: lr: 0.000018  min_lr: 0.000018  loss: 0.4262 (0.4280)  loss_scale: 1048576.0000 (1048576.0000)  weight_decay: 0.0500 (0.0500)  grad_norm: 0.5326 (0.6043)
Epoch: [342]  [ 0/55]  eta: 0:07:14  lr: 0.000018  min_lr: 0.000018  loss: 0.4252 (0.4252)  loss_scale: 1048576.0000 (1048576.0000)  weight_decay: 0.0500 (0.0500)  grad_norm: 0.5989 (0.5989)  time: 7.8933  data: 7.4837  max mem: 11583
Epoch: [342]  [10/55]  eta: 0:01:05  lr: 0.000017  min_lr: 0.000017  loss: 0.4271 (0.4281)  loss_scale: 1048576.0000 (1048576.0000)  weight_decay: 0.0500 (0.0500)  grad_norm: 0.5989 (0.6183)  time: 1.4657  data: 1.1005  max mem: 11583
Epoch: [342]  [20/55]  eta: 0:00:39  lr: 0.000017  min_lr: 0.000017  loss: 0.4288 (0.4296)  loss_scale: 1048576.0000 (1048576.0000)  weight_decay: 0.0500 (0.0500)  grad_norm: 0.5605 (0.6229)  time: 0.7986  data: 0.4378  max mem: 11583
Epoch: [342]  [30/55]  eta: 0:00:26  lr: 0.000017  min_lr: 0.000017  loss: 0.4307 (0.4298)  loss_scale: 1048576.0000 (1048576.0000)  weight_decay: 0.0500 (0.0500)  grad_norm: 0.5238 (0.5839)  time: 0.8060  data: 0.4453  max mem: 11583
Epoch: [342]  [40/55]  eta: 0:00:14  lr: 0.000017  min_lr: 0.000017  loss: 0.4273 (0.4284)  loss_scale: 1048576.0000 (1048576.0000)  weight_decay: 0.0500 (0.0500)  grad_norm: 0.4714 (0.5816)  time: 0.8156  data: 0.4572  max mem: 11583
Epoch: [342]  [50/55]  eta: 0:00:04  lr: 0.000017  min_lr: 0.000017  loss: 0.4270 (0.4289)  loss_scale: 1048576.0000 (1048576.0000)  weight_decay: 0.0500 (0.0500)  grad_norm: 0.5491 (0.5873)  time: 0.7873  data: 0.4367  max mem: 11583
Epoch: [342]  [54/55]  eta: 0:00:00  lr: 0.000017  min_lr: 0.000017  loss: 0.4241 (0.4286)  loss_scale: 1048576.0000 (1048576.0000)  weight_decay: 0.0500 (0.0500)  grad_norm: 0.5746 (0.5852)  time: 0.7745  data: 0.4285  max mem: 11583
Epoch: [342] Total time: 0:00:49 (0.8981 s / it)
Averaged stats: lr: 0.000017  min_lr: 0.000017  loss: 0.4241 (0.4286)  loss_scale: 1048576.0000 (1048576.0000)  weight_decay: 0.0500 (0.0500)  grad_norm: 0.5746 (0.5852)
Epoch: [343]  [ 0/55]  eta: 0:07:39  lr: 0.000017  min_lr: 0.000017  loss: 0.4206 (0.4206)  loss_scale: 1048576.0000 (1048576.0000)  weight_decay: 0.0500 (0.0500)  grad_norm: 0.4401 (0.4401)  time: 8.3533  data: 7.9082  max mem: 11583
Epoch: [343]  [10/55]  eta: 0:01:05  lr: 0.000017  min_lr: 0.000017  loss: 0.4266 (0.4301)  loss_scale: 1048576.0000 (1048576.0000)  weight_decay: 0.0500 (0.0500)  grad_norm: 0.6043 (0.5756)  time: 1.4544  data: 1.0909  max mem: 11583
Epoch: [343]  [20/55]  eta: 0:00:41  lr: 0.000017  min_lr: 0.000017  loss: 0.4266 (0.4302)  loss_scale: 1048576.0000 (1048576.0000)  weight_decay: 0.0500 (0.0500)  grad_norm: 0.5850 (0.5736)  time: 0.8173  data: 0.4570  max mem: 11583
Epoch: [343]  [30/55]  eta: 0:00:26  lr: 0.000017  min_lr: 0.000017  loss: 0.4293 (0.4308)  loss_scale: 1048576.0000 (1048576.0000)  weight_decay: 0.0500 (0.0500)  grad_norm: 0.5850 (0.5770)  time: 0.8376  data: 0.4761  max mem: 11583
Epoch: [343]  [40/55]  eta: 0:00:14  lr: 0.000017  min_lr: 0.000017  loss: 0.4293 (0.4303)  loss_scale: 1048576.0000 (1048576.0000)  weight_decay: 0.0500 (0.0500)  grad_norm: 0.5559 (0.5724)  time: 0.8126  data: 0.4558  max mem: 11583
Epoch: [343]  [50/55]  eta: 0:00:04  lr: 0.000017  min_lr: 0.000017  loss: 0.4290 (0.4303)  loss_scale: 1048576.0000 (1048576.0000)  weight_decay: 0.0500 (0.0500)  grad_norm: 0.5215 (0.5621)  time: 0.7992  data: 0.4479  max mem: 11583
Epoch: [343]  [54/55]  eta: 0:00:00  lr: 0.000017  min_lr: 0.000017  loss: 0.4278 (0.4302)  loss_scale: 1048576.0000 (1048576.0000)  weight_decay: 0.0500 (0.0500)  grad_norm: 0.4930 (0.5560)  time: 0.7926  data: 0.4479  max mem: 11583
Epoch: [343] Total time: 0:00:50 (0.9112 s / it)
Averaged stats: lr: 0.000017  min_lr: 0.000017  loss: 0.4278 (0.4302)  loss_scale: 1048576.0000 (1048576.0000)  weight_decay: 0.0500 (0.0500)  grad_norm: 0.4930 (0.5560)
Epoch: [344]  [ 0/55]  eta: 0:07:41  lr: 0.000017  min_lr: 0.000017  loss: 0.4118 (0.4118)  loss_scale: 1048576.0000 (1048576.0000)  weight_decay: 0.0500 (0.0500)  grad_norm: 0.5210 (0.5210)  time: 8.3922  data: 7.9635  max mem: 11583
Epoch: [344]  [10/55]  eta: 0:01:05  lr: 0.000017  min_lr: 0.000017  loss: 0.4260 (0.4263)  loss_scale: 1048576.0000 (1048576.0000)  weight_decay: 0.0500 (0.0500)  grad_norm: 0.4907 (0.4853)  time: 1.4480  data: 1.0836  max mem: 11583
Epoch: [344]  [20/55]  eta: 0:00:39  lr: 0.000017  min_lr: 0.000017  loss: 0.4260 (0.4271)  loss_scale: 1048576.0000 (1048576.0000)  weight_decay: 0.0500 (0.0500)  grad_norm: 0.4907 (0.5016)  time: 0.7591  data: 0.4029  max mem: 11583
Epoch: [344]  [30/55]  eta: 0:00:25  lr: 0.000017  min_lr: 0.000017  loss: 0.4290 (0.4282)  loss_scale: 1048576.0000 (1048576.0000)  weight_decay: 0.0500 (0.0500)  grad_norm: 0.5305 (0.5125)  time: 0.8023  data: 0.4458  max mem: 11583
Epoch: [344]  [40/55]  eta: 0:00:14  lr: 0.000017  min_lr: 0.000017  loss: 0.4290 (0.4277)  loss_scale: 1048576.0000 (1048576.0000)  weight_decay: 0.0500 (0.0500)  grad_norm: 0.5305 (0.5198)  time: 0.8254  data: 0.4664  max mem: 11583
Epoch: [344]  [50/55]  eta: 0:00:04  lr: 0.000017  min_lr: 0.000017  loss: 0.4285 (0.4286)  loss_scale: 1048576.0000 (1048576.0000)  weight_decay: 0.0500 (0.0500)  grad_norm: 0.5447 (0.5331)  time: 0.7715  data: 0.4270  max mem: 11583
Epoch: [344]  [54/55]  eta: 0:00:00  lr: 0.000017  min_lr: 0.000017  loss: 0.4296 (0.4289)  loss_scale: 1048576.0000 (1048576.0000)  weight_decay: 0.0500 (0.0500)  grad_norm: 0.5447 (0.5308)  time: 0.7324  data: 0.4242  max mem: 11583
Epoch: [344] Total time: 0:00:48 (0.8816 s / it)
Averaged stats: lr: 0.000017  min_lr: 0.000017  loss: 0.4296 (0.4289)  loss_scale: 1048576.0000 (1048576.0000)  weight_decay: 0.0500 (0.0500)  grad_norm: 0.5447 (0.5308)
Epoch: [345]  [ 0/55]  eta: 0:07:37  lr: 0.000017  min_lr: 0.000017  loss: 0.4277 (0.4277)  loss_scale: 1048576.0000 (1048576.0000)  weight_decay: 0.0500 (0.0500)  grad_norm: 0.5877 (0.5877)  time: 8.3135  data: 7.9292  max mem: 11583
Epoch: [345]  [10/55]  eta: 0:01:04  lr: 0.000017  min_lr: 0.000017  loss: 0.4277 (0.4304)  loss_scale: 1048576.0000 (1048576.0000)  weight_decay: 0.0500 (0.0500)  grad_norm: 0.5313 (0.5230)  time: 1.4410  data: 1.0782  max mem: 11583
Epoch: [345]  [20/55]  eta: 0:00:41  lr: 0.000017  min_lr: 0.000017  loss: 0.4308 (0.4318)  loss_scale: 1048576.0000 (1048576.0000)  weight_decay: 0.0500 (0.0500)  grad_norm: 0.5214 (0.5294)  time: 0.8195  data: 0.4479  max mem: 11583
Epoch: [345]  [30/55]  eta: 0:00:26  lr: 0.000017  min_lr: 0.000017  loss: 0.4308 (0.4310)  loss_scale: 1048576.0000 (1048576.0000)  weight_decay: 0.0500 (0.0500)  grad_norm: 0.5153 (0.5573)  time: 0.8549  data: 0.4766  max mem: 11583
Epoch: [345]  [40/55]  eta: 0:00:15  lr: 0.000017  min_lr: 0.000017  loss: 0.4262 (0.4298)  loss_scale: 1048576.0000 (1048576.0000)  weight_decay: 0.0500 (0.0500)  grad_norm: 0.5153 (0.5589)  time: 0.8575  data: 0.4799  max mem: 11583
Epoch: [345]  [50/55]  eta: 0:00:04  lr: 0.000017  min_lr: 0.000017  loss: 0.4262 (0.4295)  loss_scale: 1048576.0000 (1048576.0000)  weight_decay: 0.0500 (0.0500)  grad_norm: 0.5476 (0.5550)  time: 0.8296  data: 0.4665  max mem: 11583
Epoch: [345]  [54/55]  eta: 0:00:00  lr: 0.000017  min_lr: 0.000017  loss: 0.4267 (0.4295)  loss_scale: 1048576.0000 (1048576.0000)  weight_decay: 0.0500 (0.0500)  grad_norm: 0.5670 (0.5562)  time: 0.8026  data: 0.4437  max mem: 11583
Epoch: [345] Total time: 0:00:50 (0.9269 s / it)
Averaged stats: lr: 0.000017  min_lr: 0.000017  loss: 0.4267 (0.4295)  loss_scale: 1048576.0000 (1048576.0000)  weight_decay: 0.0500 (0.0500)  grad_norm: 0.5670 (0.5562)
Epoch: [346]  [ 0/55]  eta: 0:07:44  lr: 0.000017  min_lr: 0.000017  loss: 0.4243 (0.4243)  loss_scale: 1048576.0000 (1048576.0000)  weight_decay: 0.0500 (0.0500)  grad_norm: 0.5725 (0.5725)  time: 8.4412  data: 7.9892  max mem: 11583
Epoch: [346]  [10/55]  eta: 0:01:05  lr: 0.000016  min_lr: 0.000016  loss: 0.4266 (0.4289)  loss_scale: 1048576.0000 (1048576.0000)  weight_decay: 0.0500 (0.0500)  grad_norm: 0.5522 (0.5396)  time: 1.4499  data: 1.0822  max mem: 11583
Epoch: [346]  [20/55]  eta: 0:00:39  lr: 0.000016  min_lr: 0.000016  loss: 0.4263 (0.4283)  loss_scale: 1048576.0000 (1048576.0000)  weight_decay: 0.0500 (0.0500)  grad_norm: 0.4817 (0.5188)  time: 0.7703  data: 0.4099  max mem: 11583
Epoch: [346]  [30/55]  eta: 0:00:25  lr: 0.000016  min_lr: 0.000016  loss: 0.4271 (0.4292)  loss_scale: 1048576.0000 (1048576.0000)  weight_decay: 0.0500 (0.0500)  grad_norm: 0.5008 (0.5442)  time: 0.7979  data: 0.4351  max mem: 11583
Epoch: [346]  [40/55]  eta: 0:00:14  lr: 0.000016  min_lr: 0.000016  loss: 0.4284 (0.4283)  loss_scale: 1048576.0000 (1048576.0000)  weight_decay: 0.0500 (0.0500)  grad_norm: 0.5419 (0.5490)  time: 0.8362  data: 0.4722  max mem: 11583
Epoch: [346]  [50/55]  eta: 0:00:04  lr: 0.000016  min_lr: 0.000016  loss: 0.4255 (0.4278)  loss_scale: 1048576.0000 (1048576.0000)  weight_decay: 0.0500 (0.0500)  grad_norm: 0.5408 (0.5491)  time: 0.8297  data: 0.4781  max mem: 11583
Epoch: [346]  [54/55]  eta: 0:00:00  lr: 0.000016  min_lr: 0.000016  loss: 0.4263 (0.4281)  loss_scale: 1048576.0000 (1048576.0000)  weight_decay: 0.0500 (0.0500)  grad_norm: 0.5341 (0.5462)  time: 0.7970  data: 0.4525  max mem: 11583
Epoch: [346] Total time: 0:00:49 (0.9074 s / it)
Averaged stats: lr: 0.000016  min_lr: 0.000016  loss: 0.4263 (0.4281)  loss_scale: 1048576.0000 (1048576.0000)  weight_decay: 0.0500 (0.0500)  grad_norm: 0.5341 (0.5462)
Epoch: [347]  [ 0/55]  eta: 0:07:58  lr: 0.000016  min_lr: 0.000016  loss: 0.4171 (0.4171)  loss_scale: 1048576.0000 (1048576.0000)  weight_decay: 0.0500 (0.0500)  grad_norm: 0.5470 (0.5470)  time: 8.7058  data: 8.2742  max mem: 11583
Epoch: [347]  [10/55]  eta: 0:01:05  lr: 0.000016  min_lr: 0.000016  loss: 0.4239 (0.4262)  loss_scale: 1048576.0000 (1048576.0000)  weight_decay: 0.0500 (0.0500)  grad_norm: 0.5130 (0.5295)  time: 1.4667  data: 1.1033  max mem: 11583
Epoch: [347]  [20/55]  eta: 0:00:39  lr: 0.000016  min_lr: 0.000016  loss: 0.4258 (0.4274)  loss_scale: 1048576.0000 (1048576.0000)  weight_decay: 0.0500 (0.0500)  grad_norm: 0.5452 (0.5345)  time: 0.7552  data: 0.3944  max mem: 11583
Epoch: [347]  [30/55]  eta: 0:00:26  lr: 0.000016  min_lr: 0.000016  loss: 0.4299 (0.4286)  loss_scale: 1048576.0000 (1048576.0000)  weight_decay: 0.0500 (0.0500)  grad_norm: 0.5456 (0.5413)  time: 0.8082  data: 0.5118  max mem: 11583
Epoch: [347]  [40/55]  eta: 0:00:14  lr: 0.000016  min_lr: 0.000016  loss: 0.4299 (0.4280)  loss_scale: 1048576.0000 (1048576.0000)  weight_decay: 0.0500 (0.0500)  grad_norm: 0.5360 (0.5508)  time: 0.8316  data: 0.5325  max mem: 11583
Epoch: [347]  [50/55]  eta: 0:00:04  lr: 0.000016  min_lr: 0.000016  loss: 0.4259 (0.4282)  loss_scale: 1048576.0000 (1048576.0000)  weight_decay: 0.0500 (0.0500)  grad_norm: 0.5179 (0.5459)  time: 0.7954  data: 0.4406  max mem: 11583
Epoch: [347]  [54/55]  eta: 0:00:00  lr: 0.000016  min_lr: 0.000016  loss: 0.4259 (0.4281)  loss_scale: 1048576.0000 (1048576.0000)  weight_decay: 0.0500 (0.0500)  grad_norm: 0.5179 (0.5515)  time: 0.7891  data: 0.4418  max mem: 11583
Epoch: [347] Total time: 0:00:50 (0.9126 s / it)
Averaged stats: lr: 0.000016  min_lr: 0.000016  loss: 0.4259 (0.4281)  loss_scale: 1048576.0000 (1048576.0000)  weight_decay: 0.0500 (0.0500)  grad_norm: 0.5179 (0.5515)
Epoch: [348]  [ 0/55]  eta: 0:07:22  lr: 0.000016  min_lr: 0.000016  loss: 0.4160 (0.4160)  loss_scale: 1048576.0000 (1048576.0000)  weight_decay: 0.0500 (0.0500)  grad_norm: 0.5335 (0.5335)  time: 8.0414  data: 7.6072  max mem: 11583
Epoch: [348]  [10/55]  eta: 0:01:06  lr: 0.000016  min_lr: 0.000016  loss: 0.4305 (0.4292)  loss_scale: 1048576.0000 (1048576.0000)  weight_decay: 0.0500 (0.0500)  grad_norm: 0.5486 (0.5561)  time: 1.4816  data: 1.1162  max mem: 11583
Epoch: [348]  [20/55]  eta: 0:00:39  lr: 0.000016  min_lr: 0.000016  loss: 0.4275 (0.4270)  loss_scale: 1048576.0000 (1048576.0000)  weight_decay: 0.0500 (0.0500)  grad_norm: 0.5586 (0.5723)  time: 0.7918  data: 0.4306  max mem: 11583
Epoch: [348]  [30/55]  eta: 0:00:25  lr: 0.000016  min_lr: 0.000016  loss: 0.4270 (0.4277)  loss_scale: 1048576.0000 (1048576.0000)  weight_decay: 0.0500 (0.0500)  grad_norm: 0.5582 (0.5627)  time: 0.7963  data: 0.4345  max mem: 11583
Epoch: [348]  [40/55]  eta: 0:00:14  lr: 0.000016  min_lr: 0.000016  loss: 0.4265 (0.4275)  loss_scale: 1048576.0000 (1048576.0000)  weight_decay: 0.0500 (0.0500)  grad_norm: 0.5364 (0.5589)  time: 0.8226  data: 0.4651  max mem: 11583
Epoch: [348]  [50/55]  eta: 0:00:04  lr: 0.000016  min_lr: 0.000016  loss: 0.4266 (0.4277)  loss_scale: 1048576.0000 (1048576.0000)  weight_decay: 0.0500 (0.0500)  grad_norm: 0.4891 (0.5437)  time: 0.7904  data: 0.4383  max mem: 11583
Epoch: [348]  [54/55]  eta: 0:00:00  lr: 0.000016  min_lr: 0.000016  loss: 0.4253 (0.4275)  loss_scale: 1048576.0000 (1048576.0000)  weight_decay: 0.0500 (0.0500)  grad_norm: 0.4891 (0.5411)  time: 0.7863  data: 0.4383  max mem: 11583
Epoch: [348] Total time: 0:00:49 (0.9000 s / it)
Averaged stats: lr: 0.000016  min_lr: 0.000016  loss: 0.4253 (0.4275)  loss_scale: 1048576.0000 (1048576.0000)  weight_decay: 0.0500 (0.0500)  grad_norm: 0.4891 (0.5411)
Epoch: [349]  [ 0/55]  eta: 0:07:27  lr: 0.000016  min_lr: 0.000016  loss: 0.4366 (0.4366)  loss_scale: 1048576.0000 (1048576.0000)  weight_decay: 0.0500 (0.0500)  grad_norm: 0.4437 (0.4437)  time: 8.1278  data: 7.6931  max mem: 11583
Epoch: [349]  [10/55]  eta: 0:01:05  lr: 0.000016  min_lr: 0.000016  loss: 0.4259 (0.4288)  loss_scale: 1048576.0000 (1048576.0000)  weight_decay: 0.0500 (0.0500)  grad_norm: 0.4905 (0.4847)  time: 1.4607  data: 1.0945  max mem: 11583
Epoch: [349]  [20/55]  eta: 0:00:41  lr: 0.000016  min_lr: 0.000016  loss: 0.4259 (0.4291)  loss_scale: 1048576.0000 (1048576.0000)  weight_decay: 0.0500 (0.0500)  grad_norm: 0.4905 (0.4881)  time: 0.8318  data: 0.4687  max mem: 11583
Epoch: [349]  [30/55]  eta: 0:00:26  lr: 0.000016  min_lr: 0.000016  loss: 0.4296 (0.4294)  loss_scale: 1048576.0000 (1048576.0000)  weight_decay: 0.0500 (0.0500)  grad_norm: 0.5013 (0.4929)  time: 0.8413  data: 0.4772  max mem: 11583
Epoch: [349]  [40/55]  eta: 0:00:15  lr: 0.000016  min_lr: 0.000016  loss: 0.4277 (0.4286)  loss_scale: 1048576.0000 (1048576.0000)  weight_decay: 0.0500 (0.0500)  grad_norm: 0.5318 (0.5062)  time: 0.8228  data: 0.4662  max mem: 11583
Epoch: [349]  [50/55]  eta: 0:00:04  lr: 0.000016  min_lr: 0.000016  loss: 0.4285 (0.4292)  loss_scale: 1048576.0000 (1048576.0000)  weight_decay: 0.0500 (0.0500)  grad_norm: 0.5643 (0.5252)  time: 0.8008  data: 0.4554  max mem: 11583
Epoch: [349]  [54/55]  eta: 0:00:00  lr: 0.000016  min_lr: 0.000016  loss: 0.4285 (0.4292)  loss_scale: 1048576.0000 (1048576.0000)  weight_decay: 0.0500 (0.0500)  grad_norm: 0.5383 (0.5228)  time: 0.7985  data: 0.4554  max mem: 11583
Epoch: [349] Total time: 0:00:50 (0.9156 s / it)
Averaged stats: lr: 0.000016  min_lr: 0.000016  loss: 0.4285 (0.4292)  loss_scale: 1048576.0000 (1048576.0000)  weight_decay: 0.0500 (0.0500)  grad_norm: 0.5383 (0.5228)
Epoch: [350]  [ 0/55]  eta: 0:07:04  lr: 0.000016  min_lr: 0.000016  loss: 0.4291 (0.4291)  loss_scale: 1048576.0000 (1048576.0000)  weight_decay: 0.0500 (0.0500)  grad_norm: 0.5002 (0.5002)  time: 7.7174  data: 7.3957  max mem: 11583
Epoch: [350]  [10/55]  eta: 0:01:04  lr: 0.000016  min_lr: 0.000016  loss: 0.4284 (0.4285)  loss_scale: 1048576.0000 (1048576.0000)  weight_decay: 0.0500 (0.0500)  grad_norm: 0.4820 (0.4967)  time: 1.4258  data: 1.0818  max mem: 11583
Epoch: [350]  [20/55]  eta: 0:00:39  lr: 0.000016  min_lr: 0.000016  loss: 0.4266 (0.4276)  loss_scale: 1048576.0000 (1048576.0000)  weight_decay: 0.0500 (0.0500)  grad_norm: 0.5056 (0.5345)  time: 0.7883  data: 0.4326  max mem: 11583
Epoch: [350]  [30/55]  eta: 0:00:25  lr: 0.000015  min_lr: 0.000015  loss: 0.4266 (0.4284)  loss_scale: 1048576.0000 (1048576.0000)  weight_decay: 0.0500 (0.0500)  grad_norm: 0.5511 (0.5333)  time: 0.8078  data: 0.4500  max mem: 11583
Epoch: [350]  [40/55]  eta: 0:00:14  lr: 0.000015  min_lr: 0.000015  loss: 0.4298 (0.4284)  loss_scale: 1048576.0000 (1048576.0000)  weight_decay: 0.0500 (0.0500)  grad_norm: 0.5091 (0.5294)  time: 0.8148  data: 0.4570  max mem: 11583
Epoch: [350]  [50/55]  eta: 0:00:04  lr: 0.000015  min_lr: 0.000015  loss: 0.4294 (0.4284)  loss_scale: 1048576.0000 (1048576.0000)  weight_decay: 0.0500 (0.0500)  grad_norm: 0.5396 (0.5413)  time: 0.7995  data: 0.4416  max mem: 11583
Epoch: [350]  [54/55]  eta: 0:00:00  lr: 0.000015  min_lr: 0.000015  loss: 0.4278 (0.4284)  loss_scale: 1048576.0000 (1048576.0000)  weight_decay: 0.0500 (0.0500)  grad_norm: 0.5653 (0.5439)  time: 0.7826  data: 0.4325  max mem: 11583
Epoch: [350] Total time: 0:00:49 (0.9002 s / it)
Averaged stats: lr: 0.000015  min_lr: 0.000015  loss: 0.4278 (0.4284)  loss_scale: 1048576.0000 (1048576.0000)  weight_decay: 0.0500 (0.0500)  grad_norm: 0.5653 (0.5439)
Epoch: [351]  [ 0/55]  eta: 0:07:17  lr: 0.000015  min_lr: 0.000015  loss: 0.4169 (0.4169)  loss_scale: 1048576.0000 (1048576.0000)  weight_decay: 0.0500 (0.0500)  grad_norm: 0.4669 (0.4669)  time: 7.9489  data: 7.5584  max mem: 11583
Epoch: [351]  [10/55]  eta: 0:01:04  lr: 0.000015  min_lr: 0.000015  loss: 0.4272 (0.4274)  loss_scale: 1048576.0000 (1048576.0000)  weight_decay: 0.0500 (0.0500)  grad_norm: 0.5140 (0.5172)  time: 1.4314  data: 1.0730  max mem: 11583
Epoch: [351]  [20/55]  eta: 0:00:39  lr: 0.000015  min_lr: 0.000015  loss: 0.4297 (0.4304)  loss_scale: 1048576.0000 (1048576.0000)  weight_decay: 0.0500 (0.0500)  grad_norm: 0.5140 (0.5540)  time: 0.7730  data: 0.4171  max mem: 11583
Epoch: [351]  [30/55]  eta: 0:00:25  lr: 0.000015  min_lr: 0.000015  loss: 0.4286 (0.4294)  loss_scale: 1048576.0000 (1048576.0000)  weight_decay: 0.0500 (0.0500)  grad_norm: 0.5101 (0.5470)  time: 0.7802  data: 0.4225  max mem: 11583
Epoch: [351]  [40/55]  eta: 0:00:14  lr: 0.000015  min_lr: 0.000015  loss: 0.4280 (0.4285)  loss_scale: 1048576.0000 (1048576.0000)  weight_decay: 0.0500 (0.0500)  grad_norm: 0.4788 (0.5318)  time: 0.8270  data: 0.4684  max mem: 11583
Epoch: [351]  [50/55]  eta: 0:00:04  lr: 0.000015  min_lr: 0.000015  loss: 0.4290 (0.4288)  loss_scale: 1048576.0000 (1048576.0000)  weight_decay: 0.0500 (0.0500)  grad_norm: 0.4783 (0.5251)  time: 0.8242  data: 0.4728  max mem: 11583
Epoch: [351]  [54/55]  eta: 0:00:00  lr: 0.000015  min_lr: 0.000015  loss: 0.4280 (0.4288)  loss_scale: 1048576.0000 (1048576.0000)  weight_decay: 0.0500 (0.0500)  grad_norm: 0.4788 (0.5321)  time: 0.8079  data: 0.4635  max mem: 11583
Epoch: [351] Total time: 0:00:49 (0.9033 s / it)
Averaged stats: lr: 0.000015  min_lr: 0.000015  loss: 0.4280 (0.4288)  loss_scale: 1048576.0000 (1048576.0000)  weight_decay: 0.0500 (0.0500)  grad_norm: 0.4788 (0.5321)
Epoch: [352]  [ 0/55]  eta: 0:07:30  lr: 0.000015  min_lr: 0.000015  loss: 0.4143 (0.4143)  loss_scale: 1048576.0000 (1048576.0000)  weight_decay: 0.0500 (0.0500)  grad_norm: 0.5774 (0.5774)  time: 8.1852  data: 7.7895  max mem: 11583
Epoch: [352]  [10/55]  eta: 0:01:05  lr: 0.000015  min_lr: 0.000015  loss: 0.4288 (0.4258)  loss_scale: 1048576.0000 (1048576.0000)  weight_decay: 0.0500 (0.0500)  grad_norm: 0.5664 (0.5438)  time: 1.4586  data: 1.0952  max mem: 11583
Epoch: [352]  [20/55]  eta: 0:00:40  lr: 0.000015  min_lr: 0.000015  loss: 0.4292 (0.4279)  loss_scale: 1048576.0000 (1048576.0000)  weight_decay: 0.0500 (0.0500)  grad_norm: 0.5491 (0.5607)  time: 0.7961  data: 0.4369  max mem: 11583
Epoch: [352]  [30/55]  eta: 0:00:25  lr: 0.000015  min_lr: 0.000015  loss: 0.4282 (0.4274)  loss_scale: 1048576.0000 (1048576.0000)  weight_decay: 0.0500 (0.0500)  grad_norm: 0.5171 (0.5352)  time: 0.8050  data: 0.4452  max mem: 11583
Epoch: [352]  [40/55]  eta: 0:00:14  lr: 0.000015  min_lr: 0.000015  loss: 0.4251 (0.4267)  loss_scale: 1048576.0000 (1048576.0000)  weight_decay: 0.0500 (0.0500)  grad_norm: 0.4711 (0.5261)  time: 0.7982  data: 0.4472  max mem: 11583
Epoch: [352]  [50/55]  eta: 0:00:04  lr: 0.000015  min_lr: 0.000015  loss: 0.4254 (0.4269)  loss_scale: 1048576.0000 (1048576.0000)  weight_decay: 0.0500 (0.0500)  grad_norm: 0.5027 (0.5233)  time: 0.7875  data: 0.4959  max mem: 11583
Epoch: [352]  [54/55]  eta: 0:00:00  lr: 0.000015  min_lr: 0.000015  loss: 0.4254 (0.4273)  loss_scale: 1048576.0000 (1048576.0000)  weight_decay: 0.0500 (0.0500)  grad_norm: 0.5119 (0.5252)  time: 0.7672  data: 0.4807  max mem: 11583
Epoch: [352] Total time: 0:00:49 (0.8984 s / it)
Averaged stats: lr: 0.000015  min_lr: 0.000015  loss: 0.4254 (0.4273)  loss_scale: 1048576.0000 (1048576.0000)  weight_decay: 0.0500 (0.0500)  grad_norm: 0.5119 (0.5252)
Epoch: [353]  [ 0/55]  eta: 0:07:02  lr: 0.000015  min_lr: 0.000015  loss: 0.4248 (0.4248)  loss_scale: 1048576.0000 (1048576.0000)  weight_decay: 0.0500 (0.0500)  grad_norm: 0.5486 (0.5486)  time: 7.6878  data: 7.4715  max mem: 11583
Epoch: [353]  [10/55]  eta: 0:01:06  lr: 0.000015  min_lr: 0.000015  loss: 0.4248 (0.4238)  loss_scale: 1048576.0000 (1048576.0000)  weight_decay: 0.0500 (0.0500)  grad_norm: 0.5486 (0.5381)  time: 1.4738  data: 1.1800  max mem: 11583
Epoch: [353]  [20/55]  eta: 0:00:39  lr: 0.000015  min_lr: 0.000015  loss: 0.4276 (0.4271)  loss_scale: 1048576.0000 (1048576.0000)  weight_decay: 0.0500 (0.0500)  grad_norm: 0.5148 (0.5182)  time: 0.8141  data: 0.4790  max mem: 11583
Epoch: [353]  [30/55]  eta: 0:00:25  lr: 0.000015  min_lr: 0.000015  loss: 0.4316 (0.4289)  loss_scale: 1048576.0000 (1048576.0000)  weight_decay: 0.0500 (0.0500)  grad_norm: 0.4936 (0.5074)  time: 0.7945  data: 0.4317  max mem: 11583
Epoch: [353]  [40/55]  eta: 0:00:14  lr: 0.000015  min_lr: 0.000015  loss: 0.4313 (0.4286)  loss_scale: 1048576.0000 (1048576.0000)  weight_decay: 0.0500 (0.0500)  grad_norm: 0.5072 (0.5138)  time: 0.8068  data: 0.4485  max mem: 11583
Epoch: [353]  [50/55]  eta: 0:00:04  lr: 0.000015  min_lr: 0.000015  loss: 0.4271 (0.4285)  loss_scale: 1048576.0000 (1048576.0000)  weight_decay: 0.0500 (0.0500)  grad_norm: 0.5304 (0.5210)  time: 0.7814  data: 0.4372  max mem: 11583
Epoch: [353]  [54/55]  eta: 0:00:00  lr: 0.000015  min_lr: 0.000015  loss: 0.4280 (0.4288)  loss_scale: 1048576.0000 (1048576.0000)  weight_decay: 0.0500 (0.0500)  grad_norm: 0.5304 (0.5168)  time: 0.7302  data: 0.4248  max mem: 11583
Epoch: [353] Total time: 0:00:49 (0.8944 s / it)
Averaged stats: lr: 0.000015  min_lr: 0.000015  loss: 0.4280 (0.4288)  loss_scale: 1048576.0000 (1048576.0000)  weight_decay: 0.0500 (0.0500)  grad_norm: 0.5304 (0.5168)
Epoch: [354]  [ 0/55]  eta: 0:07:37  lr: 0.000015  min_lr: 0.000015  loss: 0.4174 (0.4174)  loss_scale: 1048576.0000 (1048576.0000)  weight_decay: 0.0500 (0.0500)  grad_norm: 0.5197 (0.5197)  time: 8.3209  data: 7.9201  max mem: 11583
Epoch: [354]  [10/55]  eta: 0:01:04  lr: 0.000015  min_lr: 0.000015  loss: 0.4279 (0.4263)  loss_scale: 1048576.0000 (1048576.0000)  weight_decay: 0.0500 (0.0500)  grad_norm: 0.5527 (0.5431)  time: 1.4379  data: 1.0805  max mem: 11583
Epoch: [354]  [20/55]  eta: 0:00:39  lr: 0.000015  min_lr: 0.000015  loss: 0.4279 (0.4263)  loss_scale: 1048576.0000 (1048576.0000)  weight_decay: 0.0500 (0.0500)  grad_norm: 0.5527 (0.5423)  time: 0.7837  data: 0.4267  max mem: 11583
Epoch: [354]  [30/55]  eta: 0:00:25  lr: 0.000015  min_lr: 0.000015  loss: 0.4289 (0.4272)  loss_scale: 1048576.0000 (1048576.0000)  weight_decay: 0.0500 (0.0500)  grad_norm: 0.5045 (0.5327)  time: 0.8076  data: 0.4451  max mem: 11583
Epoch: [354]  [40/55]  eta: 0:00:14  lr: 0.000015  min_lr: 0.000015  loss: 0.4251 (0.4264)  loss_scale: 1048576.0000 (1048576.0000)  weight_decay: 0.0500 (0.0500)  grad_norm: 0.4940 (0.5544)  time: 0.8131  data: 0.4532  max mem: 11583
Epoch: [354]  [50/55]  eta: 0:00:04  lr: 0.000015  min_lr: 0.000015  loss: 0.4251 (0.4272)  loss_scale: 1048576.0000 (1048576.0000)  weight_decay: 0.0500 (0.0500)  grad_norm: 0.5010 (0.5484)  time: 0.8014  data: 0.4513  max mem: 11583
Epoch: [354]  [54/55]  eta: 0:00:00  lr: 0.000015  min_lr: 0.000015  loss: 0.4271 (0.4274)  loss_scale: 1048576.0000 (1048576.0000)  weight_decay: 0.0500 (0.0500)  grad_norm: 0.5010 (0.5446)  time: 0.7976  data: 0.4501  max mem: 11583
Epoch: [354] Total time: 0:00:49 (0.8990 s / it)
Averaged stats: lr: 0.000015  min_lr: 0.000015  loss: 0.4271 (0.4274)  loss_scale: 1048576.0000 (1048576.0000)  weight_decay: 0.0500 (0.0500)  grad_norm: 0.5010 (0.5446)
Epoch: [355]  [ 0/55]  eta: 0:07:29  lr: 0.000015  min_lr: 0.000015  loss: 0.4266 (0.4266)  loss_scale: 1048576.0000 (1048576.0000)  weight_decay: 0.0500 (0.0500)  grad_norm: 0.5347 (0.5347)  time: 8.1737  data: 7.7808  max mem: 11583
Epoch: [355]  [10/55]  eta: 0:01:05  lr: 0.000015  min_lr: 0.000015  loss: 0.4266 (0.4275)  loss_scale: 1048576.0000 (1048576.0000)  weight_decay: 0.0500 (0.0500)  grad_norm: 0.5429 (0.5531)  time: 1.4459  data: 1.0832  max mem: 11583
Epoch: [355]  [20/55]  eta: 0:00:39  lr: 0.000014  min_lr: 0.000014  loss: 0.4315 (0.4276)  loss_scale: 1048576.0000 (1048576.0000)  weight_decay: 0.0500 (0.0500)  grad_norm: 0.5300 (0.5260)  time: 0.7714  data: 0.4074  max mem: 11583
Epoch: [355]  [30/55]  eta: 0:00:25  lr: 0.000014  min_lr: 0.000014  loss: 0.4313 (0.4281)  loss_scale: 1048576.0000 (1048576.0000)  weight_decay: 0.0500 (0.0500)  grad_norm: 0.5262 (0.5451)  time: 0.7948  data: 0.4349  max mem: 11583
Epoch: [355]  [40/55]  eta: 0:00:14  lr: 0.000014  min_lr: 0.000014  loss: 0.4273 (0.4273)  loss_scale: 1048576.0000 (1048576.0000)  weight_decay: 0.0500 (0.0500)  grad_norm: 0.5340 (0.5358)  time: 0.8179  data: 0.4535  max mem: 11583
Epoch: [355]  [50/55]  eta: 0:00:04  lr: 0.000014  min_lr: 0.000014  loss: 0.4262 (0.4276)  loss_scale: 1048576.0000 (1048576.0000)  weight_decay: 0.0500 (0.0500)  grad_norm: 0.5126 (0.5365)  time: 0.8074  data: 0.4412  max mem: 11583
Epoch: [355]  [54/55]  eta: 0:00:00  lr: 0.000014  min_lr: 0.000014  loss: 0.4262 (0.4275)  loss_scale: 1048576.0000 (1048576.0000)  weight_decay: 0.0500 (0.0500)  grad_norm: 0.5079 (0.5342)  time: 0.7838  data: 0.4299  max mem: 11583
Epoch: [355] Total time: 0:00:49 (0.8975 s / it)
Averaged stats: lr: 0.000014  min_lr: 0.000014  loss: 0.4262 (0.4275)  loss_scale: 1048576.0000 (1048576.0000)  weight_decay: 0.0500 (0.0500)  grad_norm: 0.5079 (0.5342)
Epoch: [356]  [ 0/55]  eta: 0:07:06  lr: 0.000014  min_lr: 0.000014  loss: 0.4260 (0.4260)  loss_scale: 1048576.0000 (1048576.0000)  weight_decay: 0.0500 (0.0500)  grad_norm: 0.4389 (0.4389)  time: 7.7566  data: 7.3443  max mem: 11583
Epoch: [356]  [10/55]  eta: 0:01:05  lr: 0.000014  min_lr: 0.000014  loss: 0.4268 (0.4286)  loss_scale: 1048576.0000 (1048576.0000)  weight_decay: 0.0500 (0.0500)  grad_norm: 0.5308 (0.5131)  time: 1.4558  data: 1.0750  max mem: 11583
Epoch: [356]  [20/55]  eta: 0:00:39  lr: 0.000014  min_lr: 0.000014  loss: 0.4303 (0.4294)  loss_scale: 1048576.0000 (1048576.0000)  weight_decay: 0.0500 (0.0500)  grad_norm: 0.5308 (0.5209)  time: 0.7935  data: 0.4218  max mem: 11583
Epoch: [356]  [30/55]  eta: 0:00:26  lr: 0.000014  min_lr: 0.000014  loss: 0.4302 (0.4282)  loss_scale: 1048576.0000 (1048576.0000)  weight_decay: 0.0500 (0.0500)  grad_norm: 0.5155 (0.5253)  time: 0.8122  data: 0.4374  max mem: 11583
Epoch: [356]  [40/55]  eta: 0:00:14  lr: 0.000014  min_lr: 0.000014  loss: 0.4234 (0.4270)  loss_scale: 1048576.0000 (1048576.0000)  weight_decay: 0.0500 (0.0500)  grad_norm: 0.4992 (0.5247)  time: 0.8345  data: 0.4596  max mem: 11583
Epoch: [356]  [50/55]  eta: 0:00:04  lr: 0.000014  min_lr: 0.000014  loss: 0.4250 (0.4270)  loss_scale: 1048576.0000 (1048576.0000)  weight_decay: 0.0500 (0.0500)  grad_norm: 0.4908 (0.5218)  time: 0.7843  data: 0.4272  max mem: 11583
Epoch: [356]  [54/55]  eta: 0:00:00  lr: 0.000014  min_lr: 0.000014  loss: 0.4218 (0.4267)  loss_scale: 1048576.0000 (1048576.0000)  weight_decay: 0.0500 (0.0500)  grad_norm: 0.5002 (0.5214)  time: 0.7794  data: 0.4268  max mem: 11583
Epoch: [356] Total time: 0:00:50 (0.9128 s / it)
Averaged stats: lr: 0.000014  min_lr: 0.000014  loss: 0.4218 (0.4267)  loss_scale: 1048576.0000 (1048576.0000)  weight_decay: 0.0500 (0.0500)  grad_norm: 0.5002 (0.5214)
Epoch: [357]  [ 0/55]  eta: 0:07:17  lr: 0.000014  min_lr: 0.000014  loss: 0.4253 (0.4253)  loss_scale: 1048576.0000 (1048576.0000)  weight_decay: 0.0500 (0.0500)  grad_norm: 0.5344 (0.5344)  time: 7.9464  data: 7.5510  max mem: 11583
Epoch: [357]  [10/55]  eta: 0:01:03  lr: 0.000014  min_lr: 0.000014  loss: 0.4253 (0.4274)  loss_scale: 1048576.0000 (1048576.0000)  weight_decay: 0.0500 (0.0500)  grad_norm: 0.5478 (0.5409)  time: 1.4055  data: 1.0687  max mem: 11583
Epoch: [357]  [20/55]  eta: 0:00:40  lr: 0.000014  min_lr: 0.000014  loss: 0.4253 (0.4280)  loss_scale: 1048576.0000 (1048576.0000)  weight_decay: 0.0500 (0.0500)  grad_norm: 0.4924 (0.5189)  time: 0.8239  data: 0.4715  max mem: 11583
Epoch: [357]  [30/55]  eta: 0:00:26  lr: 0.000014  min_lr: 0.000014  loss: 0.4295 (0.4282)  loss_scale: 1048576.0000 (1048576.0000)  weight_decay: 0.0500 (0.0500)  grad_norm: 0.5005 (0.5276)  time: 0.8595  data: 0.4853  max mem: 11583
Epoch: [357]  [40/55]  eta: 0:00:15  lr: 0.000014  min_lr: 0.000014  loss: 0.4235 (0.4265)  loss_scale: 1048576.0000 (1048576.0000)  weight_decay: 0.0500 (0.0500)  grad_norm: 0.5157 (0.5211)  time: 0.8346  data: 0.4680  max mem: 11583
Epoch: [357]  [50/55]  eta: 0:00:04  lr: 0.000014  min_lr: 0.000014  loss: 0.4249 (0.4270)  loss_scale: 1048576.0000 (1048576.0000)  weight_decay: 0.0500 (0.0500)  grad_norm: 0.5064 (0.5175)  time: 0.7960  data: 0.4451  max mem: 11583
Epoch: [357]  [54/55]  eta: 0:00:00  lr: 0.000014  min_lr: 0.000014  loss: 0.4249 (0.4271)  loss_scale: 1048576.0000 (1048576.0000)  weight_decay: 0.0500 (0.0500)  grad_norm: 0.5064 (0.5142)  time: 0.7913  data: 0.4451  max mem: 11583
Epoch: [357] Total time: 0:00:50 (0.9096 s / it)
Averaged stats: lr: 0.000014  min_lr: 0.000014  loss: 0.4249 (0.4271)  loss_scale: 1048576.0000 (1048576.0000)  weight_decay: 0.0500 (0.0500)  grad_norm: 0.5064 (0.5142)
Epoch: [358]  [ 0/55]  eta: 0:07:32  lr: 0.000014  min_lr: 0.000014  loss: 0.4146 (0.4146)  loss_scale: 1048576.0000 (1048576.0000)  weight_decay: 0.0500 (0.0500)  grad_norm: 0.5175 (0.5175)  time: 8.2270  data: 7.8910  max mem: 11583
Epoch: [358]  [10/55]  eta: 0:01:06  lr: 0.000014  min_lr: 0.000014  loss: 0.4279 (0.4265)  loss_scale: 1048576.0000 (1048576.0000)  weight_decay: 0.0500 (0.0500)  grad_norm: 0.5175 (0.5403)  time: 1.4761  data: 1.1128  max mem: 11583
Epoch: [358]  [20/55]  eta: 0:00:40  lr: 0.000014  min_lr: 0.000014  loss: 0.4294 (0.4284)  loss_scale: 1048576.0000 (1048576.0000)  weight_decay: 0.0500 (0.0500)  grad_norm: 0.5136 (0.5501)  time: 0.8110  data: 0.4478  max mem: 11583
Epoch: [358]  [30/55]  eta: 0:00:26  lr: 0.000014  min_lr: 0.000014  loss: 0.4275 (0.4278)  loss_scale: 1048576.0000 (1048576.0000)  weight_decay: 0.0500 (0.0500)  grad_norm: 0.5517 (0.5625)  time: 0.8205  data: 0.4605  max mem: 11583
Epoch: [358]  [40/55]  eta: 0:00:14  lr: 0.000014  min_lr: 0.000014  loss: 0.4257 (0.4280)  loss_scale: 1048576.0000 (1048576.0000)  weight_decay: 0.0500 (0.0500)  grad_norm: 0.5508 (0.5620)  time: 0.8130  data: 0.4539  max mem: 11583
Epoch: [358]  [50/55]  eta: 0:00:04  lr: 0.000014  min_lr: 0.000014  loss: 0.4258 (0.4274)  loss_scale: 1048576.0000 (1048576.0000)  weight_decay: 0.0500 (0.0500)  grad_norm: 0.5462 (0.5564)  time: 0.8327  data: 0.4777  max mem: 11583
Epoch: [358]  [54/55]  eta: 0:00:00  lr: 0.000014  min_lr: 0.000014  loss: 0.4250 (0.4272)  loss_scale: 1048576.0000 (1048576.0000)  weight_decay: 0.0500 (0.0500)  grad_norm: 0.5299 (0.5522)  time: 0.8156  data: 0.4647  max mem: 11583
Epoch: [358] Total time: 0:00:50 (0.9224 s / it)
Averaged stats: lr: 0.000014  min_lr: 0.000014  loss: 0.4250 (0.4272)  loss_scale: 1048576.0000 (1048576.0000)  weight_decay: 0.0500 (0.0500)  grad_norm: 0.5299 (0.5522)
Epoch: [359]  [ 0/55]  eta: 0:06:59  lr: 0.000014  min_lr: 0.000014  loss: 0.4240 (0.4240)  loss_scale: 1048576.0000 (1048576.0000)  weight_decay: 0.0500 (0.0500)  grad_norm: 0.4846 (0.4846)  time: 7.6245  data: 7.4089  max mem: 11583
Epoch: [359]  [10/55]  eta: 0:01:06  lr: 0.000014  min_lr: 0.000014  loss: 0.4251 (0.4273)  loss_scale: 1048576.0000 (1048576.0000)  weight_decay: 0.0500 (0.0500)  grad_norm: 0.4555 (0.4955)  time: 1.4873  data: 1.2173  max mem: 11583
Epoch: [359]  [20/55]  eta: 0:00:40  lr: 0.000014  min_lr: 0.000014  loss: 0.4251 (0.4276)  loss_scale: 1048576.0000 (1048576.0000)  weight_decay: 0.0500 (0.0500)  grad_norm: 0.4917 (0.5465)  time: 0.8283  data: 0.5097  max mem: 11583
Epoch: [359]  [30/55]  eta: 0:00:26  lr: 0.000014  min_lr: 0.000014  loss: 0.4244 (0.4261)  loss_scale: 1048576.0000 (1048576.0000)  weight_decay: 0.0500 (0.0500)  grad_norm: 0.5643 (0.5448)  time: 0.8147  data: 0.4519  max mem: 11583
Epoch: [359]  [40/55]  eta: 0:00:14  lr: 0.000014  min_lr: 0.000014  loss: 0.4227 (0.4253)  loss_scale: 1048576.0000 (1048576.0000)  weight_decay: 0.0500 (0.0500)  grad_norm: 0.4824 (0.5269)  time: 0.8274  data: 0.4619  max mem: 11583
Epoch: [359]  [50/55]  eta: 0:00:04  lr: 0.000014  min_lr: 0.000014  loss: 0.4236 (0.4258)  loss_scale: 1048576.0000 (1048576.0000)  weight_decay: 0.0500 (0.0500)  grad_norm: 0.4935 (0.5326)  time: 0.7716  data: 0.4244  max mem: 11583
Epoch: [359]  [54/55]  eta: 0:00:00  lr: 0.000014  min_lr: 0.000014  loss: 0.4236 (0.4260)  loss_scale: 1048576.0000 (1048576.0000)  weight_decay: 0.0500 (0.0500)  grad_norm: 0.4935 (0.5328)  time: 0.7638  data: 0.4523  max mem: 11583
Epoch: [359] Total time: 0:00:49 (0.8990 s / it)
Averaged stats: lr: 0.000014  min_lr: 0.000014  loss: 0.4236 (0.4260)  loss_scale: 1048576.0000 (1048576.0000)  weight_decay: 0.0500 (0.0500)  grad_norm: 0.4935 (0.5328)
Epoch: [360]  [ 0/55]  eta: 0:07:22  lr: 0.000014  min_lr: 0.000014  loss: 0.4139 (0.4139)  loss_scale: 1048576.0000 (1048576.0000)  weight_decay: 0.0500 (0.0500)  grad_norm: 0.5227 (0.5227)  time: 8.0499  data: 7.6554  max mem: 11583
Epoch: [360]  [10/55]  eta: 0:01:03  lr: 0.000014  min_lr: 0.000014  loss: 0.4272 (0.4282)  loss_scale: 1048576.0000 (1048576.0000)  weight_decay: 0.0500 (0.0500)  grad_norm: 0.5695 (0.6034)  time: 1.4036  data: 1.0493  max mem: 11583
Epoch: [360]  [20/55]  eta: 0:00:39  lr: 0.000014  min_lr: 0.000014  loss: 0.4297 (0.4278)  loss_scale: 1048576.0000 (1048576.0000)  weight_decay: 0.0500 (0.0500)  grad_norm: 0.5551 (0.5743)  time: 0.7968  data: 0.4416  max mem: 11583
Epoch: [360]  [30/55]  eta: 0:00:25  lr: 0.000014  min_lr: 0.000014  loss: 0.4233 (0.4272)  loss_scale: 1048576.0000 (1116226.0645)  weight_decay: 0.0500 (0.0500)  grad_norm: 0.5432 (0.5759)  time: 0.8295  data: 0.4762  max mem: 11583
Epoch: [360]  [40/55]  eta: 0:00:14  lr: 0.000013  min_lr: 0.000013  loss: 0.4233 (0.4266)  loss_scale: 2097152.0000 (1355476.2927)  weight_decay: 0.0500 (0.0500)  grad_norm: 0.5714 (0.5819)  time: 0.8148  data: 0.4680  max mem: 11583
Epoch: [360]  [50/55]  eta: 0:00:04  lr: 0.000013  min_lr: 0.000013  loss: 0.4277 (0.4273)  loss_scale: 2097152.0000 (1500902.9020)  weight_decay: 0.0500 (0.0500)  grad_norm: 0.5169 (0.5648)  time: 0.7956  data: 0.4481  max mem: 11583
Epoch: [360]  [54/55]  eta: 0:00:00  lr: 0.000013  min_lr: 0.000013  loss: 0.4277 (0.4271)  loss_scale: 2097152.0000 (1544266.4727)  weight_decay: 0.0500 (0.0500)  grad_norm: 0.5169 (0.5628)  time: 0.7852  data: 0.4408  max mem: 11583
Epoch: [360] Total time: 0:00:49 (0.9040 s / it)
Averaged stats: lr: 0.000013  min_lr: 0.000013  loss: 0.4277 (0.4271)  loss_scale: 2097152.0000 (1544266.4727)  weight_decay: 0.0500 (0.0500)  grad_norm: 0.5169 (0.5628)
Epoch: [361]  [ 0/55]  eta: 0:07:40  lr: 0.000013  min_lr: 0.000013  loss: 0.4125 (0.4125)  loss_scale: 2097152.0000 (2097152.0000)  weight_decay: 0.0500 (0.0500)  grad_norm: 0.4684 (0.4684)  time: 8.3792  data: 7.9746  max mem: 11583
Epoch: [361]  [10/55]  eta: 0:01:05  lr: 0.000013  min_lr: 0.000013  loss: 0.4235 (0.4233)  loss_scale: 2097152.0000 (2097152.0000)  weight_decay: 0.0500 (0.0500)  grad_norm: 0.5230 (0.5331)  time: 1.4570  data: 1.0902  max mem: 11583
Epoch: [361]  [20/55]  eta: 0:00:39  lr: 0.000013  min_lr: 0.000013  loss: 0.4252 (0.4238)  loss_scale: 2097152.0000 (2097152.0000)  weight_decay: 0.0500 (0.0500)  grad_norm: 0.5230 (0.5266)  time: 0.7754  data: 0.4158  max mem: 11583
Epoch: [361]  [30/55]  eta: 0:00:25  lr: 0.000013  min_lr: 0.000013  loss: 0.4255 (0.4245)  loss_scale: 2097152.0000 (2097152.0000)  weight_decay: 0.0500 (0.0500)  grad_norm: 0.5181 (0.5291)  time: 0.7998  data: 0.4435  max mem: 11583
Epoch: [361]  [40/55]  eta: 0:00:14  lr: 0.000013  min_lr: 0.000013  loss: 0.4250 (0.4241)  loss_scale: 2097152.0000 (2097152.0000)  weight_decay: 0.0500 (0.0500)  grad_norm: 0.5330 (0.5337)  time: 0.8218  data: 0.4586  max mem: 11583
Epoch: [361]  [50/55]  eta: 0:00:04  lr: 0.000013  min_lr: 0.000013  loss: 0.4249 (0.4244)  loss_scale: 2097152.0000 (2097152.0000)  weight_decay: 0.0500 (0.0500)  grad_norm: 0.5330 (0.5338)  time: 0.8343  data: 0.4810  max mem: 11583
Epoch: [361]  [54/55]  eta: 0:00:00  lr: 0.000013  min_lr: 0.000013  loss: 0.4262 (0.4249)  loss_scale: 2097152.0000 (2097152.0000)  weight_decay: 0.0500 (0.0500)  grad_norm: 0.5203 (0.5323)  time: 0.8144  data: 0.4652  max mem: 11583
Epoch: [361] Total time: 0:00:50 (0.9124 s / it)
Averaged stats: lr: 0.000013  min_lr: 0.000013  loss: 0.4262 (0.4249)  loss_scale: 2097152.0000 (2097152.0000)  weight_decay: 0.0500 (0.0500)  grad_norm: 0.5203 (0.5323)
Epoch: [362]  [ 0/55]  eta: 0:07:01  lr: 0.000013  min_lr: 0.000013  loss: 0.4212 (0.4212)  loss_scale: 2097152.0000 (2097152.0000)  weight_decay: 0.0500 (0.0500)  grad_norm: 0.6320 (0.6320)  time: 7.6583  data: 7.4013  max mem: 11583
Epoch: [362]  [10/55]  eta: 0:01:03  lr: 0.000013  min_lr: 0.000013  loss: 0.4226 (0.4236)  loss_scale: 1048576.0000 (1143901.0909)  weight_decay: 0.0500 (0.0500)  grad_norm: nan (nan)  time: 1.4186  data: 1.1817  max mem: 11583
Epoch: [362]  [20/55]  eta: 0:00:39  lr: 0.000013  min_lr: 0.000013  loss: 0.4241 (0.4248)  loss_scale: 1048576.0000 (1098508.1905)  weight_decay: 0.0500 (0.0500)  grad_norm: nan (nan)  time: 0.7968  data: 0.4958  max mem: 11583
Epoch: [362]  [30/55]  eta: 0:00:25  lr: 0.000013  min_lr: 0.000013  loss: 0.4258 (0.4249)  loss_scale: 1048576.0000 (1082401.0323)  weight_decay: 0.0500 (0.0500)  grad_norm: 0.5166 (nan)  time: 0.8166  data: 0.4547  max mem: 11583
Epoch: [362]  [40/55]  eta: 0:00:14  lr: 0.000013  min_lr: 0.000013  loss: 0.4241 (0.4245)  loss_scale: 1048576.0000 (1074151.0244)  weight_decay: 0.0500 (0.0500)  grad_norm: 0.5150 (nan)  time: 0.8194  data: 0.4603  max mem: 11583
Epoch: [362]  [50/55]  eta: 0:00:04  lr: 0.000013  min_lr: 0.000013  loss: 0.4267 (0.4252)  loss_scale: 1048576.0000 (1069136.3137)  weight_decay: 0.0500 (0.0500)  grad_norm: 0.4971 (nan)  time: 0.7801  data: 0.4289  max mem: 11583
Epoch: [362]  [54/55]  eta: 0:00:00  lr: 0.000013  min_lr: 0.000013  loss: 0.4267 (0.4255)  loss_scale: 1048576.0000 (1067641.0182)  weight_decay: 0.0500 (0.0500)  grad_norm: 0.4645 (nan)  time: 0.7626  data: 0.4184  max mem: 11583
Epoch: [362] Total time: 0:00:49 (0.8948 s / it)
Averaged stats: lr: 0.000013  min_lr: 0.000013  loss: 0.4267 (0.4255)  loss_scale: 1048576.0000 (1067641.0182)  weight_decay: 0.0500 (0.0500)  grad_norm: 0.4645 (nan)
Epoch: [363]  [ 0/55]  eta: 0:07:35  lr: 0.000013  min_lr: 0.000013  loss: 0.4161 (0.4161)  loss_scale: 1048576.0000 (1048576.0000)  weight_decay: 0.0500 (0.0500)  grad_norm: 0.4643 (0.4643)  time: 8.2796  data: 7.8576  max mem: 11583
Epoch: [363]  [10/55]  eta: 0:01:05  lr: 0.000013  min_lr: 0.000013  loss: 0.4295 (0.4270)  loss_scale: 1048576.0000 (1048576.0000)  weight_decay: 0.0500 (0.0500)  grad_norm: 0.4626 (0.4930)  time: 1.4447  data: 1.0800  max mem: 11583
Epoch: [363]  [20/55]  eta: 0:00:40  lr: 0.000013  min_lr: 0.000013  loss: 0.4256 (0.4270)  loss_scale: 1048576.0000 (1048576.0000)  weight_decay: 0.0500 (0.0500)  grad_norm: 0.4800 (0.5085)  time: 0.7861  data: 0.4298  max mem: 11583
Epoch: [363]  [30/55]  eta: 0:00:25  lr: 0.000013  min_lr: 0.000013  loss: 0.4253 (0.4274)  loss_scale: 1048576.0000 (1048576.0000)  weight_decay: 0.0500 (0.0500)  grad_norm: 0.5326 (0.5141)  time: 0.8074  data: 0.4543  max mem: 11583
Epoch: [363]  [40/55]  eta: 0:00:14  lr: 0.000013  min_lr: 0.000013  loss: 0.4237 (0.4263)  loss_scale: 1048576.0000 (1048576.0000)  weight_decay: 0.0500 (0.0500)  grad_norm: 0.5071 (0.5035)  time: 0.8047  data: 0.4520  max mem: 11583
Epoch: [363]  [50/55]  eta: 0:00:04  lr: 0.000013  min_lr: 0.000013  loss: 0.4252 (0.4272)  loss_scale: 1048576.0000 (1048576.0000)  weight_decay: 0.0500 (0.0500)  grad_norm: 0.5023 (0.5359)  time: 0.7825  data: 0.4320  max mem: 11583
Epoch: [363]  [54/55]  eta: 0:00:00  lr: 0.000013  min_lr: 0.000013  loss: 0.4252 (0.4273)  loss_scale: 1048576.0000 (1048576.0000)  weight_decay: 0.0500 (0.0500)  grad_norm: 0.4821 (0.5335)  time: 0.7799  data: 0.4319  max mem: 11583
Epoch: [363] Total time: 0:00:49 (0.8940 s / it)
Averaged stats: lr: 0.000013  min_lr: 0.000013  loss: 0.4252 (0.4273)  loss_scale: 1048576.0000 (1048576.0000)  weight_decay: 0.0500 (0.0500)  grad_norm: 0.4821 (0.5335)
Epoch: [364]  [ 0/55]  eta: 0:07:16  lr: 0.000013  min_lr: 0.000013  loss: 0.4162 (0.4162)  loss_scale: 1048576.0000 (1048576.0000)  weight_decay: 0.0500 (0.0500)  grad_norm: 0.4980 (0.4980)  time: 7.9442  data: 7.5361  max mem: 11583
Epoch: [364]  [10/55]  eta: 0:01:06  lr: 0.000013  min_lr: 0.000013  loss: 0.4274 (0.4262)  loss_scale: 1048576.0000 (1048576.0000)  weight_decay: 0.0500 (0.0500)  grad_norm: 0.4886 (0.4912)  time: 1.4674  data: 1.1161  max mem: 11583
Epoch: [364]  [20/55]  eta: 0:00:39  lr: 0.000013  min_lr: 0.000013  loss: 0.4265 (0.4258)  loss_scale: 1048576.0000 (1048576.0000)  weight_decay: 0.0500 (0.0500)  grad_norm: 0.4766 (0.4921)  time: 0.7921  data: 0.4413  max mem: 11583
Epoch: [364]  [30/55]  eta: 0:00:25  lr: 0.000013  min_lr: 0.000013  loss: 0.4274 (0.4269)  loss_scale: 1048576.0000 (1048576.0000)  weight_decay: 0.0500 (0.0500)  grad_norm: 0.5411 (0.5245)  time: 0.7966  data: 0.4377  max mem: 11583
Epoch: [364]  [40/55]  eta: 0:00:14  lr: 0.000013  min_lr: 0.000013  loss: 0.4264 (0.4261)  loss_scale: 1048576.0000 (1048576.0000)  weight_decay: 0.0500 (0.0500)  grad_norm: 0.5411 (0.5175)  time: 0.8076  data: 0.4511  max mem: 11583
Epoch: [364]  [50/55]  eta: 0:00:04  lr: 0.000013  min_lr: 0.000013  loss: 0.4270 (0.4267)  loss_scale: 1048576.0000 (1048576.0000)  weight_decay: 0.0500 (0.0500)  grad_norm: 0.4900 (0.5200)  time: 0.7811  data: 0.4279  max mem: 11583
Epoch: [364]  [54/55]  eta: 0:00:00  lr: 0.000013  min_lr: 0.000013  loss: 0.4270 (0.4266)  loss_scale: 1048576.0000 (1048576.0000)  weight_decay: 0.0500 (0.0500)  grad_norm: 0.4900 (0.5179)  time: 0.7751  data: 0.4206  max mem: 11583
Epoch: [364] Total time: 0:00:49 (0.8959 s / it)
Averaged stats: lr: 0.000013  min_lr: 0.000013  loss: 0.4270 (0.4266)  loss_scale: 1048576.0000 (1048576.0000)  weight_decay: 0.0500 (0.0500)  grad_norm: 0.4900 (0.5179)
Epoch: [365]  [ 0/55]  eta: 0:07:20  lr: 0.000013  min_lr: 0.000013  loss: 0.4178 (0.4178)  loss_scale: 1048576.0000 (1048576.0000)  weight_decay: 0.0500 (0.0500)  grad_norm: 0.5410 (0.5410)  time: 8.0114  data: 7.6257  max mem: 11583
Epoch: [365]  [10/55]  eta: 0:01:04  lr: 0.000013  min_lr: 0.000013  loss: 0.4287 (0.4268)  loss_scale: 1048576.0000 (1048576.0000)  weight_decay: 0.0500 (0.0500)  grad_norm: 0.5410 (0.5180)  time: 1.4312  data: 1.0762  max mem: 11583
Epoch: [365]  [20/55]  eta: 0:00:40  lr: 0.000013  min_lr: 0.000013  loss: 0.4287 (0.4275)  loss_scale: 1048576.0000 (1048576.0000)  weight_decay: 0.0500 (0.0500)  grad_norm: 0.5071 (0.5321)  time: 0.8087  data: 0.4553  max mem: 11583
Epoch: [365]  [30/55]  eta: 0:00:26  lr: 0.000013  min_lr: 0.000013  loss: 0.4276 (0.4276)  loss_scale: 1048576.0000 (1048576.0000)  weight_decay: 0.0500 (0.0500)  grad_norm: 0.5071 (0.5257)  time: 0.8258  data: 0.4700  max mem: 11583
Epoch: [365]  [40/55]  eta: 0:00:14  lr: 0.000013  min_lr: 0.000013  loss: 0.4243 (0.4267)  loss_scale: 1048576.0000 (1048576.0000)  weight_decay: 0.0500 (0.0500)  grad_norm: 0.4954 (0.5201)  time: 0.8357  data: 0.4777  max mem: 11583
Epoch: [365]  [50/55]  eta: 0:00:04  lr: 0.000013  min_lr: 0.000013  loss: 0.4255 (0.4266)  loss_scale: 1048576.0000 (1048576.0000)  weight_decay: 0.0500 (0.0500)  grad_norm: 0.5326 (0.5299)  time: 0.8218  data: 0.4698  max mem: 11583
Epoch: [365]  [54/55]  eta: 0:00:00  lr: 0.000013  min_lr: 0.000013  loss: 0.4225 (0.4265)  loss_scale: 1048576.0000 (1048576.0000)  weight_decay: 0.0500 (0.0500)  grad_norm: 0.5188 (0.5294)  time: 0.8129  data: 0.4624  max mem: 11583
Epoch: [365] Total time: 0:00:50 (0.9122 s / it)
Averaged stats: lr: 0.000013  min_lr: 0.000013  loss: 0.4225 (0.4265)  loss_scale: 1048576.0000 (1048576.0000)  weight_decay: 0.0500 (0.0500)  grad_norm: 0.5188 (0.5294)
Epoch: [366]  [ 0/55]  eta: 0:07:31  lr: 0.000013  min_lr: 0.000013  loss: 0.4122 (0.4122)  loss_scale: 1048576.0000 (1048576.0000)  weight_decay: 0.0500 (0.0500)  grad_norm: 0.4580 (0.4580)  time: 8.2157  data: 7.8052  max mem: 11583
Epoch: [366]  [10/55]  eta: 0:01:04  lr: 0.000013  min_lr: 0.000013  loss: 0.4245 (0.4243)  loss_scale: 1048576.0000 (1048576.0000)  weight_decay: 0.0500 (0.0500)  grad_norm: 0.4843 (0.4802)  time: 1.4295  data: 1.0724  max mem: 11583
Epoch: [366]  [20/55]  eta: 0:00:39  lr: 0.000013  min_lr: 0.000013  loss: 0.4255 (0.4256)  loss_scale: 1048576.0000 (1048576.0000)  weight_decay: 0.0500 (0.0500)  grad_norm: 0.4918 (0.5154)  time: 0.7752  data: 0.4165  max mem: 11583
Epoch: [366]  [30/55]  eta: 0:00:25  lr: 0.000013  min_lr: 0.000013  loss: 0.4223 (0.4248)  loss_scale: 1048576.0000 (1048576.0000)  weight_decay: 0.0500 (0.0500)  grad_norm: 0.5544 (0.5394)  time: 0.8143  data: 0.4487  max mem: 11583
Epoch: [366]  [40/55]  eta: 0:00:14  lr: 0.000012  min_lr: 0.000012  loss: 0.4207 (0.4241)  loss_scale: 1048576.0000 (1048576.0000)  weight_decay: 0.0500 (0.0500)  grad_norm: 0.5735 (0.5502)  time: 0.8188  data: 0.4567  max mem: 11583
Epoch: [366]  [50/55]  eta: 0:00:04  lr: 0.000012  min_lr: 0.000012  loss: 0.4242 (0.4247)  loss_scale: 1048576.0000 (1048576.0000)  weight_decay: 0.0500 (0.0500)  grad_norm: 0.5328 (0.5492)  time: 0.7926  data: 0.4523  max mem: 11583
Epoch: [366]  [54/55]  eta: 0:00:00  lr: 0.000012  min_lr: 0.000012  loss: 0.4238 (0.4247)  loss_scale: 1048576.0000 (1048576.0000)  weight_decay: 0.0500 (0.0500)  grad_norm: 0.5235 (0.5453)  time: 0.7711  data: 0.4331  max mem: 11583
Epoch: [366] Total time: 0:00:49 (0.9012 s / it)
Averaged stats: lr: 0.000012  min_lr: 0.000012  loss: 0.4238 (0.4247)  loss_scale: 1048576.0000 (1048576.0000)  weight_decay: 0.0500 (0.0500)  grad_norm: 0.5235 (0.5453)
Epoch: [367]  [ 0/55]  eta: 0:07:43  lr: 0.000012  min_lr: 0.000012  loss: 0.4129 (0.4129)  loss_scale: 1048576.0000 (1048576.0000)  weight_decay: 0.0500 (0.0500)  grad_norm: 0.4785 (0.4785)  time: 8.4193  data: 8.0437  max mem: 11583
Epoch: [367]  [10/55]  eta: 0:01:07  lr: 0.000012  min_lr: 0.000012  loss: 0.4259 (0.4253)  loss_scale: 1048576.0000 (1048576.0000)  weight_decay: 0.0500 (0.0500)  grad_norm: 0.5154 (0.6892)  time: 1.4910  data: 1.1273  max mem: 11583
Epoch: [367]  [20/55]  eta: 0:00:40  lr: 0.000012  min_lr: 0.000012  loss: 0.4259 (0.4255)  loss_scale: 1048576.0000 (1048576.0000)  weight_decay: 0.0500 (0.0500)  grad_norm: 0.5632 (0.6961)  time: 0.7872  data: 0.4270  max mem: 11583
Epoch: [367]  [30/55]  eta: 0:00:26  lr: 0.000012  min_lr: 0.000012  loss: 0.4252 (0.4256)  loss_scale: 1048576.0000 (1048576.0000)  weight_decay: 0.0500 (0.0500)  grad_norm: 0.5739 (0.6587)  time: 0.7928  data: 0.4311  max mem: 11583
Epoch: [367]  [40/55]  eta: 0:00:14  lr: 0.000012  min_lr: 0.000012  loss: 0.4234 (0.4244)  loss_scale: 1048576.0000 (1048576.0000)  weight_decay: 0.0500 (0.0500)  grad_norm: 0.5680 (0.6314)  time: 0.8321  data: 0.4644  max mem: 11583
Epoch: [367]  [50/55]  eta: 0:00:04  lr: 0.000012  min_lr: 0.000012  loss: 0.4225 (0.4246)  loss_scale: 1048576.0000 (1048576.0000)  weight_decay: 0.0500 (0.0500)  grad_norm: 0.5240 (0.6127)  time: 0.8153  data: 0.4589  max mem: 11583
Epoch: [367]  [54/55]  eta: 0:00:00  lr: 0.000012  min_lr: 0.000012  loss: 0.4234 (0.4250)  loss_scale: 1048576.0000 (1048576.0000)  weight_decay: 0.0500 (0.0500)  grad_norm: 0.5391 (0.6067)  time: 0.7731  data: 0.4220  max mem: 11583
Epoch: [367] Total time: 0:00:50 (0.9150 s / it)
Averaged stats: lr: 0.000012  min_lr: 0.000012  loss: 0.4234 (0.4250)  loss_scale: 1048576.0000 (1048576.0000)  weight_decay: 0.0500 (0.0500)  grad_norm: 0.5391 (0.6067)
Epoch: [368]  [ 0/55]  eta: 0:07:34  lr: 0.000012  min_lr: 0.000012  loss: 0.4261 (0.4261)  loss_scale: 1048576.0000 (1048576.0000)  weight_decay: 0.0500 (0.0500)  grad_norm: 0.5752 (0.5752)  time: 8.2630  data: 7.8605  max mem: 11583
Epoch: [368]  [10/55]  eta: 0:01:05  lr: 0.000012  min_lr: 0.000012  loss: 0.4277 (0.4265)  loss_scale: 1048576.0000 (1048576.0000)  weight_decay: 0.0500 (0.0500)  grad_norm: 0.5542 (0.5822)  time: 1.4468  data: 1.0844  max mem: 11583
Epoch: [368]  [20/55]  eta: 0:00:39  lr: 0.000012  min_lr: 0.000012  loss: 0.4277 (0.4271)  loss_scale: 1048576.0000 (1048576.0000)  weight_decay: 0.0500 (0.0500)  grad_norm: 0.5428 (0.5536)  time: 0.7846  data: 0.4251  max mem: 11583
Epoch: [368]  [30/55]  eta: 0:00:25  lr: 0.000012  min_lr: 0.000012  loss: 0.4281 (0.4274)  loss_scale: 1048576.0000 (1048576.0000)  weight_decay: 0.0500 (0.0500)  grad_norm: 0.5314 (0.5505)  time: 0.7919  data: 0.4346  max mem: 11583
Epoch: [368]  [40/55]  eta: 0:00:14  lr: 0.000012  min_lr: 0.000012  loss: 0.4261 (0.4267)  loss_scale: 1048576.0000 (1048576.0000)  weight_decay: 0.0500 (0.0500)  grad_norm: 0.5287 (0.5421)  time: 0.7873  data: 0.4292  max mem: 11583
Epoch: [368]  [50/55]  eta: 0:00:04  lr: 0.000012  min_lr: 0.000012  loss: 0.4255 (0.4269)  loss_scale: 1048576.0000 (1048576.0000)  weight_decay: 0.0500 (0.0500)  grad_norm: 0.4601 (0.5256)  time: 0.8128  data: 0.4761  max mem: 11583
Epoch: [368]  [54/55]  eta: 0:00:00  lr: 0.000012  min_lr: 0.000012  loss: 0.4256 (0.4273)  loss_scale: 1048576.0000 (1048576.0000)  weight_decay: 0.0500 (0.0500)  grad_norm: 0.4601 (0.5262)  time: 0.7979  data: 0.4679  max mem: 11583
Epoch: [368] Total time: 0:00:49 (0.8983 s / it)
Averaged stats: lr: 0.000012  min_lr: 0.000012  loss: 0.4256 (0.4273)  loss_scale: 1048576.0000 (1048576.0000)  weight_decay: 0.0500 (0.0500)  grad_norm: 0.4601 (0.5262)
Epoch: [369]  [ 0/55]  eta: 0:07:17  lr: 0.000012  min_lr: 0.000012  loss: 0.4237 (0.4237)  loss_scale: 1048576.0000 (1048576.0000)  weight_decay: 0.0500 (0.0500)  grad_norm: 0.6405 (0.6405)  time: 7.9543  data: 7.6526  max mem: 11583
Epoch: [369]  [10/55]  eta: 0:01:06  lr: 0.000012  min_lr: 0.000012  loss: 0.4278 (0.4269)  loss_scale: 1048576.0000 (1048576.0000)  weight_decay: 0.0500 (0.0500)  grad_norm: 0.5104 (0.5473)  time: 1.4840  data: 1.1098  max mem: 11583
Epoch: [369]  [20/55]  eta: 0:00:40  lr: 0.000012  min_lr: 0.000012  loss: 0.4278 (0.4279)  loss_scale: 1048576.0000 (1048576.0000)  weight_decay: 0.0500 (0.0500)  grad_norm: 0.5402 (0.5822)  time: 0.8065  data: 0.4337  max mem: 11583
Epoch: [369]  [30/55]  eta: 0:00:26  lr: 0.000012  min_lr: 0.000012  loss: 0.4268 (0.4282)  loss_scale: 1048576.0000 (1048576.0000)  weight_decay: 0.0500 (0.0500)  grad_norm: 0.5683 (0.5903)  time: 0.8079  data: 0.4459  max mem: 11583
Epoch: [369]  [40/55]  eta: 0:00:14  lr: 0.000012  min_lr: 0.000012  loss: 0.4254 (0.4269)  loss_scale: 1048576.0000 (1048576.0000)  weight_decay: 0.0500 (0.0500)  grad_norm: 0.5687 (0.6004)  time: 0.8192  data: 0.4619  max mem: 11583
Epoch: [369]  [50/55]  eta: 0:00:04  lr: 0.000012  min_lr: 0.000012  loss: 0.4254 (0.4267)  loss_scale: 1048576.0000 (1048576.0000)  weight_decay: 0.0500 (0.0500)  grad_norm: 0.5527 (0.5837)  time: 0.7783  data: 0.4264  max mem: 11583
Epoch: [369]  [54/55]  eta: 0:00:00  lr: 0.000012  min_lr: 0.000012  loss: 0.4261 (0.4271)  loss_scale: 1048576.0000 (1048576.0000)  weight_decay: 0.0500 (0.0500)  grad_norm: 0.5140 (0.5721)  time: 0.7791  data: 0.4262  max mem: 11583
Epoch: [369] Total time: 0:00:50 (0.9124 s / it)
Averaged stats: lr: 0.000012  min_lr: 0.000012  loss: 0.4261 (0.4271)  loss_scale: 1048576.0000 (1048576.0000)  weight_decay: 0.0500 (0.0500)  grad_norm: 0.5140 (0.5721)
Epoch: [370]  [ 0/55]  eta: 0:07:11  lr: 0.000012  min_lr: 0.000012  loss: 0.4194 (0.4194)  loss_scale: 1048576.0000 (1048576.0000)  weight_decay: 0.0500 (0.0500)  grad_norm: 0.4951 (0.4951)  time: 7.8482  data: 7.4367  max mem: 11583
Epoch: [370]  [10/55]  eta: 0:01:03  lr: 0.000012  min_lr: 0.000012  loss: 0.4240 (0.4247)  loss_scale: 1048576.0000 (1048576.0000)  weight_decay: 0.0500 (0.0500)  grad_norm: 0.4481 (0.4705)  time: 1.4022  data: 1.0532  max mem: 11583
Epoch: [370]  [20/55]  eta: 0:00:38  lr: 0.000012  min_lr: 0.000012  loss: 0.4240 (0.4260)  loss_scale: 1048576.0000 (1048576.0000)  weight_decay: 0.0500 (0.0500)  grad_norm: 0.4808 (0.4973)  time: 0.7718  data: 0.4274  max mem: 11583
Epoch: [370]  [30/55]  eta: 0:00:25  lr: 0.000012  min_lr: 0.000012  loss: 0.4237 (0.4250)  loss_scale: 1048576.0000 (1048576.0000)  weight_decay: 0.0500 (0.0500)  grad_norm: 0.4943 (0.4906)  time: 0.7960  data: 0.4414  max mem: 11583
Epoch: [370]  [40/55]  eta: 0:00:14  lr: 0.000012  min_lr: 0.000012  loss: 0.4229 (0.4241)  loss_scale: 1048576.0000 (1048576.0000)  weight_decay: 0.0500 (0.0500)  grad_norm: 0.4759 (0.4921)  time: 0.8178  data: 0.4587  max mem: 11583
Epoch: [370]  [50/55]  eta: 0:00:04  lr: 0.000012  min_lr: 0.000012  loss: 0.4245 (0.4251)  loss_scale: 1048576.0000 (1048576.0000)  weight_decay: 0.0500 (0.0500)  grad_norm: 0.4380 (0.4861)  time: 0.8048  data: 0.4505  max mem: 11583
Epoch: [370]  [54/55]  eta: 0:00:00  lr: 0.000012  min_lr: 0.000012  loss: 0.4285 (0.4255)  loss_scale: 1048576.0000 (1048576.0000)  weight_decay: 0.0500 (0.0500)  grad_norm: 0.4610 (0.4866)  time: 0.8078  data: 0.4521  max mem: 11583
Epoch: [370] Total time: 0:00:49 (0.9075 s / it)
Averaged stats: lr: 0.000012  min_lr: 0.000012  loss: 0.4285 (0.4255)  loss_scale: 1048576.0000 (1048576.0000)  weight_decay: 0.0500 (0.0500)  grad_norm: 0.4610 (0.4866)
Epoch: [371]  [ 0/55]  eta: 0:07:10  lr: 0.000012  min_lr: 0.000012  loss: 0.4293 (0.4293)  loss_scale: 1048576.0000 (1048576.0000)  weight_decay: 0.0500 (0.0500)  grad_norm: 0.5926 (0.5926)  time: 7.8218  data: 7.4655  max mem: 11583
Epoch: [371]  [10/55]  eta: 0:01:04  lr: 0.000012  min_lr: 0.000012  loss: 0.4252 (0.4256)  loss_scale: 1048576.0000 (1048576.0000)  weight_decay: 0.0500 (0.0500)  grad_norm: 0.5816 (0.5609)  time: 1.4260  data: 1.0652  max mem: 11583
Epoch: [371]  [20/55]  eta: 0:00:39  lr: 0.000012  min_lr: 0.000012  loss: 0.4277 (0.4275)  loss_scale: 1048576.0000 (1048576.0000)  weight_decay: 0.0500 (0.0500)  grad_norm: 0.5042 (0.5235)  time: 0.7902  data: 0.4286  max mem: 11583
Epoch: [371]  [30/55]  eta: 0:00:26  lr: 0.000012  min_lr: 0.000012  loss: 0.4281 (0.4272)  loss_scale: 1048576.0000 (1048576.0000)  weight_decay: 0.0500 (0.0500)  grad_norm: 0.4866 (0.5229)  time: 0.8374  data: 0.4785  max mem: 11583
Epoch: [371]  [40/55]  eta: 0:00:14  lr: 0.000012  min_lr: 0.000012  loss: 0.4256 (0.4265)  loss_scale: 1048576.0000 (1048576.0000)  weight_decay: 0.0500 (0.0500)  grad_norm: 0.5430 (0.5284)  time: 0.8429  data: 0.4837  max mem: 11583
Epoch: [371]  [50/55]  eta: 0:00:04  lr: 0.000012  min_lr: 0.000012  loss: 0.4252 (0.4270)  loss_scale: 1048576.0000 (1048576.0000)  weight_decay: 0.0500 (0.0500)  grad_norm: 0.5034 (0.5188)  time: 0.7923  data: 0.4393  max mem: 11583
Epoch: [371]  [54/55]  eta: 0:00:00  lr: 0.000012  min_lr: 0.000012  loss: 0.4252 (0.4267)  loss_scale: 1048576.0000 (1048576.0000)  weight_decay: 0.0500 (0.0500)  grad_norm: 0.5127 (0.5267)  time: 0.7797  data: 0.4313  max mem: 11583
Epoch: [371] Total time: 0:00:49 (0.9064 s / it)
Averaged stats: lr: 0.000012  min_lr: 0.000012  loss: 0.4252 (0.4267)  loss_scale: 1048576.0000 (1048576.0000)  weight_decay: 0.0500 (0.0500)  grad_norm: 0.5127 (0.5267)
Epoch: [372]  [ 0/55]  eta: 0:07:19  lr: 0.000012  min_lr: 0.000012  loss: 0.4201 (0.4201)  loss_scale: 1048576.0000 (1048576.0000)  weight_decay: 0.0500 (0.0500)  grad_norm: 0.4390 (0.4390)  time: 7.9850  data: 7.5819  max mem: 11583
Epoch: [372]  [10/55]  eta: 0:01:06  lr: 0.000012  min_lr: 0.000012  loss: 0.4255 (0.4272)  loss_scale: 1048576.0000 (1048576.0000)  weight_decay: 0.0500 (0.0500)  grad_norm: 0.5211 (0.5165)  time: 1.4721  data: 1.1198  max mem: 11583
Epoch: [372]  [20/55]  eta: 0:00:40  lr: 0.000012  min_lr: 0.000012  loss: 0.4255 (0.4267)  loss_scale: 1048576.0000 (1048576.0000)  weight_decay: 0.0500 (0.0500)  grad_norm: 0.5468 (0.5726)  time: 0.8095  data: 0.4490  max mem: 11583
Epoch: [372]  [30/55]  eta: 0:00:25  lr: 0.000012  min_lr: 0.000012  loss: 0.4279 (0.4267)  loss_scale: 1048576.0000 (1048576.0000)  weight_decay: 0.0500 (0.0500)  grad_norm: 0.5636 (0.5632)  time: 0.7876  data: 0.4222  max mem: 11583
Epoch: [372]  [40/55]  eta: 0:00:14  lr: 0.000012  min_lr: 0.000012  loss: 0.4275 (0.4262)  loss_scale: 1048576.0000 (1048576.0000)  weight_decay: 0.0500 (0.0500)  grad_norm: 0.5070 (0.5514)  time: 0.8149  data: 0.4540  max mem: 11583
Epoch: [372]  [50/55]  eta: 0:00:04  lr: 0.000012  min_lr: 0.000012  loss: 0.4265 (0.4270)  loss_scale: 1048576.0000 (1048576.0000)  weight_decay: 0.0500 (0.0500)  grad_norm: 0.5481 (0.5990)  time: 0.8045  data: 0.4468  max mem: 11583
Epoch: [372]  [54/55]  eta: 0:00:00  lr: 0.000012  min_lr: 0.000012  loss: 0.4257 (0.4270)  loss_scale: 1048576.0000 (1048576.0000)  weight_decay: 0.0500 (0.0500)  grad_norm: 0.5606 (0.5952)  time: 0.7929  data: 0.4381  max mem: 11583
Epoch: [372] Total time: 0:00:49 (0.9012 s / it)
Averaged stats: lr: 0.000012  min_lr: 0.000012  loss: 0.4257 (0.4270)  loss_scale: 1048576.0000 (1048576.0000)  weight_decay: 0.0500 (0.0500)  grad_norm: 0.5606 (0.5952)
Epoch: [373]  [ 0/55]  eta: 0:07:34  lr: 0.000012  min_lr: 0.000012  loss: 0.4241 (0.4241)  loss_scale: 1048576.0000 (1048576.0000)  weight_decay: 0.0500 (0.0500)  grad_norm: 0.4986 (0.4986)  time: 8.2582  data: 7.8814  max mem: 11583
Epoch: [373]  [10/55]  eta: 0:01:05  lr: 0.000012  min_lr: 0.000012  loss: 0.4247 (0.4260)  loss_scale: 1048576.0000 (1048576.0000)  weight_decay: 0.0500 (0.0500)  grad_norm: 0.4900 (0.4981)  time: 1.4463  data: 1.0933  max mem: 11583
Epoch: [373]  [20/55]  eta: 0:00:40  lr: 0.000012  min_lr: 0.000012  loss: 0.4258 (0.4267)  loss_scale: 1048576.0000 (1048576.0000)  weight_decay: 0.0500 (0.0500)  grad_norm: 0.4799 (0.5122)  time: 0.7912  data: 0.4318  max mem: 11583
Epoch: [373]  [30/55]  eta: 0:00:25  lr: 0.000012  min_lr: 0.000012  loss: 0.4285 (0.4265)  loss_scale: 1048576.0000 (1048576.0000)  weight_decay: 0.0500 (0.0500)  grad_norm: 0.4811 (0.5206)  time: 0.8115  data: 0.4503  max mem: 11583
Epoch: [373]  [40/55]  eta: 0:00:14  lr: 0.000012  min_lr: 0.000012  loss: 0.4273 (0.4266)  loss_scale: 1048576.0000 (1048576.0000)  weight_decay: 0.0500 (0.0500)  grad_norm: 0.5122 (0.5293)  time: 0.8183  data: 0.4569  max mem: 11583
Epoch: [373]  [50/55]  eta: 0:00:04  lr: 0.000012  min_lr: 0.000012  loss: 0.4236 (0.4263)  loss_scale: 1048576.0000 (1048576.0000)  weight_decay: 0.0500 (0.0500)  grad_norm: 0.5145 (0.5229)  time: 0.8079  data: 0.4992  max mem: 11583
Epoch: [373]  [54/55]  eta: 0:00:00  lr: 0.000012  min_lr: 0.000012  loss: 0.4259 (0.4266)  loss_scale: 1048576.0000 (1048576.0000)  weight_decay: 0.0500 (0.0500)  grad_norm: 0.4840 (0.5166)  time: 0.7890  data: 0.4883  max mem: 11583
Epoch: [373] Total time: 0:00:49 (0.9038 s / it)
Averaged stats: lr: 0.000012  min_lr: 0.000012  loss: 0.4259 (0.4266)  loss_scale: 1048576.0000 (1048576.0000)  weight_decay: 0.0500 (0.0500)  grad_norm: 0.4840 (0.5166)
Epoch: [374]  [ 0/55]  eta: 0:07:08  lr: 0.000012  min_lr: 0.000012  loss: 0.4218 (0.4218)  loss_scale: 1048576.0000 (1048576.0000)  weight_decay: 0.0500 (0.0500)  grad_norm: 0.5847 (0.5847)  time: 7.7965  data: 7.4004  max mem: 11583
Epoch: [374]  [10/55]  eta: 0:01:03  lr: 0.000012  min_lr: 0.000012  loss: 0.4256 (0.4250)  loss_scale: 1048576.0000 (1048576.0000)  weight_decay: 0.0500 (0.0500)  grad_norm: 0.5796 (0.5734)  time: 1.4126  data: 1.0465  max mem: 11583
Epoch: [374]  [20/55]  eta: 0:00:38  lr: 0.000011  min_lr: 0.000011  loss: 0.4265 (0.4264)  loss_scale: 1048576.0000 (1048576.0000)  weight_decay: 0.0500 (0.0500)  grad_norm: 0.5796 (0.6021)  time: 0.7696  data: 0.4130  max mem: 11583
Epoch: [374]  [30/55]  eta: 0:00:25  lr: 0.000011  min_lr: 0.000011  loss: 0.4265 (0.4259)  loss_scale: 1048576.0000 (1048576.0000)  weight_decay: 0.0500 (0.0500)  grad_norm: 0.5592 (0.5892)  time: 0.7813  data: 0.4300  max mem: 11583
Epoch: [374]  [40/55]  eta: 0:00:14  lr: 0.000011  min_lr: 0.000011  loss: 0.4244 (0.4253)  loss_scale: 1048576.0000 (1048576.0000)  weight_decay: 0.0500 (0.0500)  grad_norm: 0.5271 (0.5698)  time: 0.8074  data: 0.4502  max mem: 11583
Epoch: [374]  [50/55]  eta: 0:00:04  lr: 0.000011  min_lr: 0.000011  loss: 0.4230 (0.4251)  loss_scale: 1048576.0000 (1048576.0000)  weight_decay: 0.0500 (0.0500)  grad_norm: 0.5033 (0.5617)  time: 0.8012  data: 0.4430  max mem: 11583
Epoch: [374]  [54/55]  eta: 0:00:00  lr: 0.000011  min_lr: 0.000011  loss: 0.4230 (0.4252)  loss_scale: 1048576.0000 (1048576.0000)  weight_decay: 0.0500 (0.0500)  grad_norm: 0.5100 (0.5576)  time: 0.7811  data: 0.4318  max mem: 11583
Epoch: [374] Total time: 0:00:49 (0.8927 s / it)
Averaged stats: lr: 0.000011  min_lr: 0.000011  loss: 0.4230 (0.4252)  loss_scale: 1048576.0000 (1048576.0000)  weight_decay: 0.0500 (0.0500)  grad_norm: 0.5100 (0.5576)
Epoch: [375]  [ 0/55]  eta: 0:07:15  lr: 0.000011  min_lr: 0.000011  loss: 0.4167 (0.4167)  loss_scale: 1048576.0000 (1048576.0000)  weight_decay: 0.0500 (0.0500)  grad_norm: 0.4313 (0.4313)  time: 7.9200  data: 7.5027  max mem: 11583
Epoch: [375]  [10/55]  eta: 0:01:04  lr: 0.000011  min_lr: 0.000011  loss: 0.4237 (0.4239)  loss_scale: 1048576.0000 (1048576.0000)  weight_decay: 0.0500 (0.0500)  grad_norm: 0.4749 (0.4807)  time: 1.4271  data: 1.0681  max mem: 11583
Epoch: [375]  [20/55]  eta: 0:00:39  lr: 0.000011  min_lr: 0.000011  loss: 0.4237 (0.4248)  loss_scale: 1048576.0000 (1048576.0000)  weight_decay: 0.0500 (0.0500)  grad_norm: 0.5138 (0.5119)  time: 0.7886  data: 0.4318  max mem: 11583
Epoch: [375]  [30/55]  eta: 0:00:25  lr: 0.000011  min_lr: 0.000011  loss: 0.4244 (0.4247)  loss_scale: 1048576.0000 (1048576.0000)  weight_decay: 0.0500 (0.0500)  grad_norm: 0.5138 (0.5043)  time: 0.7945  data: 0.4343  max mem: 11583
Epoch: [375]  [40/55]  eta: 0:00:14  lr: 0.000011  min_lr: 0.000011  loss: 0.4228 (0.4238)  loss_scale: 1048576.0000 (1048576.0000)  weight_decay: 0.0500 (0.0500)  grad_norm: 0.4809 (0.4990)  time: 0.7923  data: 0.4345  max mem: 11583
Epoch: [375]  [50/55]  eta: 0:00:04  lr: 0.000011  min_lr: 0.000011  loss: 0.4228 (0.4246)  loss_scale: 1048576.0000 (1048576.0000)  weight_decay: 0.0500 (0.0500)  grad_norm: 0.4936 (0.5050)  time: 0.7926  data: 0.4444  max mem: 11583
Epoch: [375]  [54/55]  eta: 0:00:00  lr: 0.000011  min_lr: 0.000011  loss: 0.4228 (0.4247)  loss_scale: 1048576.0000 (1048576.0000)  weight_decay: 0.0500 (0.0500)  grad_norm: 0.4939 (0.5085)  time: 0.7825  data: 0.4357  max mem: 11583
Epoch: [375] Total time: 0:00:49 (0.9003 s / it)
Averaged stats: lr: 0.000011  min_lr: 0.000011  loss: 0.4228 (0.4247)  loss_scale: 1048576.0000 (1048576.0000)  weight_decay: 0.0500 (0.0500)  grad_norm: 0.4939 (0.5085)
Epoch: [376]  [ 0/55]  eta: 0:07:35  lr: 0.000011  min_lr: 0.000011  loss: 0.4133 (0.4133)  loss_scale: 1048576.0000 (1048576.0000)  weight_decay: 0.0500 (0.0500)  grad_norm: 0.6208 (0.6208)  time: 8.2792  data: 7.9026  max mem: 11583
Epoch: [376]  [10/55]  eta: 0:01:05  lr: 0.000011  min_lr: 0.000011  loss: 0.4281 (0.4261)  loss_scale: 1048576.0000 (1048576.0000)  weight_decay: 0.0500 (0.0500)  grad_norm: 0.4790 (0.4927)  time: 1.4575  data: 1.0895  max mem: 11583
Epoch: [376]  [20/55]  eta: 0:00:39  lr: 0.000011  min_lr: 0.000011  loss: 0.4265 (0.4252)  loss_scale: 1048576.0000 (1048576.0000)  weight_decay: 0.0500 (0.0500)  grad_norm: 0.5105 (0.5710)  time: 0.7656  data: 0.4035  max mem: 11583
Epoch: [376]  [30/55]  eta: 0:00:25  lr: 0.000011  min_lr: 0.000011  loss: 0.4272 (0.4263)  loss_scale: 1048576.0000 (1048576.0000)  weight_decay: 0.0500 (0.0500)  grad_norm: 0.5141 (0.5483)  time: 0.7956  data: 0.4429  max mem: 11583
Epoch: [376]  [40/55]  eta: 0:00:14  lr: 0.000011  min_lr: 0.000011  loss: 0.4294 (0.4261)  loss_scale: 1048576.0000 (1048576.0000)  weight_decay: 0.0500 (0.0500)  grad_norm: 0.4619 (0.5269)  time: 0.8149  data: 0.4609  max mem: 11583
Epoch: [376]  [50/55]  eta: 0:00:04  lr: 0.000011  min_lr: 0.000011  loss: 0.4254 (0.4266)  loss_scale: 1048576.0000 (1048576.0000)  weight_decay: 0.0500 (0.0500)  grad_norm: 0.4576 (0.5142)  time: 0.7771  data: 0.4231  max mem: 11583
Epoch: [376]  [54/55]  eta: 0:00:00  lr: 0.000011  min_lr: 0.000011  loss: 0.4285 (0.4266)  loss_scale: 1048576.0000 (1048576.0000)  weight_decay: 0.0500 (0.0500)  grad_norm: 0.4586 (0.5120)  time: 0.7712  data: 0.4220  max mem: 11583
Epoch: [376] Total time: 0:00:49 (0.9054 s / it)
Averaged stats: lr: 0.000011  min_lr: 0.000011  loss: 0.4285 (0.4266)  loss_scale: 1048576.0000 (1048576.0000)  weight_decay: 0.0500 (0.0500)  grad_norm: 0.4586 (0.5120)
Epoch: [377]  [ 0/55]  eta: 0:07:27  lr: 0.000011  min_lr: 0.000011  loss: 0.4105 (0.4105)  loss_scale: 1048576.0000 (1048576.0000)  weight_decay: 0.0500 (0.0500)  grad_norm: 0.7606 (0.7606)  time: 8.1336  data: 7.7191  max mem: 11583
Epoch: [377]  [10/55]  eta: 0:01:04  lr: 0.000011  min_lr: 0.000011  loss: 0.4218 (0.4237)  loss_scale: 1048576.0000 (1048576.0000)  weight_decay: 0.0500 (0.0500)  grad_norm: 0.4607 (0.4868)  time: 1.4222  data: 1.0696  max mem: 11583
Epoch: [377]  [20/55]  eta: 0:00:39  lr: 0.000011  min_lr: 0.000011  loss: 0.4236 (0.4247)  loss_scale: 1048576.0000 (1048576.0000)  weight_decay: 0.0500 (0.0500)  grad_norm: 0.5008 (0.5339)  time: 0.7825  data: 0.4476  max mem: 11583
Epoch: [377]  [30/55]  eta: 0:00:25  lr: 0.000011  min_lr: 0.000011  loss: 0.4273 (0.4259)  loss_scale: 1048576.0000 (1048576.0000)  weight_decay: 0.0500 (0.0500)  grad_norm: 0.5224 (0.5232)  time: 0.7990  data: 0.4611  max mem: 11583
Epoch: [377]  [40/55]  eta: 0:00:14  lr: 0.000011  min_lr: 0.000011  loss: 0.4237 (0.4247)  loss_scale: 1048576.0000 (1048576.0000)  weight_decay: 0.0500 (0.0500)  grad_norm: 0.4754 (0.5092)  time: 0.7999  data: 0.4437  max mem: 11583
Epoch: [377]  [50/55]  eta: 0:00:04  lr: 0.000011  min_lr: 0.000011  loss: 0.4217 (0.4248)  loss_scale: 1048576.0000 (1048576.0000)  weight_decay: 0.0500 (0.0500)  grad_norm: 0.4985 (0.5134)  time: 0.7892  data: 0.4330  max mem: 11583
Epoch: [377]  [54/55]  eta: 0:00:00  lr: 0.000011  min_lr: 0.000011  loss: 0.4230 (0.4253)  loss_scale: 1048576.0000 (1048576.0000)  weight_decay: 0.0500 (0.0500)  grad_norm: 0.4985 (0.5095)  time: 0.7757  data: 0.4213  max mem: 11583
Epoch: [377] Total time: 0:00:49 (0.8924 s / it)
Averaged stats: lr: 0.000011  min_lr: 0.000011  loss: 0.4230 (0.4253)  loss_scale: 1048576.0000 (1048576.0000)  weight_decay: 0.0500 (0.0500)  grad_norm: 0.4985 (0.5095)
Epoch: [378]  [ 0/55]  eta: 0:07:17  lr: 0.000011  min_lr: 0.000011  loss: 0.4109 (0.4109)  loss_scale: 1048576.0000 (1048576.0000)  weight_decay: 0.0500 (0.0500)  grad_norm: 0.5218 (0.5218)  time: 7.9538  data: 7.5539  max mem: 11583
Epoch: [378]  [10/55]  eta: 0:01:04  lr: 0.000011  min_lr: 0.000011  loss: 0.4250 (0.4241)  loss_scale: 1048576.0000 (1048576.0000)  weight_decay: 0.0500 (0.0500)  grad_norm: 0.4924 (0.5133)  time: 1.4284  data: 1.0691  max mem: 11583
Epoch: [378]  [20/55]  eta: 0:00:39  lr: 0.000011  min_lr: 0.000011  loss: 0.4250 (0.4254)  loss_scale: 1048576.0000 (1048576.0000)  weight_decay: 0.0500 (0.0500)  grad_norm: 0.4924 (0.5172)  time: 0.7748  data: 0.4190  max mem: 11583
Epoch: [378]  [30/55]  eta: 0:00:25  lr: 0.000011  min_lr: 0.000011  loss: 0.4254 (0.4260)  loss_scale: 1048576.0000 (1048576.0000)  weight_decay: 0.0500 (0.0500)  grad_norm: 0.5021 (0.5127)  time: 0.8172  data: 0.4699  max mem: 11583
Epoch: [378]  [40/55]  eta: 0:00:14  lr: 0.000011  min_lr: 0.000011  loss: 0.4239 (0.4254)  loss_scale: 1048576.0000 (1048576.0000)  weight_decay: 0.0500 (0.0500)  grad_norm: 0.5157 (0.5327)  time: 0.8351  data: 0.4906  max mem: 11583
Epoch: [378]  [50/55]  eta: 0:00:04  lr: 0.000011  min_lr: 0.000011  loss: 0.4239 (0.4254)  loss_scale: 1048576.0000 (956054.5882)  weight_decay: 0.0500 (0.0500)  grad_norm: nan (nan)  time: 0.8098  data: 0.4608  max mem: 11583
Epoch: [378]  [54/55]  eta: 0:00:00  lr: 0.000011  min_lr: 0.000011  loss: 0.4218 (0.4253)  loss_scale: 524288.0000 (924653.3818)  weight_decay: 0.0500 (0.0500)  grad_norm: nan (nan)  time: 0.8012  data: 0.4525  max mem: 11583
Epoch: [378] Total time: 0:00:50 (0.9136 s / it)
Averaged stats: lr: 0.000011  min_lr: 0.000011  loss: 0.4218 (0.4253)  loss_scale: 524288.0000 (924653.3818)  weight_decay: 0.0500 (0.0500)  grad_norm: nan (nan)
Epoch: [379]  [ 0/55]  eta: 0:07:17  lr: 0.000011  min_lr: 0.000011  loss: 0.4201 (0.4201)  loss_scale: 524288.0000 (524288.0000)  weight_decay: 0.0500 (0.0500)  grad_norm: 0.6046 (0.6046)  time: 7.9611  data: 7.5396  max mem: 11583
Epoch: [379]  [10/55]  eta: 0:01:05  lr: 0.000011  min_lr: 0.000011  loss: 0.4233 (0.4226)  loss_scale: 524288.0000 (524288.0000)  weight_decay: 0.0500 (0.0500)  grad_norm: 0.5082 (0.4976)  time: 1.4644  data: 1.0944  max mem: 11583
Epoch: [379]  [20/55]  eta: 0:00:40  lr: 0.000011  min_lr: 0.000011  loss: 0.4256 (0.4240)  loss_scale: 524288.0000 (524288.0000)  weight_decay: 0.0500 (0.0500)  grad_norm: 0.4695 (0.4792)  time: 0.8064  data: 0.4409  max mem: 11583
Epoch: [379]  [30/55]  eta: 0:00:26  lr: 0.000011  min_lr: 0.000011  loss: 0.4278 (0.4251)  loss_scale: 524288.0000 (524288.0000)  weight_decay: 0.0500 (0.0500)  grad_norm: 0.4783 (0.5052)  time: 0.8178  data: 0.4529  max mem: 11583
Epoch: [379]  [40/55]  eta: 0:00:14  lr: 0.000011  min_lr: 0.000011  loss: 0.4215 (0.4235)  loss_scale: 524288.0000 (524288.0000)  weight_decay: 0.0500 (0.0500)  grad_norm: 0.4845 (0.5000)  time: 0.8255  data: 0.4614  max mem: 11583
Epoch: [379]  [50/55]  eta: 0:00:04  lr: 0.000011  min_lr: 0.000011  loss: 0.4185 (0.4235)  loss_scale: 524288.0000 (524288.0000)  weight_decay: 0.0500 (0.0500)  grad_norm: 0.4788 (0.4997)  time: 0.8020  data: 0.4411  max mem: 11583
Epoch: [379]  [54/55]  eta: 0:00:00  lr: 0.000011  min_lr: 0.000011  loss: 0.4185 (0.4237)  loss_scale: 524288.0000 (524288.0000)  weight_decay: 0.0500 (0.0500)  grad_norm: 0.4788 (0.5128)  time: 0.7845  data: 0.4339  max mem: 11583
Epoch: [379] Total time: 0:00:49 (0.9078 s / it)
Averaged stats: lr: 0.000011  min_lr: 0.000011  loss: 0.4185 (0.4237)  loss_scale: 524288.0000 (524288.0000)  weight_decay: 0.0500 (0.0500)  grad_norm: 0.4788 (0.5128)
Epoch: [380]  [ 0/55]  eta: 0:07:25  lr: 0.000011  min_lr: 0.000011  loss: 0.4188 (0.4188)  loss_scale: 524288.0000 (524288.0000)  weight_decay: 0.0500 (0.0500)  grad_norm: 0.8959 (0.8959)  time: 8.0911  data: 7.7153  max mem: 11583
Epoch: [380]  [10/55]  eta: 0:01:03  lr: 0.000011  min_lr: 0.000011  loss: 0.4297 (0.4260)  loss_scale: 524288.0000 (524288.0000)  weight_decay: 0.0500 (0.0500)  grad_norm: 0.4972 (0.5323)  time: 1.4112  data: 1.0579  max mem: 11583
Epoch: [380]  [20/55]  eta: 0:00:39  lr: 0.000011  min_lr: 0.000011  loss: 0.4281 (0.4264)  loss_scale: 524288.0000 (524288.0000)  weight_decay: 0.0500 (0.0500)  grad_norm: 0.4883 (0.5075)  time: 0.7849  data: 0.4328  max mem: 11583
Epoch: [380]  [30/55]  eta: 0:00:25  lr: 0.000011  min_lr: 0.000011  loss: 0.4258 (0.4256)  loss_scale: 524288.0000 (524288.0000)  weight_decay: 0.0500 (0.0500)  grad_norm: 0.4821 (0.4957)  time: 0.8016  data: 0.4462  max mem: 11583
Epoch: [380]  [40/55]  eta: 0:00:14  lr: 0.000011  min_lr: 0.000011  loss: 0.4211 (0.4246)  loss_scale: 524288.0000 (524288.0000)  weight_decay: 0.0500 (0.0500)  grad_norm: 0.4779 (0.5041)  time: 0.8063  data: 0.4436  max mem: 11583
Epoch: [380]  [50/55]  eta: 0:00:04  lr: 0.000011  min_lr: 0.000011  loss: 0.4240 (0.4248)  loss_scale: 524288.0000 (524288.0000)  weight_decay: 0.0500 (0.0500)  grad_norm: 0.4923 (0.5100)  time: 0.8128  data: 0.4520  max mem: 11583
Epoch: [380]  [54/55]  eta: 0:00:00  lr: 0.000011  min_lr: 0.000011  loss: 0.4236 (0.4246)  loss_scale: 524288.0000 (524288.0000)  weight_decay: 0.0500 (0.0500)  grad_norm: 0.4978 (0.5133)  time: 0.8018  data: 0.4467  max mem: 11583
Epoch: [380] Total time: 0:00:49 (0.9035 s / it)
Averaged stats: lr: 0.000011  min_lr: 0.000011  loss: 0.4236 (0.4246)  loss_scale: 524288.0000 (524288.0000)  weight_decay: 0.0500 (0.0500)  grad_norm: 0.4978 (0.5133)
Epoch: [381]  [ 0/55]  eta: 0:07:42  lr: 0.000011  min_lr: 0.000011  loss: 0.4171 (0.4171)  loss_scale: 524288.0000 (524288.0000)  weight_decay: 0.0500 (0.0500)  grad_norm: 0.4342 (0.4342)  time: 8.4039  data: 8.0107  max mem: 11583
Epoch: [381]  [10/55]  eta: 0:01:06  lr: 0.000011  min_lr: 0.000011  loss: 0.4256 (0.4275)  loss_scale: 524288.0000 (524288.0000)  weight_decay: 0.0500 (0.0500)  grad_norm: 0.5079 (0.5241)  time: 1.4680  data: 1.1055  max mem: 11583
Epoch: [381]  [20/55]  eta: 0:00:39  lr: 0.000011  min_lr: 0.000011  loss: 0.4252 (0.4249)  loss_scale: 524288.0000 (524288.0000)  weight_decay: 0.0500 (0.0500)  grad_norm: 0.5061 (0.5218)  time: 0.7619  data: 0.4052  max mem: 11583
Epoch: [381]  [30/55]  eta: 0:00:25  lr: 0.000011  min_lr: 0.000011  loss: 0.4242 (0.4240)  loss_scale: 524288.0000 (524288.0000)  weight_decay: 0.0500 (0.0500)  grad_norm: 0.4650 (0.4964)  time: 0.7685  data: 0.4664  max mem: 11583
Epoch: [381]  [40/55]  eta: 0:00:14  lr: 0.000011  min_lr: 0.000011  loss: 0.4226 (0.4237)  loss_scale: 524288.0000 (524288.0000)  weight_decay: 0.0500 (0.0500)  grad_norm: 0.4563 (0.5183)  time: 0.7956  data: 0.4867  max mem: 11583
Epoch: [381]  [50/55]  eta: 0:00:04  lr: 0.000011  min_lr: 0.000011  loss: 0.4226 (0.4243)  loss_scale: 524288.0000 (524288.0000)  weight_decay: 0.0500 (0.0500)  grad_norm: 0.4618 (0.5177)  time: 0.7817  data: 0.4227  max mem: 11583
Epoch: [381]  [54/55]  eta: 0:00:00  lr: 0.000011  min_lr: 0.000011  loss: 0.4232 (0.4243)  loss_scale: 524288.0000 (524288.0000)  weight_decay: 0.0500 (0.0500)  grad_norm: 0.4618 (0.5123)  time: 0.7620  data: 0.4123  max mem: 11583
Epoch: [381] Total time: 0:00:48 (0.8847 s / it)
Averaged stats: lr: 0.000011  min_lr: 0.000011  loss: 0.4232 (0.4243)  loss_scale: 524288.0000 (524288.0000)  weight_decay: 0.0500 (0.0500)  grad_norm: 0.4618 (0.5123)
Epoch: [382]  [ 0/55]  eta: 0:07:17  lr: 0.000011  min_lr: 0.000011  loss: 0.4236 (0.4236)  loss_scale: 524288.0000 (524288.0000)  weight_decay: 0.0500 (0.0500)  grad_norm: 0.4925 (0.4925)  time: 7.9630  data: 7.4792  max mem: 11583
Epoch: [382]  [10/55]  eta: 0:01:05  lr: 0.000011  min_lr: 0.000011  loss: 0.4267 (0.4283)  loss_scale: 524288.0000 (524288.0000)  weight_decay: 0.0500 (0.0500)  grad_norm: 0.4801 (0.4925)  time: 1.4646  data: 1.0907  max mem: 11583
Epoch: [382]  [20/55]  eta: 0:00:39  lr: 0.000011  min_lr: 0.000011  loss: 0.4267 (0.4274)  loss_scale: 524288.0000 (524288.0000)  weight_decay: 0.0500 (0.0500)  grad_norm: 0.4801 (0.4966)  time: 0.7907  data: 0.4287  max mem: 11583
Epoch: [382]  [30/55]  eta: 0:00:25  lr: 0.000011  min_lr: 0.000011  loss: 0.4264 (0.4273)  loss_scale: 524288.0000 (524288.0000)  weight_decay: 0.0500 (0.0500)  grad_norm: 0.4816 (0.5176)  time: 0.7762  data: 0.4176  max mem: 11583
Epoch: [382]  [40/55]  eta: 0:00:14  lr: 0.000011  min_lr: 0.000011  loss: 0.4248 (0.4259)  loss_scale: 524288.0000 (524288.0000)  weight_decay: 0.0500 (0.0500)  grad_norm: 0.5228 (0.5368)  time: 0.8365  data: 0.4672  max mem: 11583
Epoch: [382]  [50/55]  eta: 0:00:04  lr: 0.000011  min_lr: 0.000011  loss: 0.4232 (0.4263)  loss_scale: 524288.0000 (524288.0000)  weight_decay: 0.0500 (0.0500)  grad_norm: 0.5622 (0.5371)  time: 0.8349  data: 0.4726  max mem: 11583
Epoch: [382]  [54/55]  eta: 0:00:00  lr: 0.000011  min_lr: 0.000011  loss: 0.4232 (0.4261)  loss_scale: 524288.0000 (524288.0000)  weight_decay: 0.0500 (0.0500)  grad_norm: 0.5322 (0.5330)  time: 0.7993  data: 0.4511  max mem: 11583
Epoch: [382] Total time: 0:00:49 (0.9060 s / it)
Averaged stats: lr: 0.000011  min_lr: 0.000011  loss: 0.4232 (0.4261)  loss_scale: 524288.0000 (524288.0000)  weight_decay: 0.0500 (0.0500)  grad_norm: 0.5322 (0.5330)
Epoch: [383]  [ 0/55]  eta: 0:07:21  lr: 0.000011  min_lr: 0.000011  loss: 0.4089 (0.4089)  loss_scale: 524288.0000 (524288.0000)  weight_decay: 0.0500 (0.0500)  grad_norm: 0.5503 (0.5503)  time: 8.0235  data: 7.5740  max mem: 11583
Epoch: [383]  [10/55]  eta: 0:01:04  lr: 0.000011  min_lr: 0.000011  loss: 0.4229 (0.4235)  loss_scale: 524288.0000 (524288.0000)  weight_decay: 0.0500 (0.0500)  grad_norm: 0.4657 (0.4975)  time: 1.4307  data: 1.0679  max mem: 11583
Epoch: [383]  [20/55]  eta: 0:00:40  lr: 0.000011  min_lr: 0.000011  loss: 0.4245 (0.4238)  loss_scale: 524288.0000 (524288.0000)  weight_decay: 0.0500 (0.0500)  grad_norm: 0.4865 (0.5114)  time: 0.8285  data: 0.4644  max mem: 11583
Epoch: [383]  [30/55]  eta: 0:00:26  lr: 0.000011  min_lr: 0.000011  loss: 0.4237 (0.4242)  loss_scale: 524288.0000 (524288.0000)  weight_decay: 0.0500 (0.0500)  grad_norm: 0.4959 (0.5138)  time: 0.8376  data: 0.4708  max mem: 11583
Epoch: [383]  [40/55]  eta: 0:00:14  lr: 0.000011  min_lr: 0.000011  loss: 0.4215 (0.4235)  loss_scale: 524288.0000 (524288.0000)  weight_decay: 0.0500 (0.0500)  grad_norm: 0.5142 (0.5182)  time: 0.8027  data: 0.4401  max mem: 11583
Epoch: [383]  [50/55]  eta: 0:00:04  lr: 0.000011  min_lr: 0.000011  loss: 0.4200 (0.4248)  loss_scale: 524288.0000 (524288.0000)  weight_decay: 0.0500 (0.0500)  grad_norm: 0.5142 (0.5309)  time: 0.7876  data: 0.4338  max mem: 11583
Epoch: [383]  [54/55]  eta: 0:00:00  lr: 0.000011  min_lr: 0.000011  loss: 0.4200 (0.4247)  loss_scale: 524288.0000 (524288.0000)  weight_decay: 0.0500 (0.0500)  grad_norm: 0.4886 (0.5262)  time: 0.7695  data: 0.4197  max mem: 11583
Epoch: [383] Total time: 0:00:49 (0.9040 s / it)
Averaged stats: lr: 0.000011  min_lr: 0.000011  loss: 0.4200 (0.4247)  loss_scale: 524288.0000 (524288.0000)  weight_decay: 0.0500 (0.0500)  grad_norm: 0.4886 (0.5262)
Epoch: [384]  [ 0/55]  eta: 0:07:35  lr: 0.000011  min_lr: 0.000011  loss: 0.4088 (0.4088)  loss_scale: 524288.0000 (524288.0000)  weight_decay: 0.0500 (0.0500)  grad_norm: 0.5095 (0.5095)  time: 8.2737  data: 7.9094  max mem: 11583
Epoch: [384]  [10/55]  eta: 0:01:04  lr: 0.000011  min_lr: 0.000011  loss: 0.4227 (0.4221)  loss_scale: 524288.0000 (524288.0000)  weight_decay: 0.0500 (0.0500)  grad_norm: 0.5033 (0.4954)  time: 1.4432  data: 1.0911  max mem: 11583
Epoch: [384]  [20/55]  eta: 0:00:39  lr: 0.000011  min_lr: 0.000011  loss: 0.4227 (0.4226)  loss_scale: 524288.0000 (524288.0000)  weight_decay: 0.0500 (0.0500)  grad_norm: 0.4878 (0.4924)  time: 0.7760  data: 0.4194  max mem: 11583
Epoch: [384]  [30/55]  eta: 0:00:25  lr: 0.000011  min_lr: 0.000011  loss: 0.4240 (0.4239)  loss_scale: 524288.0000 (524288.0000)  weight_decay: 0.0500 (0.0500)  grad_norm: 0.4878 (0.5094)  time: 0.7976  data: 0.4391  max mem: 11583
Epoch: [384]  [40/55]  eta: 0:00:14  lr: 0.000011  min_lr: 0.000011  loss: 0.4240 (0.4239)  loss_scale: 524288.0000 (524288.0000)  weight_decay: 0.0500 (0.0500)  grad_norm: 0.5113 (0.5183)  time: 0.8050  data: 0.4486  max mem: 11583
Epoch: [384]  [50/55]  eta: 0:00:04  lr: 0.000011  min_lr: 0.000011  loss: 0.4247 (0.4245)  loss_scale: 524288.0000 (524288.0000)  weight_decay: 0.0500 (0.0500)  grad_norm: 0.4827 (0.5099)  time: 0.8192  data: 0.4812  max mem: 11583
Epoch: [384]  [54/55]  eta: 0:00:00  lr: 0.000011  min_lr: 0.000011  loss: 0.4245 (0.4247)  loss_scale: 524288.0000 (524288.0000)  weight_decay: 0.0500 (0.0500)  grad_norm: 0.4705 (0.5102)  time: 0.8004  data: 0.4659  max mem: 11583
Epoch: [384] Total time: 0:00:49 (0.9031 s / it)
Averaged stats: lr: 0.000011  min_lr: 0.000011  loss: 0.4245 (0.4247)  loss_scale: 524288.0000 (524288.0000)  weight_decay: 0.0500 (0.0500)  grad_norm: 0.4705 (0.5102)
Epoch: [385]  [ 0/55]  eta: 0:07:28  lr: 0.000011  min_lr: 0.000011  loss: 0.4233 (0.4233)  loss_scale: 524288.0000 (524288.0000)  weight_decay: 0.0500 (0.0500)  grad_norm: 0.5679 (0.5679)  time: 8.1632  data: 7.6398  max mem: 11583
Epoch: [385]  [10/55]  eta: 0:01:08  lr: 0.000010  min_lr: 0.000010  loss: 0.4245 (0.4260)  loss_scale: 524288.0000 (524288.0000)  weight_decay: 0.0500 (0.0500)  grad_norm: 0.4678 (0.4960)  time: 1.5265  data: 1.1383  max mem: 11583
Epoch: [385]  [20/55]  eta: 0:00:40  lr: 0.000010  min_lr: 0.000010  loss: 0.4245 (0.4251)  loss_scale: 524288.0000 (524288.0000)  weight_decay: 0.0500 (0.0500)  grad_norm: 0.4676 (0.5030)  time: 0.8135  data: 0.4446  max mem: 11583
Epoch: [385]  [30/55]  eta: 0:00:26  lr: 0.000010  min_lr: 0.000010  loss: 0.4237 (0.4243)  loss_scale: 524288.0000 (524288.0000)  weight_decay: 0.0500 (0.0500)  grad_norm: 0.4528 (0.4893)  time: 0.8138  data: 0.4464  max mem: 11583
Epoch: [385]  [40/55]  eta: 0:00:15  lr: 0.000010  min_lr: 0.000010  loss: 0.4221 (0.4237)  loss_scale: 524288.0000 (524288.0000)  weight_decay: 0.0500 (0.0500)  grad_norm: 0.4528 (0.4885)  time: 0.8447  data: 0.4760  max mem: 11583
Epoch: [385]  [50/55]  eta: 0:00:04  lr: 0.000010  min_lr: 0.000010  loss: 0.4232 (0.4243)  loss_scale: 524288.0000 (524288.0000)  weight_decay: 0.0500 (0.0500)  grad_norm: 0.5314 (0.5389)  time: 0.8108  data: 0.4553  max mem: 11583
Epoch: [385]  [54/55]  eta: 0:00:00  lr: 0.000010  min_lr: 0.000010  loss: 0.4232 (0.4241)  loss_scale: 524288.0000 (524288.0000)  weight_decay: 0.0500 (0.0500)  grad_norm: 0.5930 (0.5392)  time: 0.7864  data: 0.4392  max mem: 11583
Epoch: [385] Total time: 0:00:50 (0.9218 s / it)
Averaged stats: lr: 0.000010  min_lr: 0.000010  loss: 0.4232 (0.4241)  loss_scale: 524288.0000 (524288.0000)  weight_decay: 0.0500 (0.0500)  grad_norm: 0.5930 (0.5392)
Epoch: [386]  [ 0/55]  eta: 0:07:11  lr: 0.000010  min_lr: 0.000010  loss: 0.4209 (0.4209)  loss_scale: 524288.0000 (524288.0000)  weight_decay: 0.0500 (0.0500)  grad_norm: 0.4986 (0.4986)  time: 7.8528  data: 7.4279  max mem: 11583
Epoch: [386]  [10/55]  eta: 0:01:04  lr: 0.000010  min_lr: 0.000010  loss: 0.4266 (0.4257)  loss_scale: 524288.0000 (524288.0000)  weight_decay: 0.0500 (0.0500)  grad_norm: 0.5101 (0.5480)  time: 1.4275  data: 1.0696  max mem: 11583
Epoch: [386]  [20/55]  eta: 0:00:38  lr: 0.000010  min_lr: 0.000010  loss: 0.4229 (0.4240)  loss_scale: 524288.0000 (524288.0000)  weight_decay: 0.0500 (0.0500)  grad_norm: 0.5158 (0.5401)  time: 0.7675  data: 0.4137  max mem: 11583
Epoch: [386]  [30/55]  eta: 0:00:25  lr: 0.000010  min_lr: 0.000010  loss: 0.4227 (0.4245)  loss_scale: 524288.0000 (524288.0000)  weight_decay: 0.0500 (0.0500)  grad_norm: 0.4700 (0.5185)  time: 0.7651  data: 0.4058  max mem: 11583
Epoch: [386]  [40/55]  eta: 0:00:14  lr: 0.000010  min_lr: 0.000010  loss: 0.4227 (0.4239)  loss_scale: 524288.0000 (524288.0000)  weight_decay: 0.0500 (0.0500)  grad_norm: 0.4866 (0.5300)  time: 0.8150  data: 0.4567  max mem: 11583
Epoch: [386]  [50/55]  eta: 0:00:04  lr: 0.000010  min_lr: 0.000010  loss: 0.4225 (0.4240)  loss_scale: 524288.0000 (524288.0000)  weight_decay: 0.0500 (0.0500)  grad_norm: 0.5247 (0.5208)  time: 0.7998  data: 0.4495  max mem: 11583
Epoch: [386]  [54/55]  eta: 0:00:00  lr: 0.000010  min_lr: 0.000010  loss: 0.4227 (0.4242)  loss_scale: 524288.0000 (524288.0000)  weight_decay: 0.0500 (0.0500)  grad_norm: 0.4713 (0.5159)  time: 0.7780  data: 0.4318  max mem: 11583
Epoch: [386] Total time: 0:00:49 (0.9052 s / it)
Averaged stats: lr: 0.000010  min_lr: 0.000010  loss: 0.4227 (0.4242)  loss_scale: 524288.0000 (524288.0000)  weight_decay: 0.0500 (0.0500)  grad_norm: 0.4713 (0.5159)
Epoch: [387]  [ 0/55]  eta: 0:07:21  lr: 0.000010  min_lr: 0.000010  loss: 0.4157 (0.4157)  loss_scale: 524288.0000 (524288.0000)  weight_decay: 0.0500 (0.0500)  grad_norm: 0.5398 (0.5398)  time: 8.0184  data: 7.6177  max mem: 11583
Epoch: [387]  [10/55]  eta: 0:01:03  lr: 0.000010  min_lr: 0.000010  loss: 0.4207 (0.4213)  loss_scale: 524288.0000 (524288.0000)  weight_decay: 0.0500 (0.0500)  grad_norm: 0.5315 (0.5255)  time: 1.4152  data: 1.0471  max mem: 11583
Epoch: [387]  [20/55]  eta: 0:00:39  lr: 0.000010  min_lr: 0.000010  loss: 0.4207 (0.4220)  loss_scale: 524288.0000 (524288.0000)  weight_decay: 0.0500 (0.0500)  grad_norm: 0.4856 (0.5000)  time: 0.7955  data: 0.4229  max mem: 11583
Epoch: [387]  [30/55]  eta: 0:00:25  lr: 0.000010  min_lr: 0.000010  loss: 0.4237 (0.4233)  loss_scale: 524288.0000 (524288.0000)  weight_decay: 0.0500 (0.0500)  grad_norm: 0.4536 (0.4849)  time: 0.8109  data: 0.4396  max mem: 11583
Epoch: [387]  [40/55]  eta: 0:00:14  lr: 0.000010  min_lr: 0.000010  loss: 0.4228 (0.4225)  loss_scale: 524288.0000 (524288.0000)  weight_decay: 0.0500 (0.0500)  grad_norm: 0.4440 (0.4795)  time: 0.7949  data: 0.4391  max mem: 11583
Epoch: [387]  [50/55]  eta: 0:00:04  lr: 0.000010  min_lr: 0.000010  loss: 0.4228 (0.4234)  loss_scale: 524288.0000 (524288.0000)  weight_decay: 0.0500 (0.0500)  grad_norm: 0.4440 (0.4787)  time: 0.7863  data: 0.4386  max mem: 11583
Epoch: [387]  [54/55]  eta: 0:00:00  lr: 0.000010  min_lr: 0.000010  loss: 0.4228 (0.4236)  loss_scale: 524288.0000 (524288.0000)  weight_decay: 0.0500 (0.0500)  grad_norm: 0.4806 (0.4775)  time: 0.7900  data: 0.4437  max mem: 11583
Epoch: [387] Total time: 0:00:50 (0.9137 s / it)
Averaged stats: lr: 0.000010  min_lr: 0.000010  loss: 0.4228 (0.4236)  loss_scale: 524288.0000 (524288.0000)  weight_decay: 0.0500 (0.0500)  grad_norm: 0.4806 (0.4775)
Epoch: [388]  [ 0/55]  eta: 0:07:53  lr: 0.000010  min_lr: 0.000010  loss: 0.4181 (0.4181)  loss_scale: 524288.0000 (524288.0000)  weight_decay: 0.0500 (0.0500)  grad_norm: 0.4243 (0.4243)  time: 8.6126  data: 8.2119  max mem: 11583
Epoch: [388]  [10/55]  eta: 0:01:06  lr: 0.000010  min_lr: 0.000010  loss: 0.4255 (0.4251)  loss_scale: 524288.0000 (524288.0000)  weight_decay: 0.0500 (0.0500)  grad_norm: 0.5084 (0.5070)  time: 1.4706  data: 1.1115  max mem: 11583
Epoch: [388]  [20/55]  eta: 0:00:40  lr: 0.000010  min_lr: 0.000010  loss: 0.4275 (0.4260)  loss_scale: 524288.0000 (524288.0000)  weight_decay: 0.0500 (0.0500)  grad_norm: 0.5024 (0.5071)  time: 0.7722  data: 0.4120  max mem: 11583
Epoch: [388]  [30/55]  eta: 0:00:26  lr: 0.000010  min_lr: 0.000010  loss: 0.4275 (0.4253)  loss_scale: 524288.0000 (524288.0000)  weight_decay: 0.0500 (0.0500)  grad_norm: 0.4995 (0.5061)  time: 0.8221  data: 0.4613  max mem: 11583
Epoch: [388]  [40/55]  eta: 0:00:14  lr: 0.000010  min_lr: 0.000010  loss: 0.4256 (0.4251)  loss_scale: 524288.0000 (524288.0000)  weight_decay: 0.0500 (0.0500)  grad_norm: 0.5101 (0.5109)  time: 0.8260  data: 0.4678  max mem: 11583
Epoch: [388]  [50/55]  eta: 0:00:04  lr: 0.000010  min_lr: 0.000010  loss: 0.4259 (0.4253)  loss_scale: 524288.0000 (524288.0000)  weight_decay: 0.0500 (0.0500)  grad_norm: 0.5101 (0.5087)  time: 0.8021  data: 0.4451  max mem: 11583
Epoch: [388]  [54/55]  eta: 0:00:00  lr: 0.000010  min_lr: 0.000010  loss: 0.4259 (0.4255)  loss_scale: 524288.0000 (524288.0000)  weight_decay: 0.0500 (0.0500)  grad_norm: 0.5203 (0.5102)  time: 0.7932  data: 0.4380  max mem: 11583
Epoch: [388] Total time: 0:00:50 (0.9115 s / it)
Averaged stats: lr: 0.000010  min_lr: 0.000010  loss: 0.4259 (0.4255)  loss_scale: 524288.0000 (524288.0000)  weight_decay: 0.0500 (0.0500)  grad_norm: 0.5203 (0.5102)
Epoch: [389]  [ 0/55]  eta: 0:07:28  lr: 0.000010  min_lr: 0.000010  loss: 0.4128 (0.4128)  loss_scale: 524288.0000 (524288.0000)  weight_decay: 0.0500 (0.0500)  grad_norm: 0.4049 (0.4049)  time: 8.1477  data: 7.7083  max mem: 11583
Epoch: [389]  [10/55]  eta: 0:01:06  lr: 0.000010  min_lr: 0.000010  loss: 0.4247 (0.4228)  loss_scale: 524288.0000 (524288.0000)  weight_decay: 0.0500 (0.0500)  grad_norm: 0.4402 (0.4764)  time: 1.4794  data: 1.2138  max mem: 11583
Epoch: [389]  [20/55]  eta: 0:00:40  lr: 0.000010  min_lr: 0.000010  loss: 0.4247 (0.4240)  loss_scale: 524288.0000 (524288.0000)  weight_decay: 0.0500 (0.0500)  grad_norm: 0.4402 (0.4596)  time: 0.7964  data: 0.4934  max mem: 11583
Epoch: [389]  [30/55]  eta: 0:00:25  lr: 0.000010  min_lr: 0.000010  loss: 0.4260 (0.4253)  loss_scale: 524288.0000 (524288.0000)  weight_decay: 0.0500 (0.0500)  grad_norm: 0.4712 (0.6515)  time: 0.7949  data: 0.4355  max mem: 11583
Epoch: [389]  [40/55]  eta: 0:00:14  lr: 0.000010  min_lr: 0.000010  loss: 0.4248 (0.4249)  loss_scale: 524288.0000 (524288.0000)  weight_decay: 0.0500 (0.0500)  grad_norm: 0.5200 (0.6135)  time: 0.8046  data: 0.4501  max mem: 11583
Epoch: [389]  [50/55]  eta: 0:00:04  lr: 0.000010  min_lr: 0.000010  loss: 0.4242 (0.4250)  loss_scale: 524288.0000 (524288.0000)  weight_decay: 0.0500 (0.0500)  grad_norm: 0.4773 (0.5899)  time: 0.7950  data: 0.4490  max mem: 11583
Epoch: [389]  [54/55]  eta: 0:00:00  lr: 0.000010  min_lr: 0.000010  loss: 0.4236 (0.4251)  loss_scale: 524288.0000 (524288.0000)  weight_decay: 0.0500 (0.0500)  grad_norm: 0.4667 (0.5798)  time: 0.7574  data: 0.4311  max mem: 11583
Epoch: [389] Total time: 0:00:49 (0.8989 s / it)
Averaged stats: lr: 0.000010  min_lr: 0.000010  loss: 0.4236 (0.4251)  loss_scale: 524288.0000 (524288.0000)  weight_decay: 0.0500 (0.0500)  grad_norm: 0.4667 (0.5798)
Epoch: [390]  [ 0/55]  eta: 0:07:20  lr: 0.000010  min_lr: 0.000010  loss: 0.4120 (0.4120)  loss_scale: 524288.0000 (524288.0000)  weight_decay: 0.0500 (0.0500)  grad_norm: 0.4523 (0.4523)  time: 8.0086  data: 7.6147  max mem: 11583
Epoch: [390]  [10/55]  eta: 0:01:05  lr: 0.000010  min_lr: 0.000010  loss: 0.4261 (0.4248)  loss_scale: 524288.0000 (524288.0000)  weight_decay: 0.0500 (0.0500)  grad_norm: 0.5122 (0.5174)  time: 1.4612  data: 1.0861  max mem: 11583
Epoch: [390]  [20/55]  eta: 0:00:39  lr: 0.000010  min_lr: 0.000010  loss: 0.4223 (0.4245)  loss_scale: 524288.0000 (524288.0000)  weight_decay: 0.0500 (0.0500)  grad_norm: 0.4772 (0.4889)  time: 0.7816  data: 0.4187  max mem: 11583
Epoch: [390]  [30/55]  eta: 0:00:25  lr: 0.000010  min_lr: 0.000010  loss: 0.4217 (0.4242)  loss_scale: 524288.0000 (524288.0000)  weight_decay: 0.0500 (0.0500)  grad_norm: 0.4619 (0.4907)  time: 0.7631  data: 0.4106  max mem: 11583
Epoch: [390]  [40/55]  eta: 0:00:14  lr: 0.000010  min_lr: 0.000010  loss: 0.4205 (0.4227)  loss_scale: 524288.0000 (524288.0000)  weight_decay: 0.0500 (0.0500)  grad_norm: 0.4619 (0.4879)  time: 0.7964  data: 0.4410  max mem: 11583
Epoch: [390]  [50/55]  eta: 0:00:04  lr: 0.000010  min_lr: 0.000010  loss: 0.4195 (0.4228)  loss_scale: 524288.0000 (524288.0000)  weight_decay: 0.0500 (0.0500)  grad_norm: 0.4912 (0.4907)  time: 0.7991  data: 0.4447  max mem: 11583
Epoch: [390]  [54/55]  eta: 0:00:00  lr: 0.000010  min_lr: 0.000010  loss: 0.4202 (0.4228)  loss_scale: 524288.0000 (524288.0000)  weight_decay: 0.0500 (0.0500)  grad_norm: 0.5075 (0.5098)  time: 0.7863  data: 0.4334  max mem: 11583
Epoch: [390] Total time: 0:00:49 (0.8981 s / it)
Averaged stats: lr: 0.000010  min_lr: 0.000010  loss: 0.4202 (0.4228)  loss_scale: 524288.0000 (524288.0000)  weight_decay: 0.0500 (0.0500)  grad_norm: 0.5075 (0.5098)
Epoch: [391]  [ 0/55]  eta: 0:07:38  lr: 0.000010  min_lr: 0.000010  loss: 0.4104 (0.4104)  loss_scale: 524288.0000 (524288.0000)  weight_decay: 0.0500 (0.0500)  grad_norm: 0.4916 (0.4916)  time: 8.3414  data: 7.9095  max mem: 11583
Epoch: [391]  [10/55]  eta: 0:01:05  lr: 0.000010  min_lr: 0.000010  loss: 0.4256 (0.4247)  loss_scale: 524288.0000 (524288.0000)  weight_decay: 0.0500 (0.0500)  grad_norm: 0.4565 (0.4684)  time: 1.4449  data: 1.0815  max mem: 11583
Epoch: [391]  [20/55]  eta: 0:00:39  lr: 0.000010  min_lr: 0.000010  loss: 0.4256 (0.4256)  loss_scale: 524288.0000 (524288.0000)  weight_decay: 0.0500 (0.0500)  grad_norm: 0.4604 (0.4697)  time: 0.7771  data: 0.4235  max mem: 11583
Epoch: [391]  [30/55]  eta: 0:00:25  lr: 0.000010  min_lr: 0.000010  loss: 0.4260 (0.4256)  loss_scale: 524288.0000 (524288.0000)  weight_decay: 0.0500 (0.0500)  grad_norm: 0.4716 (0.4957)  time: 0.8099  data: 0.4530  max mem: 11583
Epoch: [391]  [40/55]  eta: 0:00:14  lr: 0.000010  min_lr: 0.000010  loss: 0.4230 (0.4245)  loss_scale: 524288.0000 (524288.0000)  weight_decay: 0.0500 (0.0500)  grad_norm: 0.4883 (0.4997)  time: 0.8055  data: 0.4460  max mem: 11583
Epoch: [391]  [50/55]  eta: 0:00:04  lr: 0.000010  min_lr: 0.000010  loss: 0.4201 (0.4245)  loss_scale: 524288.0000 (524288.0000)  weight_decay: 0.0500 (0.0500)  grad_norm: 0.4947 (0.4984)  time: 0.8003  data: 0.4555  max mem: 11583
Epoch: [391]  [54/55]  eta: 0:00:00  lr: 0.000010  min_lr: 0.000010  loss: 0.4208 (0.4247)  loss_scale: 524288.0000 (524288.0000)  weight_decay: 0.0500 (0.0500)  grad_norm: 0.4628 (0.4941)  time: 0.7829  data: 0.4394  max mem: 11583
Epoch: [391] Total time: 0:00:49 (0.9011 s / it)
Averaged stats: lr: 0.000010  min_lr: 0.000010  loss: 0.4208 (0.4247)  loss_scale: 524288.0000 (524288.0000)  weight_decay: 0.0500 (0.0500)  grad_norm: 0.4628 (0.4941)
Epoch: [392]  [ 0/55]  eta: 0:07:15  lr: 0.000010  min_lr: 0.000010  loss: 0.4235 (0.4235)  loss_scale: 524288.0000 (524288.0000)  weight_decay: 0.0500 (0.0500)  grad_norm: 0.4856 (0.4856)  time: 7.9265  data: 7.5694  max mem: 11583
Epoch: [392]  [10/55]  eta: 0:01:06  lr: 0.000010  min_lr: 0.000010  loss: 0.4235 (0.4248)  loss_scale: 524288.0000 (524288.0000)  weight_decay: 0.0500 (0.0500)  grad_norm: 0.4856 (0.4859)  time: 1.4870  data: 1.1129  max mem: 11583
Epoch: [392]  [20/55]  eta: 0:00:40  lr: 0.000010  min_lr: 0.000010  loss: 0.4260 (0.4251)  loss_scale: 524288.0000 (524288.0000)  weight_decay: 0.0500 (0.0500)  grad_norm: 0.4970 (0.5042)  time: 0.8045  data: 0.4347  max mem: 11583
Epoch: [392]  [30/55]  eta: 0:00:25  lr: 0.000010  min_lr: 0.000010  loss: 0.4276 (0.4254)  loss_scale: 524288.0000 (524288.0000)  weight_decay: 0.0500 (0.0500)  grad_norm: 0.5328 (0.5237)  time: 0.7909  data: 0.4337  max mem: 11583
Epoch: [392]  [40/55]  eta: 0:00:14  lr: 0.000010  min_lr: 0.000010  loss: 0.4222 (0.4239)  loss_scale: 524288.0000 (524288.0000)  weight_decay: 0.0500 (0.0500)  grad_norm: 0.5145 (0.5184)  time: 0.8097  data: 0.4530  max mem: 11583
Epoch: [392]  [50/55]  eta: 0:00:04  lr: 0.000010  min_lr: 0.000010  loss: 0.4212 (0.4241)  loss_scale: 524288.0000 (524288.0000)  weight_decay: 0.0500 (0.0500)  grad_norm: 0.4619 (0.5104)  time: 0.7995  data: 0.4447  max mem: 11583
Epoch: [392]  [54/55]  eta: 0:00:00  lr: 0.000010  min_lr: 0.000010  loss: 0.4226 (0.4242)  loss_scale: 524288.0000 (524288.0000)  weight_decay: 0.0500 (0.0500)  grad_norm: 0.4594 (0.5080)  time: 0.7846  data: 0.4359  max mem: 11583
Epoch: [392] Total time: 0:00:49 (0.9026 s / it)
Averaged stats: lr: 0.000010  min_lr: 0.000010  loss: 0.4226 (0.4242)  loss_scale: 524288.0000 (524288.0000)  weight_decay: 0.0500 (0.0500)  grad_norm: 0.4594 (0.5080)
Epoch: [393]  [ 0/55]  eta: 0:07:23  lr: 0.000010  min_lr: 0.000010  loss: 0.4156 (0.4156)  loss_scale: 524288.0000 (524288.0000)  weight_decay: 0.0500 (0.0500)  grad_norm: 0.5613 (0.5613)  time: 8.0560  data: 7.6591  max mem: 11583
Epoch: [393]  [10/55]  eta: 0:01:06  lr: 0.000010  min_lr: 0.000010  loss: 0.4260 (0.4269)  loss_scale: 524288.0000 (524288.0000)  weight_decay: 0.0500 (0.0500)  grad_norm: 0.5218 (0.5244)  time: 1.4747  data: 1.1007  max mem: 11583
Epoch: [393]  [20/55]  eta: 0:00:40  lr: 0.000010  min_lr: 0.000010  loss: 0.4260 (0.4243)  loss_scale: 524288.0000 (524288.0000)  weight_decay: 0.0500 (0.0500)  grad_norm: 0.5101 (0.5256)  time: 0.7999  data: 0.4305  max mem: 11583
Epoch: [393]  [30/55]  eta: 0:00:25  lr: 0.000010  min_lr: 0.000010  loss: 0.4216 (0.4228)  loss_scale: 524288.0000 (524288.0000)  weight_decay: 0.0500 (0.0500)  grad_norm: 0.5101 (0.5396)  time: 0.7995  data: 0.4341  max mem: 11583
Epoch: [393]  [40/55]  eta: 0:00:15  lr: 0.000010  min_lr: 0.000010  loss: 0.4181 (0.4220)  loss_scale: 524288.0000 (524288.0000)  weight_decay: 0.0500 (0.0500)  grad_norm: 0.5090 (0.5279)  time: 0.8498  data: 0.4930  max mem: 11583
Epoch: [393]  [50/55]  eta: 0:00:04  lr: 0.000010  min_lr: 0.000010  loss: 0.4220 (0.4227)  loss_scale: 524288.0000 (524288.0000)  weight_decay: 0.0500 (0.0500)  grad_norm: 0.5380 (0.5366)  time: 0.8253  data: 0.4775  max mem: 11583
Epoch: [393]  [54/55]  eta: 0:00:00  lr: 0.000010  min_lr: 0.000010  loss: 0.4220 (0.4228)  loss_scale: 524288.0000 (524288.0000)  weight_decay: 0.0500 (0.0500)  grad_norm: 0.5570 (0.5452)  time: 0.8091  data: 0.4667  max mem: 11583
Epoch: [393] Total time: 0:00:50 (0.9122 s / it)
Averaged stats: lr: 0.000010  min_lr: 0.000010  loss: 0.4220 (0.4228)  loss_scale: 524288.0000 (524288.0000)  weight_decay: 0.0500 (0.0500)  grad_norm: 0.5570 (0.5452)
Epoch: [394]  [ 0/55]  eta: 0:07:52  lr: 0.000010  min_lr: 0.000010  loss: 0.4075 (0.4075)  loss_scale: 524288.0000 (524288.0000)  weight_decay: 0.0500 (0.0500)  grad_norm: 0.4858 (0.4858)  time: 8.5874  data: 8.1923  max mem: 11583
Epoch: [394]  [10/55]  eta: 0:01:06  lr: 0.000010  min_lr: 0.000010  loss: 0.4205 (0.4222)  loss_scale: 524288.0000 (524288.0000)  weight_decay: 0.0500 (0.0500)  grad_norm: 0.4944 (0.5102)  time: 1.4711  data: 1.1057  max mem: 11583
Epoch: [394]  [20/55]  eta: 0:00:40  lr: 0.000010  min_lr: 0.000010  loss: 0.4219 (0.4224)  loss_scale: 524288.0000 (524288.0000)  weight_decay: 0.0500 (0.0500)  grad_norm: 0.4944 (0.5038)  time: 0.7793  data: 0.4198  max mem: 11583
Epoch: [394]  [30/55]  eta: 0:00:26  lr: 0.000010  min_lr: 0.000010  loss: 0.4241 (0.4229)  loss_scale: 524288.0000 (524288.0000)  weight_decay: 0.0500 (0.0500)  grad_norm: 0.4977 (0.5220)  time: 0.8079  data: 0.4460  max mem: 11583
Epoch: [394]  [40/55]  eta: 0:00:14  lr: 0.000010  min_lr: 0.000010  loss: 0.4197 (0.4213)  loss_scale: 524288.0000 (524288.0000)  weight_decay: 0.0500 (0.0500)  grad_norm: 0.5039 (0.5183)  time: 0.8125  data: 0.4528  max mem: 11583
Epoch: [394]  [50/55]  eta: 0:00:04  lr: 0.000010  min_lr: 0.000010  loss: 0.4191 (0.4215)  loss_scale: 524288.0000 (524288.0000)  weight_decay: 0.0500 (0.0500)  grad_norm: 0.5039 (0.5323)  time: 0.7894  data: 0.4390  max mem: 11583
Epoch: [394]  [54/55]  eta: 0:00:00  lr: 0.000010  min_lr: 0.000010  loss: 0.4194 (0.4216)  loss_scale: 524288.0000 (524288.0000)  weight_decay: 0.0500 (0.0500)  grad_norm: 0.5000 (0.5300)  time: 0.7897  data: 0.4389  max mem: 11583
Epoch: [394] Total time: 0:00:49 (0.9020 s / it)
Averaged stats: lr: 0.000010  min_lr: 0.000010  loss: 0.4194 (0.4216)  loss_scale: 524288.0000 (524288.0000)  weight_decay: 0.0500 (0.0500)  grad_norm: 0.5000 (0.5300)
Epoch: [395]  [ 0/55]  eta: 0:07:24  lr: 0.000010  min_lr: 0.000010  loss: 0.4105 (0.4105)  loss_scale: 524288.0000 (524288.0000)  weight_decay: 0.0500 (0.0500)  grad_norm: 0.4845 (0.4845)  time: 8.0815  data: 7.6848  max mem: 11583
Epoch: [395]  [10/55]  eta: 0:01:05  lr: 0.000010  min_lr: 0.000010  loss: 0.4236 (0.4219)  loss_scale: 524288.0000 (524288.0000)  weight_decay: 0.0500 (0.0500)  grad_norm: 0.5393 (0.5326)  time: 1.4445  data: 1.0809  max mem: 11583
Epoch: [395]  [20/55]  eta: 0:00:39  lr: 0.000010  min_lr: 0.000010  loss: 0.4236 (0.4231)  loss_scale: 524288.0000 (524288.0000)  weight_decay: 0.0500 (0.0500)  grad_norm: 0.4822 (0.5032)  time: 0.7825  data: 0.4225  max mem: 11583
Epoch: [395]  [30/55]  eta: 0:00:25  lr: 0.000010  min_lr: 0.000010  loss: 0.4249 (0.4232)  loss_scale: 524288.0000 (524288.0000)  weight_decay: 0.0500 (0.0500)  grad_norm: 0.5017 (0.5546)  time: 0.8139  data: 0.4679  max mem: 11583
Epoch: [395]  [40/55]  eta: 0:00:14  lr: 0.000010  min_lr: 0.000010  loss: 0.4230 (0.4229)  loss_scale: 524288.0000 (524288.0000)  weight_decay: 0.0500 (0.0500)  grad_norm: 0.5727 (0.5644)  time: 0.8176  data: 0.4730  max mem: 11583
Epoch: [395]  [50/55]  eta: 0:00:04  lr: 0.000010  min_lr: 0.000010  loss: 0.4216 (0.4232)  loss_scale: 524288.0000 (524288.0000)  weight_decay: 0.0500 (0.0500)  grad_norm: 0.5367 (0.5504)  time: 0.7974  data: 0.4456  max mem: 11583
Epoch: [395]  [54/55]  eta: 0:00:00  lr: 0.000010  min_lr: 0.000010  loss: 0.4213 (0.4232)  loss_scale: 524288.0000 (524288.0000)  weight_decay: 0.0500 (0.0500)  grad_norm: 0.5223 (0.5566)  time: 0.7775  data: 0.4327  max mem: 11583
Epoch: [395] Total time: 0:00:49 (0.9047 s / it)
Averaged stats: lr: 0.000010  min_lr: 0.000010  loss: 0.4213 (0.4232)  loss_scale: 524288.0000 (524288.0000)  weight_decay: 0.0500 (0.0500)  grad_norm: 0.5223 (0.5566)
Epoch: [396]  [ 0/55]  eta: 0:07:13  lr: 0.000010  min_lr: 0.000010  loss: 0.4172 (0.4172)  loss_scale: 524288.0000 (524288.0000)  weight_decay: 0.0500 (0.0500)  grad_norm: 0.5251 (0.5251)  time: 7.8895  data: 7.4851  max mem: 11583
Epoch: [396]  [10/55]  eta: 0:01:05  lr: 0.000010  min_lr: 0.000010  loss: 0.4250 (0.4254)  loss_scale: 524288.0000 (524288.0000)  weight_decay: 0.0500 (0.0500)  grad_norm: 0.4507 (0.4613)  time: 1.4554  data: 1.0885  max mem: 11583
Epoch: [396]  [20/55]  eta: 0:00:39  lr: 0.000010  min_lr: 0.000010  loss: 0.4250 (0.4262)  loss_scale: 524288.0000 (524288.0000)  weight_decay: 0.0500 (0.0500)  grad_norm: 0.4507 (0.4743)  time: 0.7946  data: 0.4361  max mem: 11583
Epoch: [396]  [30/55]  eta: 0:00:25  lr: 0.000010  min_lr: 0.000010  loss: 0.4243 (0.4255)  loss_scale: 524288.0000 (524288.0000)  weight_decay: 0.0500 (0.0500)  grad_norm: 0.5130 (0.5014)  time: 0.7905  data: 0.4403  max mem: 11583
Epoch: [396]  [40/55]  eta: 0:00:14  lr: 0.000010  min_lr: 0.000010  loss: 0.4248 (0.4251)  loss_scale: 524288.0000 (524288.0000)  weight_decay: 0.0500 (0.0500)  grad_norm: 0.5112 (0.5081)  time: 0.8419  data: 0.4800  max mem: 11583
Epoch: [396]  [50/55]  eta: 0:00:04  lr: 0.000010  min_lr: 0.000010  loss: 0.4252 (0.4256)  loss_scale: 524288.0000 (524288.0000)  weight_decay: 0.0500 (0.0500)  grad_norm: 0.5091 (0.5126)  time: 0.8279  data: 0.4664  max mem: 11583
Epoch: [396]  [54/55]  eta: 0:00:00  lr: 0.000010  min_lr: 0.000010  loss: 0.4245 (0.4254)  loss_scale: 524288.0000 (524288.0000)  weight_decay: 0.0500 (0.0500)  grad_norm: 0.4930 (0.5083)  time: 0.7901  data: 0.4404  max mem: 11583
Epoch: [396] Total time: 0:00:49 (0.9063 s / it)
Averaged stats: lr: 0.000010  min_lr: 0.000010  loss: 0.4245 (0.4254)  loss_scale: 524288.0000 (524288.0000)  weight_decay: 0.0500 (0.0500)  grad_norm: 0.4930 (0.5083)
Epoch: [397]  [ 0/55]  eta: 0:07:35  lr: 0.000010  min_lr: 0.000010  loss: 0.4292 (0.4292)  loss_scale: 524288.0000 (524288.0000)  weight_decay: 0.0500 (0.0500)  grad_norm: 0.4790 (0.4790)  time: 8.2856  data: 7.9003  max mem: 11583
Epoch: [397]  [10/55]  eta: 0:01:04  lr: 0.000010  min_lr: 0.000010  loss: 0.4256 (0.4265)  loss_scale: 524288.0000 (524288.0000)  weight_decay: 0.0500 (0.0500)  grad_norm: 0.4824 (0.5607)  time: 1.4411  data: 1.0860  max mem: 11583
Epoch: [397]  [20/55]  eta: 0:00:39  lr: 0.000010  min_lr: 0.000010  loss: 0.4256 (0.4263)  loss_scale: 524288.0000 (524288.0000)  weight_decay: 0.0500 (0.0500)  grad_norm: 0.5045 (0.5460)  time: 0.7711  data: 0.4394  max mem: 11583
Epoch: [397]  [30/55]  eta: 0:00:25  lr: 0.000010  min_lr: 0.000010  loss: 0.4269 (0.4260)  loss_scale: 524288.0000 (524288.0000)  weight_decay: 0.0500 (0.0500)  grad_norm: 0.5045 (0.5395)  time: 0.7898  data: 0.4542  max mem: 11583
Epoch: [397]  [40/55]  eta: 0:00:14  lr: 0.000010  min_lr: 0.000010  loss: 0.4236 (0.4249)  loss_scale: 524288.0000 (524288.0000)  weight_decay: 0.0500 (0.0500)  grad_norm: 0.5164 (0.5545)  time: 0.8048  data: 0.4444  max mem: 11583
Epoch: [397]  [50/55]  eta: 0:00:04  lr: 0.000010  min_lr: 0.000010  loss: 0.4243 (0.4253)  loss_scale: 524288.0000 (524288.0000)  weight_decay: 0.0500 (0.0500)  grad_norm: 0.5169 (0.5503)  time: 0.7966  data: 0.4415  max mem: 11583
Epoch: [397]  [54/55]  eta: 0:00:00  lr: 0.000010  min_lr: 0.000010  loss: 0.4239 (0.4250)  loss_scale: 524288.0000 (524288.0000)  weight_decay: 0.0500 (0.0500)  grad_norm: 0.5164 (0.5464)  time: 0.7997  data: 0.4415  max mem: 11583
Epoch: [397] Total time: 0:00:49 (0.8941 s / it)
Averaged stats: lr: 0.000010  min_lr: 0.000010  loss: 0.4239 (0.4250)  loss_scale: 524288.0000 (524288.0000)  weight_decay: 0.0500 (0.0500)  grad_norm: 0.5164 (0.5464)
Epoch: [398]  [ 0/55]  eta: 0:07:10  lr: 0.000010  min_lr: 0.000010  loss: 0.4256 (0.4256)  loss_scale: 524288.0000 (524288.0000)  weight_decay: 0.0500 (0.0500)  grad_norm: 0.4440 (0.4440)  time: 7.8308  data: 7.4178  max mem: 11583
Epoch: [398]  [10/55]  eta: 0:01:04  lr: 0.000010  min_lr: 0.000010  loss: 0.4255 (0.4239)  loss_scale: 524288.0000 (524288.0000)  weight_decay: 0.0500 (0.0500)  grad_norm: 0.4724 (0.4743)  time: 1.4409  data: 1.0766  max mem: 11583
Epoch: [398]  [20/55]  eta: 0:00:39  lr: 0.000010  min_lr: 0.000010  loss: 0.4210 (0.4238)  loss_scale: 524288.0000 (524288.0000)  weight_decay: 0.0500 (0.0500)  grad_norm: 0.4567 (0.5012)  time: 0.7845  data: 0.4271  max mem: 11583
Epoch: [398]  [30/55]  eta: 0:00:25  lr: 0.000010  min_lr: 0.000010  loss: 0.4212 (0.4232)  loss_scale: 524288.0000 (524288.0000)  weight_decay: 0.0500 (0.0500)  grad_norm: 0.4661 (0.4968)  time: 0.7805  data: 0.4250  max mem: 11583
Epoch: [398]  [40/55]  eta: 0:00:14  lr: 0.000010  min_lr: 0.000010  loss: 0.4229 (0.4230)  loss_scale: 524288.0000 (524288.0000)  weight_decay: 0.0500 (0.0500)  grad_norm: 0.4935 (0.5143)  time: 0.8149  data: 0.4559  max mem: 11583
Epoch: [398]  [50/55]  eta: 0:00:04  lr: 0.000010  min_lr: 0.000010  loss: 0.4244 (0.4234)  loss_scale: 524288.0000 (524288.0000)  weight_decay: 0.0500 (0.0500)  grad_norm: 0.5045 (0.5135)  time: 0.8031  data: 0.4509  max mem: 11583
Epoch: [398]  [54/55]  eta: 0:00:00  lr: 0.000010  min_lr: 0.000010  loss: 0.4244 (0.4233)  loss_scale: 524288.0000 (524288.0000)  weight_decay: 0.0500 (0.0500)  grad_norm: 0.4996 (0.5135)  time: 0.7905  data: 0.4461  max mem: 11583
Epoch: [398] Total time: 0:00:49 (0.8942 s / it)
Averaged stats: lr: 0.000010  min_lr: 0.000010  loss: 0.4244 (0.4233)  loss_scale: 524288.0000 (524288.0000)  weight_decay: 0.0500 (0.0500)  grad_norm: 0.4996 (0.5135)
Epoch: [399]  [ 0/55]  eta: 0:07:52  lr: 0.000010  min_lr: 0.000010  loss: 0.4176 (0.4176)  loss_scale: 524288.0000 (524288.0000)  weight_decay: 0.0500 (0.0500)  grad_norm: 0.3586 (0.3586)  time: 8.5848  data: 8.1840  max mem: 11583
Epoch: [399]  [10/55]  eta: 0:01:06  lr: 0.000010  min_lr: 0.000010  loss: 0.4225 (0.4236)  loss_scale: 524288.0000 (524288.0000)  weight_decay: 0.0500 (0.0500)  grad_norm: 0.4643 (0.4707)  time: 1.4856  data: 1.1217  max mem: 11583
Epoch: [399]  [20/55]  eta: 0:00:40  lr: 0.000010  min_lr: 0.000010  loss: 0.4225 (0.4239)  loss_scale: 524288.0000 (524288.0000)  weight_decay: 0.0500 (0.0500)  grad_norm: 0.4868 (0.4915)  time: 0.7911  data: 0.4318  max mem: 11583
Epoch: [399]  [30/55]  eta: 0:00:26  lr: 0.000010  min_lr: 0.000010  loss: 0.4248 (0.4247)  loss_scale: 524288.0000 (524288.0000)  weight_decay: 0.0500 (0.0500)  grad_norm: 0.4868 (0.4873)  time: 0.8053  data: 0.4485  max mem: 11583
Epoch: [399]  [40/55]  eta: 0:00:14  lr: 0.000010  min_lr: 0.000010  loss: 0.4192 (0.4223)  loss_scale: 524288.0000 (524288.0000)  weight_decay: 0.0500 (0.0500)  grad_norm: 0.4489 (0.4823)  time: 0.8183  data: 0.4611  max mem: 11583
Epoch: [399]  [50/55]  eta: 0:00:04  lr: 0.000010  min_lr: 0.000010  loss: 0.4191 (0.4232)  loss_scale: 524288.0000 (524288.0000)  weight_decay: 0.0500 (0.0500)  grad_norm: 0.4363 (0.4965)  time: 0.8276  data: 0.4686  max mem: 11583
Epoch: [399]  [54/55]  eta: 0:00:00  lr: 0.000010  min_lr: 0.000010  loss: 0.4220 (0.4234)  loss_scale: 524288.0000 (524288.0000)  weight_decay: 0.0500 (0.0500)  grad_norm: 0.4553 (0.4945)  time: 0.8278  data: 0.4685  max mem: 11583
Epoch: [399] Total time: 0:00:50 (0.9178 s / it)
Averaged stats: lr: 0.000010  min_lr: 0.000010  loss: 0.4220 (0.4234)  loss_scale: 524288.0000 (524288.0000)  weight_decay: 0.0500 (0.0500)  grad_norm: 0.4553 (0.4945)
Training time 5:49:15
